ISO-10303-21;
HEADER;
FILE_DESCRIPTION(('FreeCAD Model'),'2;1');
FILE_NAME('Open CASCADE Shape Model','2026-07-16T10:29:07',('Author'),(
    ''),'Open CASCADE STEP processor 7.9','FreeCAD','Unknown');
FILE_SCHEMA(('AUTOMOTIVE_DESIGN { 1 0 10303 214 1 1 1 1 }'));
ENDSEC;
DATA;
#1 = APPLICATION_PROTOCOL_DEFINITION('international standard',
  'automotive_design',2000,#2);
#2 = APPLICATION_CONTEXT(
  'core data for automotive mechanical design processes');
#3 = SHAPE_DEFINITION_REPRESENTATION(#4,#10);
#4 = PRODUCT_DEFINITION_SHAPE('','',#5);
#5 = PRODUCT_DEFINITION('design','',#6,#9);
#6 = PRODUCT_DEFINITION_FORMATION('','',#7);
#7 = PRODUCT('Body','Body','',(#8));
#8 = PRODUCT_CONTEXT('',#2,'mechanical');
#9 = PRODUCT_DEFINITION_CONTEXT('part definition',#2,'design');
#10 = ADVANCED_BREP_SHAPE_REPRESENTATION('',(#11,#15),#10300);
#11 = AXIS2_PLACEMENT_3D('',#12,#13,#14);
#12 = CARTESIAN_POINT('',(0.,0.,0.));
#13 = DIRECTION('',(0.,0.,1.));
#14 = DIRECTION('',(1.,0.,-0.));
#15 = MANIFOLD_SOLID_BREP('',#16);
#16 = CLOSED_SHELL('',(#17,#584,#673,#764,#839,#977,#1037,#1087,#1178,
    #1234,#1367,#1422,#1472,#1528,#1584,#1639,#1694,#1861,#1917,#1944,
    #2000,#2101,#2377,#2413,#2556,#2915,#2964,#2992,#3052,#3106,#3381,
    #3417,#3467,#3516,#3544,#3593,#3643,#3693,#3720,#3769,#3818,#3846,
    #3874,#3902,#3930,#4014,#4100,#4163,#4219,#4267,#4322,#4329,#4378,
    #4385,#4441,#4510,#4560,#4588,#4616,#4644,#4672,#4700,#4707,#4714,
    #4742,#4792,#4820,#4870,#4921,#4979,#5007,#5070,#5097,#5477,#5870,
    #5954,#5981,#6019,#6054,#6138,#6188,#6244,#6299,#6349,#6405,#6461,
    #6520,#6575,#6704,#6760,#6787,#6837,#6887,#6938,#6989,#7039,#7089,
    #7140,#7191,#7218,#7245,#7272,#7891,#8461,#8488,#8515,#8542,#8569,
    #8596,#8603,#8630,#8657,#8664,#8729,#8848,#9001,#9155,#9285,#9425,
    #9495,#9540,#9593,#10141,#10215,#10222,#10267,#10293));
#17 = ADVANCED_FACE('',(#18),#32,.F.);
#18 = FACE_BOUND('',#19,.F.);
#19 = EDGE_LOOP('',(#20,#55,#83,#111,#139,#172,#200,#233,#261,#289,#317,
    #350,#378,#411,#439,#467,#495,#523));
#20 = ORIENTED_EDGE('',*,*,#21,.T.);
#21 = EDGE_CURVE('',#22,#24,#26,.T.);
#22 = VERTEX_POINT('',#23);
#23 = CARTESIAN_POINT('',(6.5,13.,16.5));
#24 = VERTEX_POINT('',#25);
#25 = CARTESIAN_POINT('',(0.2,13.,16.5));
#26 = SURFACE_CURVE('',#27,(#31,#43),.PCURVE_S1.);
#27 = LINE('',#28,#29);
#28 = CARTESIAN_POINT('',(18.,13.,16.5));
#29 = VECTOR('',#30,1.);
#30 = DIRECTION('',(-1.,-0.,-0.));
#31 = PCURVE('',#32,#37);
#32 = PLANE('',#33);
#33 = AXIS2_PLACEMENT_3D('',#34,#35,#36);
#34 = CARTESIAN_POINT('',(18.,14.5,16.5));
#35 = DIRECTION('',(0.,0.,1.));
#36 = DIRECTION('',(0.,-1.,0.));
#37 = DEFINITIONAL_REPRESENTATION('',(#38),#42);
#38 = LINE('',#39,#40);
#39 = CARTESIAN_POINT('',(1.5,0.));
#40 = VECTOR('',#41,1.);
#41 = DIRECTION('',(0.,-1.));
#42 = ( GEOMETRIC_REPRESENTATION_CONTEXT(2) 
PARAMETRIC_REPRESENTATION_CONTEXT() REPRESENTATION_CONTEXT('2D SPACE',''
  ) );
#43 = PCURVE('',#44,#49);
#44 = CYLINDRICAL_SURFACE('',#45,1.5);
#45 = AXIS2_PLACEMENT_3D('',#46,#47,#48);
#46 = CARTESIAN_POINT('',(18.,13.,15.));
#47 = DIRECTION('',(-1.,-0.,-0.));
#48 = DIRECTION('',(0.,0.,1.));
#49 = DEFINITIONAL_REPRESENTATION('',(#50),#54);
#50 = LINE('',#51,#52);
#51 = CARTESIAN_POINT('',(0.,0.));
#52 = VECTOR('',#53,1.);
#53 = DIRECTION('',(0.,1.));
#54 = ( GEOMETRIC_REPRESENTATION_CONTEXT(2) 
PARAMETRIC_REPRESENTATION_CONTEXT() REPRESENTATION_CONTEXT('2D SPACE',''
  ) );
#55 = ORIENTED_EDGE('',*,*,#56,.T.);
#56 = EDGE_CURVE('',#24,#57,#59,.T.);
#57 = VERTEX_POINT('',#58);
#58 = CARTESIAN_POINT('',(0.2,0.,16.5));
#59 = SURFACE_CURVE('',#60,(#64,#71),.PCURVE_S1.);
#60 = LINE('',#61,#62);
#61 = CARTESIAN_POINT('',(0.2,13.,16.5));
#62 = VECTOR('',#63,1.);
#63 = DIRECTION('',(0.,-1.,0.));
#64 = PCURVE('',#32,#65);
#65 = DEFINITIONAL_REPRESENTATION('',(#66),#70);
#66 = LINE('',#67,#68);
#67 = CARTESIAN_POINT('',(1.5,-17.8));
#68 = VECTOR('',#69,1.);
#69 = DIRECTION('',(1.,0.));
#70 = ( GEOMETRIC_REPRESENTATION_CONTEXT(2) 
PARAMETRIC_REPRESENTATION_CONTEXT() REPRESENTATION_CONTEXT('2D SPACE',''
  ) );
#71 = PCURVE('',#72,#77);
#72 = CYLINDRICAL_SURFACE('',#73,0.2);
#73 = AXIS2_PLACEMENT_3D('',#74,#75,#76);
#74 = CARTESIAN_POINT('',(0.2,13.,16.7));
#75 = DIRECTION('',(0.,-1.,0.));
#76 = DIRECTION('',(0.,0.,-1.));
#77 = DEFINITIONAL_REPRESENTATION('',(#78),#82);
#78 = LINE('',#79,#80);
#79 = CARTESIAN_POINT('',(-0.,0.));
#80 = VECTOR('',#81,1.);
#81 = DIRECTION('',(-0.,1.));
#82 = ( GEOMETRIC_REPRESENTATION_CONTEXT(2) 
PARAMETRIC_REPRESENTATION_CONTEXT() REPRESENTATION_CONTEXT('2D SPACE',''
  ) );
#83 = ORIENTED_EDGE('',*,*,#84,.F.);
#84 = EDGE_CURVE('',#85,#57,#87,.T.);
#85 = VERTEX_POINT('',#86);
#86 = CARTESIAN_POINT('',(1.3,0.,16.5));
#87 = SURFACE_CURVE('',#88,(#92,#99),.PCURVE_S1.);
#88 = LINE('',#89,#90);
#89 = CARTESIAN_POINT('',(18.,0.,16.5));
#90 = VECTOR('',#91,1.);
#91 = DIRECTION('',(-1.,-0.,-0.));
#92 = PCURVE('',#32,#93);
#93 = DEFINITIONAL_REPRESENTATION('',(#94),#98);
#94 = LINE('',#95,#96);
#95 = CARTESIAN_POINT('',(14.5,0.));
#96 = VECTOR('',#97,1.);
#97 = DIRECTION('',(0.,-1.));
#98 = ( GEOMETRIC_REPRESENTATION_CONTEXT(2) 
PARAMETRIC_REPRESENTATION_CONTEXT() REPRESENTATION_CONTEXT('2D SPACE',''
  ) );
#99 = PCURVE('',#100,#105);
#100 = PLANE('',#101);
#101 = AXIS2_PLACEMENT_3D('',#102,#103,#104);
#102 = CARTESIAN_POINT('',(0.,0.,0.));
#103 = DIRECTION('',(0.,1.,0.));
#104 = DIRECTION('',(1.,0.,0.));
#105 = DEFINITIONAL_REPRESENTATION('',(#106),#110);
#106 = LINE('',#107,#108);
#107 = CARTESIAN_POINT('',(18.,-16.5));
#108 = VECTOR('',#109,1.);
#109 = DIRECTION('',(-1.,0.));
#110 = ( GEOMETRIC_REPRESENTATION_CONTEXT(2) 
PARAMETRIC_REPRESENTATION_CONTEXT() REPRESENTATION_CONTEXT('2D SPACE',''
  ) );
#111 = ORIENTED_EDGE('',*,*,#112,.T.);
#112 = EDGE_CURVE('',#85,#113,#115,.T.);
#113 = VERTEX_POINT('',#114);
#114 = CARTESIAN_POINT('',(1.3,3.5,16.5));
#115 = SURFACE_CURVE('',#116,(#120,#127),.PCURVE_S1.);
#116 = LINE('',#117,#118);
#117 = CARTESIAN_POINT('',(1.3,0.,16.5));
#118 = VECTOR('',#119,1.);
#119 = DIRECTION('',(0.,1.,0.));
#120 = PCURVE('',#32,#121);
#121 = DEFINITIONAL_REPRESENTATION('',(#122),#126);
#122 = LINE('',#123,#124);
#123 = CARTESIAN_POINT('',(14.5,-16.7));
#124 = VECTOR('',#125,1.);
#125 = DIRECTION('',(-1.,0.));
#126 = ( GEOMETRIC_REPRESENTATION_CONTEXT(2) 
PARAMETRIC_REPRESENTATION_CONTEXT() REPRESENTATION_CONTEXT('2D SPACE',''
  ) );
#127 = PCURVE('',#128,#133);
#128 = CYLINDRICAL_SURFACE('',#129,0.2);
#129 = AXIS2_PLACEMENT_3D('',#130,#131,#132);
#130 = CARTESIAN_POINT('',(1.3,0.,16.7));
#131 = DIRECTION('',(0.,1.,0.));
#132 = DIRECTION('',(0.,0.,-1.));
#133 = DEFINITIONAL_REPRESENTATION('',(#134),#138);
#134 = LINE('',#135,#136);
#135 = CARTESIAN_POINT('',(-0.,0.));
#136 = VECTOR('',#137,1.);
#137 = DIRECTION('',(-0.,1.));
#138 = ( GEOMETRIC_REPRESENTATION_CONTEXT(2) 
PARAMETRIC_REPRESENTATION_CONTEXT() REPRESENTATION_CONTEXT('2D SPACE',''
  ) );
#139 = ORIENTED_EDGE('',*,*,#140,.T.);
#140 = EDGE_CURVE('',#113,#141,#143,.T.);
#141 = VERTEX_POINT('',#142);
#142 = CARTESIAN_POINT('',(2.,4.2,16.5));
#143 = SURFACE_CURVE('',#144,(#149,#160),.PCURVE_S1.);
#144 = CIRCLE('',#145,0.7);
#145 = AXIS2_PLACEMENT_3D('',#146,#147,#148);
#146 = CARTESIAN_POINT('',(2.,3.5,16.5));
#147 = DIRECTION('',(0.,0.,-1.));
#148 = DIRECTION('',(-1.,0.,0.));
#149 = PCURVE('',#32,#150);
#150 = DEFINITIONAL_REPRESENTATION('',(#151),#159);
#151 = ( BOUNDED_CURVE() B_SPLINE_CURVE(2,(#152,#153,#154,#155,#156,#157
,#158),.UNSPECIFIED.,.T.,.F.) B_SPLINE_CURVE_WITH_KNOTS((1,2,2,2,2,1),(
    -2.094395102393,0.,2.094395102393,4.188790204786,6.28318530718,
8.377580409573),.UNSPECIFIED.) CURVE() GEOMETRIC_REPRESENTATION_ITEM() 
RATIONAL_B_SPLINE_CURVE((1.,0.5,1.,0.5,1.,0.5,1.)) REPRESENTATION_ITEM(
  '') );
#152 = CARTESIAN_POINT('',(11.,-16.7));
#153 = CARTESIAN_POINT('',(9.787564434702,-16.7));
#154 = CARTESIAN_POINT('',(10.393782217351,-15.65));
#155 = CARTESIAN_POINT('',(11.,-14.6));
#156 = CARTESIAN_POINT('',(11.606217782649,-15.65));
#157 = CARTESIAN_POINT('',(12.212435565298,-16.7));
#158 = CARTESIAN_POINT('',(11.,-16.7));
#159 = ( GEOMETRIC_REPRESENTATION_CONTEXT(2) 
PARAMETRIC_REPRESENTATION_CONTEXT() REPRESENTATION_CONTEXT('2D SPACE',''
  ) );
#160 = PCURVE('',#161,#166);
#161 = TOROIDAL_SURFACE('',#162,0.7,0.2);
#162 = AXIS2_PLACEMENT_3D('',#163,#164,#165);
#163 = CARTESIAN_POINT('',(2.,3.5,16.7));
#164 = DIRECTION('',(0.,0.,-1.));
#165 = DIRECTION('',(-1.,0.,0.));
#166 = DEFINITIONAL_REPRESENTATION('',(#167),#171);
#167 = LINE('',#168,#169);
#168 = CARTESIAN_POINT('',(0.,1.570796326795));
#169 = VECTOR('',#170,1.);
#170 = DIRECTION('',(1.,0.));
#171 = ( GEOMETRIC_REPRESENTATION_CONTEXT(2) 
PARAMETRIC_REPRESENTATION_CONTEXT() REPRESENTATION_CONTEXT('2D SPACE',''
  ) );
#172 = ORIENTED_EDGE('',*,*,#173,.T.);
#173 = EDGE_CURVE('',#141,#174,#176,.T.);
#174 = VERTEX_POINT('',#175);
#175 = CARTESIAN_POINT('',(7.75,4.2,16.5));
#176 = SURFACE_CURVE('',#177,(#181,#188),.PCURVE_S1.);
#177 = LINE('',#178,#179);
#178 = CARTESIAN_POINT('',(2.,4.2,16.5));
#179 = VECTOR('',#180,1.);
#180 = DIRECTION('',(1.,0.,0.));
#181 = PCURVE('',#32,#182);
#182 = DEFINITIONAL_REPRESENTATION('',(#183),#187);
#183 = LINE('',#184,#185);
#184 = CARTESIAN_POINT('',(10.3,-16.));
#185 = VECTOR('',#186,1.);
#186 = DIRECTION('',(0.,1.));
#187 = ( GEOMETRIC_REPRESENTATION_CONTEXT(2) 
PARAMETRIC_REPRESENTATION_CONTEXT() REPRESENTATION_CONTEXT('2D SPACE',''
  ) );
#188 = PCURVE('',#189,#194);
#189 = CYLINDRICAL_SURFACE('',#190,0.2);
#190 = AXIS2_PLACEMENT_3D('',#191,#192,#193);
#191 = CARTESIAN_POINT('',(2.,4.2,16.7));
#192 = DIRECTION('',(1.,0.,0.));
#193 = DIRECTION('',(0.,0.,-1.));
#194 = DEFINITIONAL_REPRESENTATION('',(#195),#199);
#195 = LINE('',#196,#197);
#196 = CARTESIAN_POINT('',(-0.,0.));
#197 = VECTOR('',#198,1.);
#198 = DIRECTION('',(-0.,1.));
#199 = ( GEOMETRIC_REPRESENTATION_CONTEXT(2) 
PARAMETRIC_REPRESENTATION_CONTEXT() REPRESENTATION_CONTEXT('2D SPACE',''
  ) );
#200 = ORIENTED_EDGE('',*,*,#201,.T.);
#201 = EDGE_CURVE('',#174,#202,#204,.T.);
#202 = VERTEX_POINT('',#203);
#203 = CARTESIAN_POINT('',(8.45,3.5,16.5));
#204 = SURFACE_CURVE('',#205,(#210,#221),.PCURVE_S1.);
#205 = CIRCLE('',#206,0.7);
#206 = AXIS2_PLACEMENT_3D('',#207,#208,#209);
#207 = CARTESIAN_POINT('',(7.75,3.5,16.5));
#208 = DIRECTION('',(0.,0.,-1.));
#209 = DIRECTION('',(0.,1.,0.));
#210 = PCURVE('',#32,#211);
#211 = DEFINITIONAL_REPRESENTATION('',(#212),#220);
#212 = ( BOUNDED_CURVE() B_SPLINE_CURVE(2,(#213,#214,#215,#216,#217,#218
,#219),.UNSPECIFIED.,.T.,.F.) B_SPLINE_CURVE_WITH_KNOTS((1,2,2,2,2,1),(
    -2.094395102393,0.,2.094395102393,4.188790204786,6.28318530718,
8.377580409573),.UNSPECIFIED.) CURVE() GEOMETRIC_REPRESENTATION_ITEM() 
RATIONAL_B_SPLINE_CURVE((1.,0.5,1.,0.5,1.,0.5,1.)) REPRESENTATION_ITEM(
  '') );
#213 = CARTESIAN_POINT('',(10.3,-10.25));
#214 = CARTESIAN_POINT('',(10.3,-9.037564434702));
#215 = CARTESIAN_POINT('',(11.35,-9.643782217351));
#216 = CARTESIAN_POINT('',(12.4,-10.25));
#217 = CARTESIAN_POINT('',(11.35,-10.85621778264));
#218 = CARTESIAN_POINT('',(10.3,-11.46243556529));
#219 = CARTESIAN_POINT('',(10.3,-10.25));
#220 = ( GEOMETRIC_REPRESENTATION_CONTEXT(2) 
PARAMETRIC_REPRESENTATION_CONTEXT() REPRESENTATION_CONTEXT('2D SPACE',''
  ) );
#221 = PCURVE('',#222,#227);
#222 = TOROIDAL_SURFACE('',#223,0.7,0.2);
#223 = AXIS2_PLACEMENT_3D('',#224,#225,#226);
#224 = CARTESIAN_POINT('',(7.75,3.5,16.7));
#225 = DIRECTION('',(0.,0.,-1.));
#226 = DIRECTION('',(0.,1.,0.));
#227 = DEFINITIONAL_REPRESENTATION('',(#228),#232);
#228 = LINE('',#229,#230);
#229 = CARTESIAN_POINT('',(0.,1.570796326795));
#230 = VECTOR('',#231,1.);
#231 = DIRECTION('',(1.,0.));
#232 = ( GEOMETRIC_REPRESENTATION_CONTEXT(2) 
PARAMETRIC_REPRESENTATION_CONTEXT() REPRESENTATION_CONTEXT('2D SPACE',''
  ) );
#233 = ORIENTED_EDGE('',*,*,#234,.T.);
#234 = EDGE_CURVE('',#202,#235,#237,.T.);
#235 = VERTEX_POINT('',#236);
#236 = CARTESIAN_POINT('',(8.45,0.,16.5));
#237 = SURFACE_CURVE('',#238,(#242,#249),.PCURVE_S1.);
#238 = LINE('',#239,#240);
#239 = CARTESIAN_POINT('',(8.45,3.5,16.5));
#240 = VECTOR('',#241,1.);
#241 = DIRECTION('',(0.,-1.,0.));
#242 = PCURVE('',#32,#243);
#243 = DEFINITIONAL_REPRESENTATION('',(#244),#248);
#244 = LINE('',#245,#246);
#245 = CARTESIAN_POINT('',(11.,-9.55));
#246 = VECTOR('',#247,1.);
#247 = DIRECTION('',(1.,0.));
#248 = ( GEOMETRIC_REPRESENTATION_CONTEXT(2) 
PARAMETRIC_REPRESENTATION_CONTEXT() REPRESENTATION_CONTEXT('2D SPACE',''
  ) );
#249 = PCURVE('',#250,#255);
#250 = CYLINDRICAL_SURFACE('',#251,0.2);
#251 = AXIS2_PLACEMENT_3D('',#252,#253,#254);
#252 = CARTESIAN_POINT('',(8.45,3.5,16.7));
#253 = DIRECTION('',(0.,-1.,0.));
#254 = DIRECTION('',(0.,0.,-1.));
#255 = DEFINITIONAL_REPRESENTATION('',(#256),#260);
#256 = LINE('',#257,#258);
#257 = CARTESIAN_POINT('',(-0.,0.));
#258 = VECTOR('',#259,1.);
#259 = DIRECTION('',(-0.,1.));
#260 = ( GEOMETRIC_REPRESENTATION_CONTEXT(2) 
PARAMETRIC_REPRESENTATION_CONTEXT() REPRESENTATION_CONTEXT('2D SPACE',''
  ) );
#261 = ORIENTED_EDGE('',*,*,#262,.F.);
#262 = EDGE_CURVE('',#263,#235,#265,.T.);
#263 = VERTEX_POINT('',#264);
#264 = CARTESIAN_POINT('',(9.55,0.,16.5));
#265 = SURFACE_CURVE('',#266,(#270,#277),.PCURVE_S1.);
#266 = LINE('',#267,#268);
#267 = CARTESIAN_POINT('',(18.,0.,16.5));
#268 = VECTOR('',#269,1.);
#269 = DIRECTION('',(-1.,-0.,-0.));
#270 = PCURVE('',#32,#271);
#271 = DEFINITIONAL_REPRESENTATION('',(#272),#276);
#272 = LINE('',#273,#274);
#273 = CARTESIAN_POINT('',(14.5,0.));
#274 = VECTOR('',#275,1.);
#275 = DIRECTION('',(0.,-1.));
#276 = ( GEOMETRIC_REPRESENTATION_CONTEXT(2) 
PARAMETRIC_REPRESENTATION_CONTEXT() REPRESENTATION_CONTEXT('2D SPACE',''
  ) );
#277 = PCURVE('',#278,#283);
#278 = PLANE('',#279);
#279 = AXIS2_PLACEMENT_3D('',#280,#281,#282);
#280 = CARTESIAN_POINT('',(8.25,0.,0.));
#281 = DIRECTION('',(0.,1.,0.));
#282 = DIRECTION('',(1.,0.,0.));
#283 = DEFINITIONAL_REPRESENTATION('',(#284),#288);
#284 = LINE('',#285,#286);
#285 = CARTESIAN_POINT('',(9.75,-16.5));
#286 = VECTOR('',#287,1.);
#287 = DIRECTION('',(-1.,0.));
#288 = ( GEOMETRIC_REPRESENTATION_CONTEXT(2) 
PARAMETRIC_REPRESENTATION_CONTEXT() REPRESENTATION_CONTEXT('2D SPACE',''
  ) );
#289 = ORIENTED_EDGE('',*,*,#290,.T.);
#290 = EDGE_CURVE('',#263,#291,#293,.T.);
#291 = VERTEX_POINT('',#292);
#292 = CARTESIAN_POINT('',(9.55,3.5,16.5));
#293 = SURFACE_CURVE('',#294,(#298,#305),.PCURVE_S1.);
#294 = LINE('',#295,#296);
#295 = CARTESIAN_POINT('',(9.55,0.,16.5));
#296 = VECTOR('',#297,1.);
#297 = DIRECTION('',(0.,1.,0.));
#298 = PCURVE('',#32,#299);
#299 = DEFINITIONAL_REPRESENTATION('',(#300),#304);
#300 = LINE('',#301,#302);
#301 = CARTESIAN_POINT('',(14.5,-8.45));
#302 = VECTOR('',#303,1.);
#303 = DIRECTION('',(-1.,0.));
#304 = ( GEOMETRIC_REPRESENTATION_CONTEXT(2) 
PARAMETRIC_REPRESENTATION_CONTEXT() REPRESENTATION_CONTEXT('2D SPACE',''
  ) );
#305 = PCURVE('',#306,#311);
#306 = CYLINDRICAL_SURFACE('',#307,0.2);
#307 = AXIS2_PLACEMENT_3D('',#308,#309,#310);
#308 = CARTESIAN_POINT('',(9.55,0.,16.7));
#309 = DIRECTION('',(0.,1.,0.));
#310 = DIRECTION('',(0.,0.,-1.));
#311 = DEFINITIONAL_REPRESENTATION('',(#312),#316);
#312 = LINE('',#313,#314);
#313 = CARTESIAN_POINT('',(-0.,0.));
#314 = VECTOR('',#315,1.);
#315 = DIRECTION('',(-0.,1.));
#316 = ( GEOMETRIC_REPRESENTATION_CONTEXT(2) 
PARAMETRIC_REPRESENTATION_CONTEXT() REPRESENTATION_CONTEXT('2D SPACE',''
  ) );
#317 = ORIENTED_EDGE('',*,*,#318,.T.);
#318 = EDGE_CURVE('',#291,#319,#321,.T.);
#319 = VERTEX_POINT('',#320);
#320 = CARTESIAN_POINT('',(10.25,4.2,16.5));
#321 = SURFACE_CURVE('',#322,(#327,#338),.PCURVE_S1.);
#322 = CIRCLE('',#323,0.7);
#323 = AXIS2_PLACEMENT_3D('',#324,#325,#326);
#324 = CARTESIAN_POINT('',(10.25,3.5,16.5));
#325 = DIRECTION('',(0.,0.,-1.));
#326 = DIRECTION('',(-1.,0.,0.));
#327 = PCURVE('',#32,#328);
#328 = DEFINITIONAL_REPRESENTATION('',(#329),#337);
#329 = ( BOUNDED_CURVE() B_SPLINE_CURVE(2,(#330,#331,#332,#333,#334,#335
,#336),.UNSPECIFIED.,.T.,.F.) B_SPLINE_CURVE_WITH_KNOTS((1,2,2,2,2,1),(
    -2.094395102393,0.,2.094395102393,4.188790204786,6.28318530718,
8.377580409573),.UNSPECIFIED.) CURVE() GEOMETRIC_REPRESENTATION_ITEM() 
RATIONAL_B_SPLINE_CURVE((1.,0.5,1.,0.5,1.,0.5,1.)) REPRESENTATION_ITEM(
  '') );
#330 = CARTESIAN_POINT('',(11.,-8.45));
#331 = CARTESIAN_POINT('',(9.787564434702,-8.45));
#332 = CARTESIAN_POINT('',(10.393782217351,-7.4));
#333 = CARTESIAN_POINT('',(11.,-6.35));
#334 = CARTESIAN_POINT('',(11.606217782649,-7.4));
#335 = CARTESIAN_POINT('',(12.212435565298,-8.45));
#336 = CARTESIAN_POINT('',(11.,-8.45));
#337 = ( GEOMETRIC_REPRESENTATION_CONTEXT(2) 
PARAMETRIC_REPRESENTATION_CONTEXT() REPRESENTATION_CONTEXT('2D SPACE',''
  ) );
#338 = PCURVE('',#339,#344);
#339 = TOROIDAL_SURFACE('',#340,0.7,0.2);
#340 = AXIS2_PLACEMENT_3D('',#341,#342,#343);
#341 = CARTESIAN_POINT('',(10.25,3.5,16.7));
#342 = DIRECTION('',(0.,0.,-1.));
#343 = DIRECTION('',(-1.,0.,0.));
#344 = DEFINITIONAL_REPRESENTATION('',(#345),#349);
#345 = LINE('',#346,#347);
#346 = CARTESIAN_POINT('',(0.,1.570796326795));
#347 = VECTOR('',#348,1.);
#348 = DIRECTION('',(1.,0.));
#349 = ( GEOMETRIC_REPRESENTATION_CONTEXT(2) 
PARAMETRIC_REPRESENTATION_CONTEXT() REPRESENTATION_CONTEXT('2D SPACE',''
  ) );
#350 = ORIENTED_EDGE('',*,*,#351,.T.);
#351 = EDGE_CURVE('',#319,#352,#354,.T.);
#352 = VERTEX_POINT('',#353);
#353 = CARTESIAN_POINT('',(16.,4.2,16.5));
#354 = SURFACE_CURVE('',#355,(#359,#366),.PCURVE_S1.);
#355 = LINE('',#356,#357);
#356 = CARTESIAN_POINT('',(10.25,4.2,16.5));
#357 = VECTOR('',#358,1.);
#358 = DIRECTION('',(1.,0.,0.));
#359 = PCURVE('',#32,#360);
#360 = DEFINITIONAL_REPRESENTATION('',(#361),#365);
#361 = LINE('',#362,#363);
#362 = CARTESIAN_POINT('',(10.3,-7.75));
#363 = VECTOR('',#364,1.);
#364 = DIRECTION('',(0.,1.));
#365 = ( GEOMETRIC_REPRESENTATION_CONTEXT(2) 
PARAMETRIC_REPRESENTATION_CONTEXT() REPRESENTATION_CONTEXT('2D SPACE',''
  ) );
#366 = PCURVE('',#367,#372);
#367 = CYLINDRICAL_SURFACE('',#368,0.2);
#368 = AXIS2_PLACEMENT_3D('',#369,#370,#371);
#369 = CARTESIAN_POINT('',(10.25,4.2,16.7));
#370 = DIRECTION('',(1.,0.,0.));
#371 = DIRECTION('',(0.,0.,-1.));
#372 = DEFINITIONAL_REPRESENTATION('',(#373),#377);
#373 = LINE('',#374,#375);
#374 = CARTESIAN_POINT('',(-0.,0.));
#375 = VECTOR('',#376,1.);
#376 = DIRECTION('',(-0.,1.));
#377 = ( GEOMETRIC_REPRESENTATION_CONTEXT(2) 
PARAMETRIC_REPRESENTATION_CONTEXT() REPRESENTATION_CONTEXT('2D SPACE',''
  ) );
#378 = ORIENTED_EDGE('',*,*,#379,.T.);
#379 = EDGE_CURVE('',#352,#380,#382,.T.);
#380 = VERTEX_POINT('',#381);
#381 = CARTESIAN_POINT('',(16.7,3.5,16.5));
#382 = SURFACE_CURVE('',#383,(#388,#399),.PCURVE_S1.);
#383 = CIRCLE('',#384,0.7);
#384 = AXIS2_PLACEMENT_3D('',#385,#386,#387);
#385 = CARTESIAN_POINT('',(16.,3.5,16.5));
#386 = DIRECTION('',(0.,0.,-1.));
#387 = DIRECTION('',(0.,1.,0.));
#388 = PCURVE('',#32,#389);
#389 = DEFINITIONAL_REPRESENTATION('',(#390),#398);
#390 = ( BOUNDED_CURVE() B_SPLINE_CURVE(2,(#391,#392,#393,#394,#395,#396
,#397),.UNSPECIFIED.,.T.,.F.) B_SPLINE_CURVE_WITH_KNOTS((1,2,2,2,2,1),(
    -2.094395102393,0.,2.094395102393,4.188790204786,6.28318530718,
8.377580409573),.UNSPECIFIED.) CURVE() GEOMETRIC_REPRESENTATION_ITEM() 
RATIONAL_B_SPLINE_CURVE((1.,0.5,1.,0.5,1.,0.5,1.)) REPRESENTATION_ITEM(
  '') );
#391 = CARTESIAN_POINT('',(10.3,-2.));
#392 = CARTESIAN_POINT('',(10.3,-0.787564434702));
#393 = CARTESIAN_POINT('',(11.35,-1.393782217351));
#394 = CARTESIAN_POINT('',(12.4,-2.));
#395 = CARTESIAN_POINT('',(11.35,-2.606217782649));
#396 = CARTESIAN_POINT('',(10.3,-3.212435565298));
#397 = CARTESIAN_POINT('',(10.3,-2.));
#398 = ( GEOMETRIC_REPRESENTATION_CONTEXT(2) 
PARAMETRIC_REPRESENTATION_CONTEXT() REPRESENTATION_CONTEXT('2D SPACE',''
  ) );
#399 = PCURVE('',#400,#405);
#400 = TOROIDAL_SURFACE('',#401,0.7,0.2);
#401 = AXIS2_PLACEMENT_3D('',#402,#403,#404);
#402 = CARTESIAN_POINT('',(16.,3.5,16.7));
#403 = DIRECTION('',(0.,0.,-1.));
#404 = DIRECTION('',(0.,1.,0.));
#405 = DEFINITIONAL_REPRESENTATION('',(#406),#410);
#406 = LINE('',#407,#408);
#407 = CARTESIAN_POINT('',(0.,1.570796326795));
#408 = VECTOR('',#409,1.);
#409 = DIRECTION('',(1.,0.));
#410 = ( GEOMETRIC_REPRESENTATION_CONTEXT(2) 
PARAMETRIC_REPRESENTATION_CONTEXT() REPRESENTATION_CONTEXT('2D SPACE',''
  ) );
#411 = ORIENTED_EDGE('',*,*,#412,.T.);
#412 = EDGE_CURVE('',#380,#413,#415,.T.);
#413 = VERTEX_POINT('',#414);
#414 = CARTESIAN_POINT('',(16.7,0.,16.5));
#415 = SURFACE_CURVE('',#416,(#420,#427),.PCURVE_S1.);
#416 = LINE('',#417,#418);
#417 = CARTESIAN_POINT('',(16.7,3.5,16.5));
#418 = VECTOR('',#419,1.);
#419 = DIRECTION('',(-0.,-1.,-0.));
#420 = PCURVE('',#32,#421);
#421 = DEFINITIONAL_REPRESENTATION('',(#422),#426);
#422 = LINE('',#423,#424);
#423 = CARTESIAN_POINT('',(11.,-1.3));
#424 = VECTOR('',#425,1.);
#425 = DIRECTION('',(1.,0.));
#426 = ( GEOMETRIC_REPRESENTATION_CONTEXT(2) 
PARAMETRIC_REPRESENTATION_CONTEXT() REPRESENTATION_CONTEXT('2D SPACE',''
  ) );
#427 = PCURVE('',#428,#433);
#428 = CYLINDRICAL_SURFACE('',#429,0.2);
#429 = AXIS2_PLACEMENT_3D('',#430,#431,#432);
#430 = CARTESIAN_POINT('',(16.7,3.5,16.7));
#431 = DIRECTION('',(-0.,-1.,-0.));
#432 = DIRECTION('',(0.,0.,-1.));
#433 = DEFINITIONAL_REPRESENTATION('',(#434),#438);
#434 = LINE('',#435,#436);
#435 = CARTESIAN_POINT('',(-0.,0.));
#436 = VECTOR('',#437,1.);
#437 = DIRECTION('',(-0.,1.));
#438 = ( GEOMETRIC_REPRESENTATION_CONTEXT(2) 
PARAMETRIC_REPRESENTATION_CONTEXT() REPRESENTATION_CONTEXT('2D SPACE',''
  ) );
#439 = ORIENTED_EDGE('',*,*,#440,.F.);
#440 = EDGE_CURVE('',#441,#413,#443,.T.);
#441 = VERTEX_POINT('',#442);
#442 = CARTESIAN_POINT('',(17.8,0.,16.5));
#443 = SURFACE_CURVE('',#444,(#448,#455),.PCURVE_S1.);
#444 = LINE('',#445,#446);
#445 = CARTESIAN_POINT('',(18.,0.,16.5));
#446 = VECTOR('',#447,1.);
#447 = DIRECTION('',(-1.,-0.,-0.));
#448 = PCURVE('',#32,#449);
#449 = DEFINITIONAL_REPRESENTATION('',(#450),#454);
#450 = LINE('',#451,#452);
#451 = CARTESIAN_POINT('',(14.5,0.));
#452 = VECTOR('',#453,1.);
#453 = DIRECTION('',(0.,-1.));
#454 = ( GEOMETRIC_REPRESENTATION_CONTEXT(2) 
PARAMETRIC_REPRESENTATION_CONTEXT() REPRESENTATION_CONTEXT('2D SPACE',''
  ) );
#455 = PCURVE('',#456,#461);
#456 = PLANE('',#457);
#457 = AXIS2_PLACEMENT_3D('',#458,#459,#460);
#458 = CARTESIAN_POINT('',(18.,0.,0.));
#459 = DIRECTION('',(0.,-1.,0.));
#460 = DIRECTION('',(-1.,0.,0.));
#461 = DEFINITIONAL_REPRESENTATION('',(#462),#466);
#462 = LINE('',#463,#464);
#463 = CARTESIAN_POINT('',(0.,-16.5));
#464 = VECTOR('',#465,1.);
#465 = DIRECTION('',(1.,0.));
#466 = ( GEOMETRIC_REPRESENTATION_CONTEXT(2) 
PARAMETRIC_REPRESENTATION_CONTEXT() REPRESENTATION_CONTEXT('2D SPACE',''
  ) );
#467 = ORIENTED_EDGE('',*,*,#468,.F.);
#468 = EDGE_CURVE('',#469,#441,#471,.T.);
#469 = VERTEX_POINT('',#470);
#470 = CARTESIAN_POINT('',(17.8,13.,16.5));
#471 = SURFACE_CURVE('',#472,(#476,#483),.PCURVE_S1.);
#472 = LINE('',#473,#474);
#473 = CARTESIAN_POINT('',(17.8,13.,16.5));
#474 = VECTOR('',#475,1.);
#475 = DIRECTION('',(0.,-1.,0.));
#476 = PCURVE('',#32,#477);
#477 = DEFINITIONAL_REPRESENTATION('',(#478),#482);
#478 = LINE('',#479,#480);
#479 = CARTESIAN_POINT('',(1.5,-0.2));
#480 = VECTOR('',#481,1.);
#481 = DIRECTION('',(1.,0.));
#482 = ( GEOMETRIC_REPRESENTATION_CONTEXT(2) 
PARAMETRIC_REPRESENTATION_CONTEXT() REPRESENTATION_CONTEXT('2D SPACE',''
  ) );
#483 = PCURVE('',#484,#489);
#484 = CYLINDRICAL_SURFACE('',#485,0.2);
#485 = AXIS2_PLACEMENT_3D('',#486,#487,#488);
#486 = CARTESIAN_POINT('',(17.8,13.,16.7));
#487 = DIRECTION('',(0.,-1.,0.));
#488 = DIRECTION('',(1.,0.,0.));
#489 = DEFINITIONAL_REPRESENTATION('',(#490),#494);
#490 = LINE('',#491,#492);
#491 = CARTESIAN_POINT('',(-1.570796326795,0.));
#492 = VECTOR('',#493,1.);
#493 = DIRECTION('',(-0.,1.));
#494 = ( GEOMETRIC_REPRESENTATION_CONTEXT(2) 
PARAMETRIC_REPRESENTATION_CONTEXT() REPRESENTATION_CONTEXT('2D SPACE',''
  ) );
#495 = ORIENTED_EDGE('',*,*,#496,.T.);
#496 = EDGE_CURVE('',#469,#497,#499,.T.);
#497 = VERTEX_POINT('',#498);
#498 = CARTESIAN_POINT('',(11.5,13.,16.5));
#499 = SURFACE_CURVE('',#500,(#504,#511),.PCURVE_S1.);
#500 = LINE('',#501,#502);
#501 = CARTESIAN_POINT('',(18.,13.,16.5));
#502 = VECTOR('',#503,1.);
#503 = DIRECTION('',(-1.,-0.,-0.));
#504 = PCURVE('',#32,#505);
#505 = DEFINITIONAL_REPRESENTATION('',(#506),#510);
#506 = LINE('',#507,#508);
#507 = CARTESIAN_POINT('',(1.5,0.));
#508 = VECTOR('',#509,1.);
#509 = DIRECTION('',(0.,-1.));
#510 = ( GEOMETRIC_REPRESENTATION_CONTEXT(2) 
PARAMETRIC_REPRESENTATION_CONTEXT() REPRESENTATION_CONTEXT('2D SPACE',''
  ) );
#511 = PCURVE('',#512,#517);
#512 = CYLINDRICAL_SURFACE('',#513,1.5);
#513 = AXIS2_PLACEMENT_3D('',#514,#515,#516);
#514 = CARTESIAN_POINT('',(18.,13.,15.));
#515 = DIRECTION('',(-1.,-0.,-0.));
#516 = DIRECTION('',(0.,0.,1.));
#517 = DEFINITIONAL_REPRESENTATION('',(#518),#522);
#518 = LINE('',#519,#520);
#519 = CARTESIAN_POINT('',(0.,0.));
#520 = VECTOR('',#521,1.);
#521 = DIRECTION('',(0.,1.));
#522 = ( GEOMETRIC_REPRESENTATION_CONTEXT(2) 
PARAMETRIC_REPRESENTATION_CONTEXT() REPRESENTATION_CONTEXT('2D SPACE',''
  ) );
#523 = ORIENTED_EDGE('',*,*,#524,.T.);
#524 = EDGE_CURVE('',#497,#22,#525,.T.);
#525 = SURFACE_CURVE('',#526,(#536,#549),.PCURVE_S1.);
#526 = ( BOUNDED_CURVE() B_SPLINE_CURVE(8,(#527,#528,#529,#530,#531,#532
,#533,#534,#535),.UNSPECIFIED.,.F.,.F.) B_SPLINE_CURVE_WITH_KNOTS((9,9),
(6.5,11.5),.PIECEWISE_BEZIER_KNOTS.) CURVE() 
GEOMETRIC_REPRESENTATION_ITEM() RATIONAL_B_SPLINE_CURVE((1.,1.,1.,1.,1.,
1.,1.,1.,1.)) REPRESENTATION_ITEM('') );
#527 = CARTESIAN_POINT('',(11.5,13.,16.5));
#528 = CARTESIAN_POINT('',(10.875,13.,16.5));
#529 = CARTESIAN_POINT('',(10.25,13.051646351076,16.5));
#530 = CARTESIAN_POINT('',(9.625,13.094618665099,16.5));
#531 = CARTESIAN_POINT('',(9.,13.121026192939,16.5));
#532 = CARTESIAN_POINT('',(8.375,13.094618665099,16.5));
#533 = CARTESIAN_POINT('',(7.75,13.051646351076,16.5));
#534 = CARTESIAN_POINT('',(7.125,13.,16.5));
#535 = CARTESIAN_POINT('',(6.5,13.,16.5));
#536 = PCURVE('',#32,#537);
#537 = DEFINITIONAL_REPRESENTATION('',(#538),#548);
#538 = ( BOUNDED_CURVE() B_SPLINE_CURVE(8,(#539,#540,#541,#542,#543,#544
,#545,#546,#547),.UNSPECIFIED.,.F.,.F.) B_SPLINE_CURVE_WITH_KNOTS((9,9),
(6.5,11.5),.PIECEWISE_BEZIER_KNOTS.) CURVE() 
GEOMETRIC_REPRESENTATION_ITEM() RATIONAL_B_SPLINE_CURVE((1.,1.,1.,1.,1.,
1.,1.,1.,1.)) REPRESENTATION_ITEM('') );
#539 = CARTESIAN_POINT('',(1.5,-6.5));
#540 = CARTESIAN_POINT('',(1.5,-7.125));
#541 = CARTESIAN_POINT('',(1.448353648924,-7.75));
#542 = CARTESIAN_POINT('',(1.405381334901,-8.375));
#543 = CARTESIAN_POINT('',(1.378973807061,-9.));
#544 = CARTESIAN_POINT('',(1.405381334901,-9.625));
#545 = CARTESIAN_POINT('',(1.448353648924,-10.25));
#546 = CARTESIAN_POINT('',(1.5,-10.875));
#547 = CARTESIAN_POINT('',(1.5,-11.5));
#548 = ( GEOMETRIC_REPRESENTATION_CONTEXT(2) 
PARAMETRIC_REPRESENTATION_CONTEXT() REPRESENTATION_CONTEXT('2D SPACE',''
  ) );
#549 = PCURVE('',#550,#578);
#550 = ( BOUNDED_SURFACE() B_SPLINE_SURFACE(2,8,(
    (#551,#552,#553,#554,#555,#556,#557,#558,#559)
    ,(#560,#561,#562,#563,#564,#565,#566,#567,#568)
    ,(#569,#570,#571,#572,#573,#574,#575,#576,#577
)),.UNSPECIFIED.,.F.,.F.,.F.) B_SPLINE_SURFACE_WITH_KNOTS((3,3),(9,9),(
    0.,5.),(6.5,11.5),.PIECEWISE_BEZIER_KNOTS.) 
GEOMETRIC_REPRESENTATION_ITEM() RATIONAL_B_SPLINE_SURFACE((
    (1.,1.,1.,1.,1.,1.,1.,1.,1.)
    ,(0.707106781187,0.768487578165,0.803220784234,0.823887015581
      ,0.82939029491,0.823887015581,0.803220784234,0.768487578165
      ,0.707106781187)
,(1.,1.,1.,1.,1.,1.,1.,1.,1.))) REPRESENTATION_ITEM('') SURFACE() );
#551 = CARTESIAN_POINT('',(11.5,13.,16.5));
#552 = CARTESIAN_POINT('',(10.875,13.,16.5));
#553 = CARTESIAN_POINT('',(10.25,13.051646351076,16.5));
#554 = CARTESIAN_POINT('',(9.625,13.094618665099,16.5));
#555 = CARTESIAN_POINT('',(9.,13.121026192939,16.5));
#556 = CARTESIAN_POINT('',(8.375,13.094618665099,16.5));
#557 = CARTESIAN_POINT('',(7.75,13.051646351076,16.5));
#558 = CARTESIAN_POINT('',(7.125,13.,16.5));
#559 = CARTESIAN_POINT('',(6.5,13.,16.5));
#560 = CARTESIAN_POINT('',(11.5,14.5,16.5));
#561 = CARTESIAN_POINT('',(10.924920127796,14.260383386581,16.5));
#562 = CARTESIAN_POINT('',(10.290796758723,14.163884272203,16.5));
#563 = CARTESIAN_POINT('',(9.650435029473,14.129796826184,16.5));
#564 = CARTESIAN_POINT('',(9.,14.126654078679,16.5));
#565 = CARTESIAN_POINT('',(8.349564970527,14.129796826184,16.5));
#566 = CARTESIAN_POINT('',(7.709203241277,14.163884272203,16.5));
#567 = CARTESIAN_POINT('',(7.075079872204,14.260383386581,16.5));
#568 = CARTESIAN_POINT('',(6.5,14.5,16.5));
#569 = CARTESIAN_POINT('',(11.5,14.5,15.));
#570 = CARTESIAN_POINT('',(10.875,14.5,15.260416666667));
#571 = CARTESIAN_POINT('',(10.25,14.5,15.433514953015));
#572 = CARTESIAN_POINT('',(9.625,14.5,15.534415093856));
#573 = CARTESIAN_POINT('',(9.,14.5,15.567171303395));
#574 = CARTESIAN_POINT('',(8.375,14.5,15.534415093856));
#575 = CARTESIAN_POINT('',(7.75,14.5,15.433514953015));
#576 = CARTESIAN_POINT('',(7.125,14.5,15.260416666667));
#577 = CARTESIAN_POINT('',(6.5,14.5,15.));
#578 = DEFINITIONAL_REPRESENTATION('',(#579),#583);
#579 = LINE('',#580,#581);
#580 = CARTESIAN_POINT('',(0.,0.));
#581 = VECTOR('',#582,1.);
#582 = DIRECTION('',(0.,1.));
#583 = ( GEOMETRIC_REPRESENTATION_CONTEXT(2) 
PARAMETRIC_REPRESENTATION_CONTEXT() REPRESENTATION_CONTEXT('2D SPACE',''
  ) );
#584 = ADVANCED_FACE('',(#585),#44,.F.);
#585 = FACE_BOUND('',#586,.F.);
#586 = EDGE_LOOP('',(#587,#588,#618,#646));
#587 = ORIENTED_EDGE('',*,*,#21,.F.);
#588 = ORIENTED_EDGE('',*,*,#589,.T.);
#589 = EDGE_CURVE('',#22,#590,#592,.T.);
#590 = VERTEX_POINT('',#591);
#591 = CARTESIAN_POINT('',(6.5,14.5,15.));
#592 = SURFACE_CURVE('',#593,(#597,#611),.PCURVE_S1.);
#593 = ( BOUNDED_CURVE() B_SPLINE_CURVE(2,(#594,#595,#596),
.UNSPECIFIED.,.F.,.F.) B_SPLINE_CURVE_WITH_KNOTS((3,3),(0.,5.),
.PIECEWISE_BEZIER_KNOTS.) CURVE() GEOMETRIC_REPRESENTATION_ITEM() 
RATIONAL_B_SPLINE_CURVE((1.,0.707106781187,1.)) REPRESENTATION_ITEM('') 
  );
#594 = CARTESIAN_POINT('',(6.5,13.,16.5));
#595 = CARTESIAN_POINT('',(6.5,14.5,16.5));
#596 = CARTESIAN_POINT('',(6.5,14.5,15.));
#597 = PCURVE('',#44,#598);
#598 = DEFINITIONAL_REPRESENTATION('',(#599),#610);
#599 = B_SPLINE_CURVE_WITH_KNOTS('',9,(#600,#601,#602,#603,#604,#605,
    #606,#607,#608,#609),.UNSPECIFIED.,.F.,.F.,(10,10),(0.,5.),
  .PIECEWISE_BEZIER_KNOTS.);
#600 = CARTESIAN_POINT('',(0.,11.5));
#601 = CARTESIAN_POINT('',(0.157134840264,11.5));
#602 = CARTESIAN_POINT('',(0.325774716821,11.499999999999));
#603 = CARTESIAN_POINT('',(0.50456638687,11.500000000001));
#604 = CARTESIAN_POINT('',(0.690744851612,11.499999999998));
#605 = CARTESIAN_POINT('',(0.880051475183,11.500000000002));
#606 = CARTESIAN_POINT('',(1.066229939925,11.499999999999));
#607 = CARTESIAN_POINT('',(1.245021609974,11.500000000001));
#608 = CARTESIAN_POINT('',(1.413661486531,11.5));
#609 = CARTESIAN_POINT('',(1.570796326795,11.5));
#610 = ( GEOMETRIC_REPRESENTATION_CONTEXT(2) 
PARAMETRIC_REPRESENTATION_CONTEXT() REPRESENTATION_CONTEXT('2D SPACE',''
  ) );
#611 = PCURVE('',#550,#612);
#612 = DEFINITIONAL_REPRESENTATION('',(#613),#617);
#613 = LINE('',#614,#615);
#614 = CARTESIAN_POINT('',(0.,11.5));
#615 = VECTOR('',#616,1.);
#616 = DIRECTION('',(1.,0.));
#617 = ( GEOMETRIC_REPRESENTATION_CONTEXT(2) 
PARAMETRIC_REPRESENTATION_CONTEXT() REPRESENTATION_CONTEXT('2D SPACE',''
  ) );
#618 = ORIENTED_EDGE('',*,*,#619,.T.);
#619 = EDGE_CURVE('',#590,#620,#622,.T.);
#620 = VERTEX_POINT('',#621);
#621 = CARTESIAN_POINT('',(0.2,14.5,15.));
#622 = SURFACE_CURVE('',#623,(#627,#634),.PCURVE_S1.);
#623 = LINE('',#624,#625);
#624 = CARTESIAN_POINT('',(18.,14.5,15.));
#625 = VECTOR('',#626,1.);
#626 = DIRECTION('',(-1.,-0.,-0.));
#627 = PCURVE('',#44,#628);
#628 = DEFINITIONAL_REPRESENTATION('',(#629),#633);
#629 = LINE('',#630,#631);
#630 = CARTESIAN_POINT('',(1.570796326795,0.));
#631 = VECTOR('',#632,1.);
#632 = DIRECTION('',(0.,1.));
#633 = ( GEOMETRIC_REPRESENTATION_CONTEXT(2) 
PARAMETRIC_REPRESENTATION_CONTEXT() REPRESENTATION_CONTEXT('2D SPACE',''
  ) );
#634 = PCURVE('',#635,#640);
#635 = PLANE('',#636);
#636 = AXIS2_PLACEMENT_3D('',#637,#638,#639);
#637 = CARTESIAN_POINT('',(18.,14.5,1.5));
#638 = DIRECTION('',(0.,1.,0.));
#639 = DIRECTION('',(0.,0.,1.));
#640 = DEFINITIONAL_REPRESENTATION('',(#641),#645);
#641 = LINE('',#642,#643);
#642 = CARTESIAN_POINT('',(13.5,0.));
#643 = VECTOR('',#644,1.);
#644 = DIRECTION('',(0.,-1.));
#645 = ( GEOMETRIC_REPRESENTATION_CONTEXT(2) 
PARAMETRIC_REPRESENTATION_CONTEXT() REPRESENTATION_CONTEXT('2D SPACE',''
  ) );
#646 = ORIENTED_EDGE('',*,*,#647,.T.);
#647 = EDGE_CURVE('',#620,#24,#648,.T.);
#648 = SURFACE_CURVE('',#649,(#654,#661),.PCURVE_S1.);
#649 = CIRCLE('',#650,1.5);
#650 = AXIS2_PLACEMENT_3D('',#651,#652,#653);
#651 = CARTESIAN_POINT('',(0.2,13.,15.));
#652 = DIRECTION('',(1.,0.,0.));
#653 = DIRECTION('',(0.,1.,0.));
#654 = PCURVE('',#44,#655);
#655 = DEFINITIONAL_REPRESENTATION('',(#656),#660);
#656 = LINE('',#657,#658);
#657 = CARTESIAN_POINT('',(1.570796326795,17.8));
#658 = VECTOR('',#659,1.);
#659 = DIRECTION('',(-1.,-0.));
#660 = ( GEOMETRIC_REPRESENTATION_CONTEXT(2) 
PARAMETRIC_REPRESENTATION_CONTEXT() REPRESENTATION_CONTEXT('2D SPACE',''
  ) );
#661 = PCURVE('',#662,#667);
#662 = TOROIDAL_SURFACE('',#663,1.7,0.2);
#663 = AXIS2_PLACEMENT_3D('',#664,#665,#666);
#664 = CARTESIAN_POINT('',(0.2,13.,15.));
#665 = DIRECTION('',(1.,0.,0.));
#666 = DIRECTION('',(0.,1.,0.));
#667 = DEFINITIONAL_REPRESENTATION('',(#668),#672);
#668 = LINE('',#669,#670);
#669 = CARTESIAN_POINT('',(0.,3.14159265359));
#670 = VECTOR('',#671,1.);
#671 = DIRECTION('',(1.,0.));
#672 = ( GEOMETRIC_REPRESENTATION_CONTEXT(2) 
PARAMETRIC_REPRESENTATION_CONTEXT() REPRESENTATION_CONTEXT('2D SPACE',''
  ) );
#673 = ADVANCED_FACE('',(#674),#72,.T.);
#674 = FACE_BOUND('',#675,.F.);
#675 = EDGE_LOOP('',(#676,#700,#728,#763));
#676 = ORIENTED_EDGE('',*,*,#677,.T.);
#677 = EDGE_CURVE('',#24,#678,#680,.T.);
#678 = VERTEX_POINT('',#679);
#679 = CARTESIAN_POINT('',(0.,13.,16.7));
#680 = SURFACE_CURVE('',#681,(#686,#693),.PCURVE_S1.);
#681 = CIRCLE('',#682,0.2);
#682 = AXIS2_PLACEMENT_3D('',#683,#684,#685);
#683 = CARTESIAN_POINT('',(0.2,13.,16.7));
#684 = DIRECTION('',(0.,1.,-6.123233995737E-17));
#685 = DIRECTION('',(0.,6.123233995737E-17,1.));
#686 = PCURVE('',#72,#687);
#687 = DEFINITIONAL_REPRESENTATION('',(#688),#692);
#688 = LINE('',#689,#690);
#689 = CARTESIAN_POINT('',(3.14159265359,-0.));
#690 = VECTOR('',#691,1.);
#691 = DIRECTION('',(-1.,0.));
#692 = ( GEOMETRIC_REPRESENTATION_CONTEXT(2) 
PARAMETRIC_REPRESENTATION_CONTEXT() REPRESENTATION_CONTEXT('2D SPACE',''
  ) );
#693 = PCURVE('',#662,#694);
#694 = DEFINITIONAL_REPRESENTATION('',(#695),#699);
#695 = LINE('',#696,#697);
#696 = CARTESIAN_POINT('',(1.570796326795,0.));
#697 = VECTOR('',#698,1.);
#698 = DIRECTION('',(0.,1.));
#699 = ( GEOMETRIC_REPRESENTATION_CONTEXT(2) 
PARAMETRIC_REPRESENTATION_CONTEXT() REPRESENTATION_CONTEXT('2D SPACE',''
  ) );
#700 = ORIENTED_EDGE('',*,*,#701,.T.);
#701 = EDGE_CURVE('',#678,#702,#704,.T.);
#702 = VERTEX_POINT('',#703);
#703 = CARTESIAN_POINT('',(-2.775557561563E-17,0.2,16.7));
#704 = SURFACE_CURVE('',#705,(#709,#716),.PCURVE_S1.);
#705 = LINE('',#706,#707);
#706 = CARTESIAN_POINT('',(-2.775557561563E-17,13.,16.7));
#707 = VECTOR('',#708,1.);
#708 = DIRECTION('',(0.,-1.,0.));
#709 = PCURVE('',#72,#710);
#710 = DEFINITIONAL_REPRESENTATION('',(#711),#715);
#711 = LINE('',#712,#713);
#712 = CARTESIAN_POINT('',(-1.570796326795,0.));
#713 = VECTOR('',#714,1.);
#714 = DIRECTION('',(-0.,1.));
#715 = ( GEOMETRIC_REPRESENTATION_CONTEXT(2) 
PARAMETRIC_REPRESENTATION_CONTEXT() REPRESENTATION_CONTEXT('2D SPACE',''
  ) );
#716 = PCURVE('',#717,#722);
#717 = PLANE('',#718);
#718 = AXIS2_PLACEMENT_3D('',#719,#720,#721);
#719 = CARTESIAN_POINT('',(0.,16.,0.));
#720 = DIRECTION('',(1.,0.,0.));
#721 = DIRECTION('',(0.,-1.,0.));
#722 = DEFINITIONAL_REPRESENTATION('',(#723),#727);
#723 = LINE('',#724,#725);
#724 = CARTESIAN_POINT('',(3.,-16.7));
#725 = VECTOR('',#726,1.);
#726 = DIRECTION('',(1.,0.));
#727 = ( GEOMETRIC_REPRESENTATION_CONTEXT(2) 
PARAMETRIC_REPRESENTATION_CONTEXT() REPRESENTATION_CONTEXT('2D SPACE',''
  ) );
#728 = ORIENTED_EDGE('',*,*,#729,.F.);
#729 = EDGE_CURVE('',#57,#702,#730,.T.);
#730 = SURFACE_CURVE('',#731,(#736,#747),.PCURVE_S1.);
#731 = ELLIPSE('',#732,0.282842712475,0.2);
#732 = AXIS2_PLACEMENT_3D('',#733,#734,#735);
#733 = CARTESIAN_POINT('',(0.2,0.2,16.7));
#734 = DIRECTION('',(0.,0.707106781187,-0.707106781187));
#735 = DIRECTION('',(0.,-0.707106781187,-0.707106781187));
#736 = PCURVE('',#72,#737);
#737 = DEFINITIONAL_REPRESENTATION('',(#738),#746);
#738 = B_SPLINE_CURVE_WITH_KNOTS('',6,(#739,#740,#741,#742,#743,#744,
    #745),.UNSPECIFIED.,.F.,.F.,(7,7),(0.,1.570796326795),
  .PIECEWISE_BEZIER_KNOTS.);
#739 = CARTESIAN_POINT('',(-3.330669073875E-16,13.));
#740 = CARTESIAN_POINT('',(-0.261799387799,13.));
#741 = CARTESIAN_POINT('',(-0.52359752903,12.983554523559));
#742 = CARTESIAN_POINT('',(-0.785398380174,12.950637468768));
#743 = CARTESIAN_POINT('',(-1.047198565985,12.904715816937));
#744 = CARTESIAN_POINT('',(-1.308996938996,12.85235987756));
#745 = CARTESIAN_POINT('',(-1.570796326795,12.8));
#746 = ( GEOMETRIC_REPRESENTATION_CONTEXT(2) 
PARAMETRIC_REPRESENTATION_CONTEXT() REPRESENTATION_CONTEXT('2D SPACE',''
  ) );
#747 = PCURVE('',#748,#753);
#748 = CYLINDRICAL_SURFACE('',#749,0.2);
#749 = AXIS2_PLACEMENT_3D('',#750,#751,#752);
#750 = CARTESIAN_POINT('',(0.2,0.2,16.5));
#751 = DIRECTION('',(0.,0.,1.));
#752 = DIRECTION('',(-1.,0.,0.));
#753 = DEFINITIONAL_REPRESENTATION('',(#754),#762);
#754 = B_SPLINE_CURVE_WITH_KNOTS('',6,(#755,#756,#757,#758,#759,#760,
    #761),.UNSPECIFIED.,.F.,.F.,(7,7),(0.,1.570796326795),
  .PIECEWISE_BEZIER_KNOTS.);
#755 = CARTESIAN_POINT('',(1.570796326795,-6.938893903907E-18));
#756 = CARTESIAN_POINT('',(1.308996938996,3.992806085762E-16));
#757 = CARTESIAN_POINT('',(1.047198797763,1.644547644031E-02));
#758 = CARTESIAN_POINT('',(0.785397946622,4.936253123299E-02));
#759 = CARTESIAN_POINT('',(0.523597760808,9.528418306218E-02));
#760 = CARTESIAN_POINT('',(0.261799387799,0.14764012244));
#761 = CARTESIAN_POINT('',(3.441691376338E-15,0.2));
#762 = ( GEOMETRIC_REPRESENTATION_CONTEXT(2) 
PARAMETRIC_REPRESENTATION_CONTEXT() REPRESENTATION_CONTEXT('2D SPACE',''
  ) );
#763 = ORIENTED_EDGE('',*,*,#56,.F.);
#764 = ADVANCED_FACE('',(#765),#550,.F.);
#765 = FACE_BOUND('',#766,.F.);
#766 = EDGE_LOOP('',(#767,#798,#837,#838));
#767 = ORIENTED_EDGE('',*,*,#768,.T.);
#768 = EDGE_CURVE('',#497,#769,#771,.T.);
#769 = VERTEX_POINT('',#770);
#770 = CARTESIAN_POINT('',(11.5,14.5,15.));
#771 = SURFACE_CURVE('',#772,(#777,#791),.PCURVE_S1.);
#772 = CIRCLE('',#773,1.5);
#773 = AXIS2_PLACEMENT_3D('',#774,#775,#776);
#774 = CARTESIAN_POINT('',(11.5,13.,15.));
#775 = DIRECTION('',(-1.,0.,0.));
#776 = DIRECTION('',(0.,0.,1.));
#777 = PCURVE('',#550,#778);
#778 = DEFINITIONAL_REPRESENTATION('',(#779),#790);
#779 = B_SPLINE_CURVE_WITH_KNOTS('',9,(#780,#781,#782,#783,#784,#785,
    #786,#787,#788,#789),.UNSPECIFIED.,.F.,.F.,(10,10),(0.,
    1.570796326795),.PIECEWISE_BEZIER_KNOTS.);
#780 = CARTESIAN_POINT('',(-4.440892098501E-16,6.5));
#781 = CARTESIAN_POINT('',(0.617067074744,6.5));
#782 = CARTESIAN_POINT('',(1.183948172132,6.5));
#783 = CARTESIAN_POINT('',(1.721230578446,6.499999999999));
#784 = CARTESIAN_POINT('',(2.242110674601,6.500000000001));
#785 = CARTESIAN_POINT('',(2.757889325399,6.499999999999));
#786 = CARTESIAN_POINT('',(3.278769421554,6.5));
#787 = CARTESIAN_POINT('',(3.816051827868,6.5));
#788 = CARTESIAN_POINT('',(4.382932925256,6.5));
#789 = CARTESIAN_POINT('',(5.,6.5));
#790 = ( GEOMETRIC_REPRESENTATION_CONTEXT(2) 
PARAMETRIC_REPRESENTATION_CONTEXT() REPRESENTATION_CONTEXT('2D SPACE',''
  ) );
#791 = PCURVE('',#512,#792);
#792 = DEFINITIONAL_REPRESENTATION('',(#793),#797);
#793 = LINE('',#794,#795);
#794 = CARTESIAN_POINT('',(0.,6.5));
#795 = VECTOR('',#796,1.);
#796 = DIRECTION('',(1.,0.));
#797 = ( GEOMETRIC_REPRESENTATION_CONTEXT(2) 
PARAMETRIC_REPRESENTATION_CONTEXT() REPRESENTATION_CONTEXT('2D SPACE',''
  ) );
#798 = ORIENTED_EDGE('',*,*,#799,.T.);
#799 = EDGE_CURVE('',#769,#590,#800,.T.);
#800 = SURFACE_CURVE('',#801,(#811,#818),.PCURVE_S1.);
#801 = ( BOUNDED_CURVE() B_SPLINE_CURVE(8,(#802,#803,#804,#805,#806,#807
,#808,#809,#810),.UNSPECIFIED.,.F.,.F.) B_SPLINE_CURVE_WITH_KNOTS((9,9),
(6.5,11.5),.PIECEWISE_BEZIER_KNOTS.) CURVE() 
GEOMETRIC_REPRESENTATION_ITEM() RATIONAL_B_SPLINE_CURVE((1.,1.,1.,1.,1.,
1.,1.,1.,1.)) REPRESENTATION_ITEM('') );
#802 = CARTESIAN_POINT('',(11.5,14.5,15.));
#803 = CARTESIAN_POINT('',(10.875,14.5,15.260416666667));
#804 = CARTESIAN_POINT('',(10.25,14.5,15.433514953015));
#805 = CARTESIAN_POINT('',(9.625,14.5,15.534415093856));
#806 = CARTESIAN_POINT('',(9.,14.5,15.567171303395));
#807 = CARTESIAN_POINT('',(8.375,14.5,15.534415093856));
#808 = CARTESIAN_POINT('',(7.75,14.5,15.433514953015));
#809 = CARTESIAN_POINT('',(7.125,14.5,15.260416666667));
#810 = CARTESIAN_POINT('',(6.5,14.5,15.));
#811 = PCURVE('',#550,#812);
#812 = DEFINITIONAL_REPRESENTATION('',(#813),#817);
#813 = LINE('',#814,#815);
#814 = CARTESIAN_POINT('',(5.,0.));
#815 = VECTOR('',#816,1.);
#816 = DIRECTION('',(0.,1.));
#817 = ( GEOMETRIC_REPRESENTATION_CONTEXT(2) 
PARAMETRIC_REPRESENTATION_CONTEXT() REPRESENTATION_CONTEXT('2D SPACE',''
  ) );
#818 = PCURVE('',#819,#824);
#819 = CYLINDRICAL_SURFACE('',#820,6.5);
#820 = AXIS2_PLACEMENT_3D('',#821,#822,#823);
#821 = CARTESIAN_POINT('',(9.,16.,9.));
#822 = DIRECTION('',(0.,1.,-2.22044604925E-16));
#823 = DIRECTION('',(-1.,0.,0.));
#824 = DEFINITIONAL_REPRESENTATION('',(#825),#836);
#825 = B_SPLINE_CURVE_WITH_KNOTS('',9,(#826,#827,#828,#829,#830,#831,
    #832,#833,#834,#835),.UNSPECIFIED.,.F.,.F.,(10,10),(6.5,11.5),
  .PIECEWISE_BEZIER_KNOTS.);
#826 = CARTESIAN_POINT('',(1.965587446495,-1.5));
#827 = CARTESIAN_POINT('',(1.872994853902,-1.5));
#828 = CARTESIAN_POINT('',(1.784420875558,-1.5));
#829 = CARTESIAN_POINT('',(1.69812077962,-1.5));
#830 = CARTESIAN_POINT('',(1.613111654588,-1.5));
#831 = CARTESIAN_POINT('',(1.528480999002,-1.5));
#832 = CARTESIAN_POINT('',(1.44347187397,-1.5));
#833 = CARTESIAN_POINT('',(1.357171778032,-1.5));
#834 = CARTESIAN_POINT('',(1.268597799688,-1.5));
#835 = CARTESIAN_POINT('',(1.176005207095,-1.5));
#836 = ( GEOMETRIC_REPRESENTATION_CONTEXT(2) 
PARAMETRIC_REPRESENTATION_CONTEXT() REPRESENTATION_CONTEXT('2D SPACE',''
  ) );
#837 = ORIENTED_EDGE('',*,*,#589,.F.);
#838 = ORIENTED_EDGE('',*,*,#524,.F.);
#839 = ADVANCED_FACE('',(#840),#100,.F.);
#840 = FACE_BOUND('',#841,.F.);
#841 = EDGE_LOOP('',(#842,#843,#866,#894,#923,#951));
#842 = ORIENTED_EDGE('',*,*,#84,.T.);
#843 = ORIENTED_EDGE('',*,*,#844,.T.);
#844 = EDGE_CURVE('',#57,#845,#847,.T.);
#845 = VERTEX_POINT('',#846);
#846 = CARTESIAN_POINT('',(0.2,0.,18.));
#847 = SURFACE_CURVE('',#848,(#852,#859),.PCURVE_S1.);
#848 = LINE('',#849,#850);
#849 = CARTESIAN_POINT('',(0.2,-2.775557561563E-17,16.5));
#850 = VECTOR('',#851,1.);
#851 = DIRECTION('',(0.,0.,1.));
#852 = PCURVE('',#100,#853);
#853 = DEFINITIONAL_REPRESENTATION('',(#854),#858);
#854 = LINE('',#855,#856);
#855 = CARTESIAN_POINT('',(0.2,-16.5));
#856 = VECTOR('',#857,1.);
#857 = DIRECTION('',(0.,-1.));
#858 = ( GEOMETRIC_REPRESENTATION_CONTEXT(2) 
PARAMETRIC_REPRESENTATION_CONTEXT() REPRESENTATION_CONTEXT('2D SPACE',''
  ) );
#859 = PCURVE('',#748,#860);
#860 = DEFINITIONAL_REPRESENTATION('',(#861),#865);
#861 = LINE('',#862,#863);
#862 = CARTESIAN_POINT('',(1.570796326795,0.));
#863 = VECTOR('',#864,1.);
#864 = DIRECTION('',(0.,1.));
#865 = ( GEOMETRIC_REPRESENTATION_CONTEXT(2) 
PARAMETRIC_REPRESENTATION_CONTEXT() REPRESENTATION_CONTEXT('2D SPACE',''
  ) );
#866 = ORIENTED_EDGE('',*,*,#867,.T.);
#867 = EDGE_CURVE('',#845,#868,#870,.T.);
#868 = VERTEX_POINT('',#869);
#869 = CARTESIAN_POINT('',(1.3,0.,18.));
#870 = SURFACE_CURVE('',#871,(#875,#882),.PCURVE_S1.);
#871 = LINE('',#872,#873);
#872 = CARTESIAN_POINT('',(0.,0.,18.));
#873 = VECTOR('',#874,1.);
#874 = DIRECTION('',(1.,0.,0.));
#875 = PCURVE('',#100,#876);
#876 = DEFINITIONAL_REPRESENTATION('',(#877),#881);
#877 = LINE('',#878,#879);
#878 = CARTESIAN_POINT('',(0.,-18.));
#879 = VECTOR('',#880,1.);
#880 = DIRECTION('',(1.,0.));
#881 = ( GEOMETRIC_REPRESENTATION_CONTEXT(2) 
PARAMETRIC_REPRESENTATION_CONTEXT() REPRESENTATION_CONTEXT('2D SPACE',''
  ) );
#882 = PCURVE('',#883,#888);
#883 = PLANE('',#884);
#884 = AXIS2_PLACEMENT_3D('',#885,#886,#887);
#885 = CARTESIAN_POINT('',(9.,7.5,18.));
#886 = DIRECTION('',(0.,0.,1.));
#887 = DIRECTION('',(1.,0.,0.));
#888 = DEFINITIONAL_REPRESENTATION('',(#889),#893);
#889 = LINE('',#890,#891);
#890 = CARTESIAN_POINT('',(-9.,-7.5));
#891 = VECTOR('',#892,1.);
#892 = DIRECTION('',(1.,0.));
#893 = ( GEOMETRIC_REPRESENTATION_CONTEXT(2) 
PARAMETRIC_REPRESENTATION_CONTEXT() REPRESENTATION_CONTEXT('2D SPACE',''
  ) );
#894 = ORIENTED_EDGE('',*,*,#895,.T.);
#895 = EDGE_CURVE('',#868,#896,#898,.T.);
#896 = VERTEX_POINT('',#897);
#897 = CARTESIAN_POINT('',(1.5,0.,17.8));
#898 = SURFACE_CURVE('',#899,(#904,#911),.PCURVE_S1.);
#899 = CIRCLE('',#900,0.2);
#900 = AXIS2_PLACEMENT_3D('',#901,#902,#903);
#901 = CARTESIAN_POINT('',(1.3,0.,17.8));
#902 = DIRECTION('',(0.,1.,0.));
#903 = DIRECTION('',(0.,0.,1.));
#904 = PCURVE('',#100,#905);
#905 = DEFINITIONAL_REPRESENTATION('',(#906),#910);
#906 = CIRCLE('',#907,0.2);
#907 = AXIS2_PLACEMENT_2D('',#908,#909);
#908 = CARTESIAN_POINT('',(1.3,-17.8));
#909 = DIRECTION('',(0.,-1.));
#910 = ( GEOMETRIC_REPRESENTATION_CONTEXT(2) 
PARAMETRIC_REPRESENTATION_CONTEXT() REPRESENTATION_CONTEXT('2D SPACE',''
  ) );
#911 = PCURVE('',#912,#917);
#912 = CYLINDRICAL_SURFACE('',#913,0.2);
#913 = AXIS2_PLACEMENT_3D('',#914,#915,#916);
#914 = CARTESIAN_POINT('',(1.3,0.,17.8));
#915 = DIRECTION('',(0.,1.,0.));
#916 = DIRECTION('',(0.,0.,1.));
#917 = DEFINITIONAL_REPRESENTATION('',(#918),#922);
#918 = LINE('',#919,#920);
#919 = CARTESIAN_POINT('',(0.,0.));
#920 = VECTOR('',#921,1.);
#921 = DIRECTION('',(1.,0.));
#922 = ( GEOMETRIC_REPRESENTATION_CONTEXT(2) 
PARAMETRIC_REPRESENTATION_CONTEXT() REPRESENTATION_CONTEXT('2D SPACE',''
  ) );
#923 = ORIENTED_EDGE('',*,*,#924,.F.);
#924 = EDGE_CURVE('',#925,#896,#927,.T.);
#925 = VERTEX_POINT('',#926);
#926 = CARTESIAN_POINT('',(1.5,0.,16.7));
#927 = SURFACE_CURVE('',#928,(#932,#939),.PCURVE_S1.);
#928 = LINE('',#929,#930);
#929 = CARTESIAN_POINT('',(1.5,0.,0.));
#930 = VECTOR('',#931,1.);
#931 = DIRECTION('',(0.,0.,1.));
#932 = PCURVE('',#100,#933);
#933 = DEFINITIONAL_REPRESENTATION('',(#934),#938);
#934 = LINE('',#935,#936);
#935 = CARTESIAN_POINT('',(1.5,0.));
#936 = VECTOR('',#937,1.);
#937 = DIRECTION('',(0.,-1.));
#938 = ( GEOMETRIC_REPRESENTATION_CONTEXT(2) 
PARAMETRIC_REPRESENTATION_CONTEXT() REPRESENTATION_CONTEXT('2D SPACE',''
  ) );
#939 = PCURVE('',#940,#945);
#940 = PLANE('',#941);
#941 = AXIS2_PLACEMENT_3D('',#942,#943,#944);
#942 = CARTESIAN_POINT('',(1.5,0.,0.));
#943 = DIRECTION('',(-1.,0.,0.));
#944 = DIRECTION('',(0.,1.,0.));
#945 = DEFINITIONAL_REPRESENTATION('',(#946),#950);
#946 = LINE('',#947,#948);
#947 = CARTESIAN_POINT('',(0.,0.));
#948 = VECTOR('',#949,1.);
#949 = DIRECTION('',(0.,-1.));
#950 = ( GEOMETRIC_REPRESENTATION_CONTEXT(2) 
PARAMETRIC_REPRESENTATION_CONTEXT() REPRESENTATION_CONTEXT('2D SPACE',''
  ) );
#951 = ORIENTED_EDGE('',*,*,#952,.F.);
#952 = EDGE_CURVE('',#85,#925,#953,.T.);
#953 = SURFACE_CURVE('',#954,(#959,#970),.PCURVE_S1.);
#954 = CIRCLE('',#955,0.2);
#955 = AXIS2_PLACEMENT_3D('',#956,#957,#958);
#956 = CARTESIAN_POINT('',(1.3,0.,16.7));
#957 = DIRECTION('',(0.,-1.,0.));
#958 = DIRECTION('',(0.,0.,1.));
#959 = PCURVE('',#100,#960);
#960 = DEFINITIONAL_REPRESENTATION('',(#961),#969);
#961 = ( BOUNDED_CURVE() B_SPLINE_CURVE(2,(#962,#963,#964,#965,#966,#967
,#968),.UNSPECIFIED.,.T.,.F.) B_SPLINE_CURVE_WITH_KNOTS((1,2,2,2,2,1),(
    -2.094395102393,0.,2.094395102393,4.188790204786,6.28318530718,
8.377580409573),.UNSPECIFIED.) CURVE() GEOMETRIC_REPRESENTATION_ITEM() 
RATIONAL_B_SPLINE_CURVE((1.,0.5,1.,0.5,1.,0.5,1.)) REPRESENTATION_ITEM(
  '') );
#962 = CARTESIAN_POINT('',(1.3,-16.9));
#963 = CARTESIAN_POINT('',(0.953589838486,-16.9));
#964 = CARTESIAN_POINT('',(1.126794919243,-16.6));
#965 = CARTESIAN_POINT('',(1.3,-16.3));
#966 = CARTESIAN_POINT('',(1.473205080757,-16.6));
#967 = CARTESIAN_POINT('',(1.646410161514,-16.9));
#968 = CARTESIAN_POINT('',(1.3,-16.9));
#969 = ( GEOMETRIC_REPRESENTATION_CONTEXT(2) 
PARAMETRIC_REPRESENTATION_CONTEXT() REPRESENTATION_CONTEXT('2D SPACE',''
  ) );
#970 = PCURVE('',#128,#971);
#971 = DEFINITIONAL_REPRESENTATION('',(#972),#976);
#972 = LINE('',#973,#974);
#973 = CARTESIAN_POINT('',(3.14159265359,-0.));
#974 = VECTOR('',#975,1.);
#975 = DIRECTION('',(-1.,0.));
#976 = ( GEOMETRIC_REPRESENTATION_CONTEXT(2) 
PARAMETRIC_REPRESENTATION_CONTEXT() REPRESENTATION_CONTEXT('2D SPACE',''
  ) );
#977 = ADVANCED_FACE('',(#978),#512,.F.);
#978 = FACE_BOUND('',#979,.F.);
#979 = EDGE_LOOP('',(#980,#981,#1010,#1036));
#980 = ORIENTED_EDGE('',*,*,#496,.F.);
#981 = ORIENTED_EDGE('',*,*,#982,.F.);
#982 = EDGE_CURVE('',#983,#469,#985,.T.);
#983 = VERTEX_POINT('',#984);
#984 = CARTESIAN_POINT('',(17.8,14.5,15.));
#985 = SURFACE_CURVE('',#986,(#991,#998),.PCURVE_S1.);
#986 = CIRCLE('',#987,1.5);
#987 = AXIS2_PLACEMENT_3D('',#988,#989,#990);
#988 = CARTESIAN_POINT('',(17.8,13.,15.));
#989 = DIRECTION('',(1.,0.,0.));
#990 = DIRECTION('',(0.,1.,0.));
#991 = PCURVE('',#512,#992);
#992 = DEFINITIONAL_REPRESENTATION('',(#993),#997);
#993 = LINE('',#994,#995);
#994 = CARTESIAN_POINT('',(1.570796326795,0.2));
#995 = VECTOR('',#996,1.);
#996 = DIRECTION('',(-1.,-0.));
#997 = ( GEOMETRIC_REPRESENTATION_CONTEXT(2) 
PARAMETRIC_REPRESENTATION_CONTEXT() REPRESENTATION_CONTEXT('2D SPACE',''
  ) );
#998 = PCURVE('',#999,#1004);
#999 = TOROIDAL_SURFACE('',#1000,1.7,0.2);
#1000 = AXIS2_PLACEMENT_3D('',#1001,#1002,#1003);
#1001 = CARTESIAN_POINT('',(17.8,13.,15.));
#1002 = DIRECTION('',(1.,0.,0.));
#1003 = DIRECTION('',(0.,1.,0.));
#1004 = DEFINITIONAL_REPRESENTATION('',(#1005),#1009);
#1005 = LINE('',#1006,#1007);
#1006 = CARTESIAN_POINT('',(0.,3.14159265359));
#1007 = VECTOR('',#1008,1.);
#1008 = DIRECTION('',(1.,0.));
#1009 = ( GEOMETRIC_REPRESENTATION_CONTEXT(2) 
PARAMETRIC_REPRESENTATION_CONTEXT() REPRESENTATION_CONTEXT('2D SPACE',''
  ) );
#1010 = ORIENTED_EDGE('',*,*,#1011,.T.);
#1011 = EDGE_CURVE('',#983,#769,#1012,.T.);
#1012 = SURFACE_CURVE('',#1013,(#1017,#1024),.PCURVE_S1.);
#1013 = LINE('',#1014,#1015);
#1014 = CARTESIAN_POINT('',(18.,14.5,15.));
#1015 = VECTOR('',#1016,1.);
#1016 = DIRECTION('',(-1.,-0.,-0.));
#1017 = PCURVE('',#512,#1018);
#1018 = DEFINITIONAL_REPRESENTATION('',(#1019),#1023);
#1019 = LINE('',#1020,#1021);
#1020 = CARTESIAN_POINT('',(1.570796326795,0.));
#1021 = VECTOR('',#1022,1.);
#1022 = DIRECTION('',(0.,1.));
#1023 = ( GEOMETRIC_REPRESENTATION_CONTEXT(2) 
PARAMETRIC_REPRESENTATION_CONTEXT() REPRESENTATION_CONTEXT('2D SPACE',''
  ) );
#1024 = PCURVE('',#1025,#1030);
#1025 = PLANE('',#1026);
#1026 = AXIS2_PLACEMENT_3D('',#1027,#1028,#1029);
#1027 = CARTESIAN_POINT('',(18.,14.5,1.5));
#1028 = DIRECTION('',(0.,1.,0.));
#1029 = DIRECTION('',(0.,0.,1.));
#1030 = DEFINITIONAL_REPRESENTATION('',(#1031),#1035);
#1031 = LINE('',#1032,#1033);
#1032 = CARTESIAN_POINT('',(13.5,0.));
#1033 = VECTOR('',#1034,1.);
#1034 = DIRECTION('',(0.,-1.));
#1035 = ( GEOMETRIC_REPRESENTATION_CONTEXT(2) 
PARAMETRIC_REPRESENTATION_CONTEXT() REPRESENTATION_CONTEXT('2D SPACE',''
  ) );
#1036 = ORIENTED_EDGE('',*,*,#768,.F.);
#1037 = ADVANCED_FACE('',(#1038),#128,.T.);
#1038 = FACE_BOUND('',#1039,.F.);
#1039 = EDGE_LOOP('',(#1040,#1041,#1064,#1086));
#1040 = ORIENTED_EDGE('',*,*,#952,.T.);
#1041 = ORIENTED_EDGE('',*,*,#1042,.T.);
#1042 = EDGE_CURVE('',#925,#1043,#1045,.T.);
#1043 = VERTEX_POINT('',#1044);
#1044 = CARTESIAN_POINT('',(1.5,3.5,16.7));
#1045 = SURFACE_CURVE('',#1046,(#1050,#1057),.PCURVE_S1.);
#1046 = LINE('',#1047,#1048);
#1047 = CARTESIAN_POINT('',(1.5,0.,16.7));
#1048 = VECTOR('',#1049,1.);
#1049 = DIRECTION('',(0.,1.,0.));
#1050 = PCURVE('',#128,#1051);
#1051 = DEFINITIONAL_REPRESENTATION('',(#1052),#1056);
#1052 = LINE('',#1053,#1054);
#1053 = CARTESIAN_POINT('',(-1.570796326795,0.));
#1054 = VECTOR('',#1055,1.);
#1055 = DIRECTION('',(-0.,1.));
#1056 = ( GEOMETRIC_REPRESENTATION_CONTEXT(2) 
PARAMETRIC_REPRESENTATION_CONTEXT() REPRESENTATION_CONTEXT('2D SPACE',''
  ) );
#1057 = PCURVE('',#940,#1058);
#1058 = DEFINITIONAL_REPRESENTATION('',(#1059),#1063);
#1059 = LINE('',#1060,#1061);
#1060 = CARTESIAN_POINT('',(0.,-16.7));
#1061 = VECTOR('',#1062,1.);
#1062 = DIRECTION('',(1.,0.));
#1063 = ( GEOMETRIC_REPRESENTATION_CONTEXT(2) 
PARAMETRIC_REPRESENTATION_CONTEXT() REPRESENTATION_CONTEXT('2D SPACE',''
  ) );
#1064 = ORIENTED_EDGE('',*,*,#1065,.F.);
#1065 = EDGE_CURVE('',#113,#1043,#1066,.T.);
#1066 = SURFACE_CURVE('',#1067,(#1072,#1079),.PCURVE_S1.);
#1067 = CIRCLE('',#1068,0.2);
#1068 = AXIS2_PLACEMENT_3D('',#1069,#1070,#1071);
#1069 = CARTESIAN_POINT('',(1.3,3.5,16.7));
#1070 = DIRECTION('',(0.,-1.,0.));
#1071 = DIRECTION('',(0.,0.,-1.));
#1072 = PCURVE('',#128,#1073);
#1073 = DEFINITIONAL_REPRESENTATION('',(#1074),#1078);
#1074 = LINE('',#1075,#1076);
#1075 = CARTESIAN_POINT('',(-0.,3.5));
#1076 = VECTOR('',#1077,1.);
#1077 = DIRECTION('',(-1.,0.));
#1078 = ( GEOMETRIC_REPRESENTATION_CONTEXT(2) 
PARAMETRIC_REPRESENTATION_CONTEXT() REPRESENTATION_CONTEXT('2D SPACE',''
  ) );
#1079 = PCURVE('',#161,#1080);
#1080 = DEFINITIONAL_REPRESENTATION('',(#1081),#1085);
#1081 = LINE('',#1082,#1083);
#1082 = CARTESIAN_POINT('',(0.,1.570796326795));
#1083 = VECTOR('',#1084,1.);
#1084 = DIRECTION('',(0.,1.));
#1085 = ( GEOMETRIC_REPRESENTATION_CONTEXT(2) 
PARAMETRIC_REPRESENTATION_CONTEXT() REPRESENTATION_CONTEXT('2D SPACE',''
  ) );
#1086 = ORIENTED_EDGE('',*,*,#112,.F.);
#1087 = ADVANCED_FACE('',(#1088),#484,.T.);
#1088 = FACE_BOUND('',#1089,.F.);
#1089 = EDGE_LOOP('',(#1090,#1114,#1115,#1152));
#1090 = ORIENTED_EDGE('',*,*,#1091,.T.);
#1091 = EDGE_CURVE('',#1092,#469,#1094,.T.);
#1092 = VERTEX_POINT('',#1093);
#1093 = CARTESIAN_POINT('',(18.,13.,16.7));
#1094 = SURFACE_CURVE('',#1095,(#1100,#1107),.PCURVE_S1.);
#1095 = CIRCLE('',#1096,0.2);
#1096 = AXIS2_PLACEMENT_3D('',#1097,#1098,#1099);
#1097 = CARTESIAN_POINT('',(17.8,13.,16.7));
#1098 = DIRECTION('',(0.,1.,-6.123233995737E-17));
#1099 = DIRECTION('',(0.,6.123233995737E-17,1.));
#1100 = PCURVE('',#484,#1101);
#1101 = DEFINITIONAL_REPRESENTATION('',(#1102),#1106);
#1102 = LINE('',#1103,#1104);
#1103 = CARTESIAN_POINT('',(1.570796326795,-0.));
#1104 = VECTOR('',#1105,1.);
#1105 = DIRECTION('',(-1.,0.));
#1106 = ( GEOMETRIC_REPRESENTATION_CONTEXT(2) 
PARAMETRIC_REPRESENTATION_CONTEXT() REPRESENTATION_CONTEXT('2D SPACE',''
  ) );
#1107 = PCURVE('',#999,#1108);
#1108 = DEFINITIONAL_REPRESENTATION('',(#1109),#1113);
#1109 = LINE('',#1110,#1111);
#1110 = CARTESIAN_POINT('',(1.570796326795,0.));
#1111 = VECTOR('',#1112,1.);
#1112 = DIRECTION('',(0.,1.));
#1113 = ( GEOMETRIC_REPRESENTATION_CONTEXT(2) 
PARAMETRIC_REPRESENTATION_CONTEXT() REPRESENTATION_CONTEXT('2D SPACE',''
  ) );
#1114 = ORIENTED_EDGE('',*,*,#468,.T.);
#1115 = ORIENTED_EDGE('',*,*,#1116,.F.);
#1116 = EDGE_CURVE('',#1117,#441,#1119,.T.);
#1117 = VERTEX_POINT('',#1118);
#1118 = CARTESIAN_POINT('',(18.,0.2,16.7));
#1119 = SURFACE_CURVE('',#1120,(#1125,#1136),.PCURVE_S1.);
#1120 = ELLIPSE('',#1121,0.282842712475,0.2);
#1121 = AXIS2_PLACEMENT_3D('',#1122,#1123,#1124);
#1122 = CARTESIAN_POINT('',(17.8,0.2,16.7));
#1123 = DIRECTION('',(0.,0.707106781187,-0.707106781187));
#1124 = DIRECTION('',(0.,-0.707106781187,-0.707106781187));
#1125 = PCURVE('',#484,#1126);
#1126 = DEFINITIONAL_REPRESENTATION('',(#1127),#1135);
#1127 = B_SPLINE_CURVE_WITH_KNOTS('',6,(#1128,#1129,#1130,#1131,#1132,
    #1133,#1134),.UNSPECIFIED.,.F.,.F.,(7,7),(4.712388980385,
    6.28318530718),.PIECEWISE_BEZIER_KNOTS.);
#1128 = CARTESIAN_POINT('',(3.330669073876E-16,12.8));
#1129 = CARTESIAN_POINT('',(-0.261799387799,12.85235987756));
#1130 = CARTESIAN_POINT('',(-0.523597760808,12.904715816938));
#1131 = CARTESIAN_POINT('',(-0.785397946625,12.950637468766));
#1132 = CARTESIAN_POINT('',(-1.047198797763,12.98355452356));
#1133 = CARTESIAN_POINT('',(-1.308996938996,13.));
#1134 = CARTESIAN_POINT('',(-1.570796326795,13.));
#1135 = ( GEOMETRIC_REPRESENTATION_CONTEXT(2) 
PARAMETRIC_REPRESENTATION_CONTEXT() REPRESENTATION_CONTEXT('2D SPACE',''
  ) );
#1136 = PCURVE('',#1137,#1142);
#1137 = CYLINDRICAL_SURFACE('',#1138,0.2);
#1138 = AXIS2_PLACEMENT_3D('',#1139,#1140,#1141);
#1139 = CARTESIAN_POINT('',(17.8,0.2,16.5));
#1140 = DIRECTION('',(0.,0.,1.));
#1141 = DIRECTION('',(0.,-1.,0.));
#1142 = DEFINITIONAL_REPRESENTATION('',(#1143),#1151);
#1143 = B_SPLINE_CURVE_WITH_KNOTS('',6,(#1144,#1145,#1146,#1147,#1148,
    #1149,#1150),.UNSPECIFIED.,.F.,.F.,(7,7),(4.712388980385,
    6.28318530718),.PIECEWISE_BEZIER_KNOTS.);
#1144 = CARTESIAN_POINT('',(1.570796326795,0.2));
#1145 = CARTESIAN_POINT('',(1.308996938996,0.14764012244));
#1146 = CARTESIAN_POINT('',(1.047198565987,9.528418306217E-02));
#1147 = CARTESIAN_POINT('',(0.785398380172,4.9362531233E-02));
#1148 = CARTESIAN_POINT('',(0.523597529032,1.644547644031E-02));
#1149 = CARTESIAN_POINT('',(0.261799387799,-6.470518565393E-17));
#1150 = CARTESIAN_POINT('',(1.110223024625E-16,6.938893903907E-18));
#1151 = ( GEOMETRIC_REPRESENTATION_CONTEXT(2) 
PARAMETRIC_REPRESENTATION_CONTEXT() REPRESENTATION_CONTEXT('2D SPACE',''
  ) );
#1152 = ORIENTED_EDGE('',*,*,#1153,.F.);
#1153 = EDGE_CURVE('',#1092,#1117,#1154,.T.);
#1154 = SURFACE_CURVE('',#1155,(#1159,#1166),.PCURVE_S1.);
#1155 = LINE('',#1156,#1157);
#1156 = CARTESIAN_POINT('',(18.,13.,16.7));
#1157 = VECTOR('',#1158,1.);
#1158 = DIRECTION('',(0.,-1.,0.));
#1159 = PCURVE('',#484,#1160);
#1160 = DEFINITIONAL_REPRESENTATION('',(#1161),#1165);
#1161 = LINE('',#1162,#1163);
#1162 = CARTESIAN_POINT('',(-0.,0.));
#1163 = VECTOR('',#1164,1.);
#1164 = DIRECTION('',(-0.,1.));
#1165 = ( GEOMETRIC_REPRESENTATION_CONTEXT(2) 
PARAMETRIC_REPRESENTATION_CONTEXT() REPRESENTATION_CONTEXT('2D SPACE',''
  ) );
#1166 = PCURVE('',#1167,#1172);
#1167 = PLANE('',#1168);
#1168 = AXIS2_PLACEMENT_3D('',#1169,#1170,#1171);
#1169 = CARTESIAN_POINT('',(18.,0.,0.));
#1170 = DIRECTION('',(-1.,0.,0.));
#1171 = DIRECTION('',(0.,1.,0.));
#1172 = DEFINITIONAL_REPRESENTATION('',(#1173),#1177);
#1173 = LINE('',#1174,#1175);
#1174 = CARTESIAN_POINT('',(13.,-16.7));
#1175 = VECTOR('',#1176,1.);
#1176 = DIRECTION('',(-1.,0.));
#1177 = ( GEOMETRIC_REPRESENTATION_CONTEXT(2) 
PARAMETRIC_REPRESENTATION_CONTEXT() REPRESENTATION_CONTEXT('2D SPACE',''
  ) );
#1178 = ADVANCED_FACE('',(#1179),#161,.T.);
#1179 = FACE_BOUND('',#1180,.T.);
#1180 = EDGE_LOOP('',(#1181,#1182,#1183,#1207));
#1181 = ORIENTED_EDGE('',*,*,#1065,.F.);
#1182 = ORIENTED_EDGE('',*,*,#140,.T.);
#1183 = ORIENTED_EDGE('',*,*,#1184,.T.);
#1184 = EDGE_CURVE('',#141,#1185,#1187,.T.);
#1185 = VERTEX_POINT('',#1186);
#1186 = CARTESIAN_POINT('',(2.,4.,16.7));
#1187 = SURFACE_CURVE('',#1188,(#1193,#1200),.PCURVE_S1.);
#1188 = CIRCLE('',#1189,0.2);
#1189 = AXIS2_PLACEMENT_3D('',#1190,#1191,#1192);
#1190 = CARTESIAN_POINT('',(2.,4.2,16.7));
#1191 = DIRECTION('',(-1.,-6.123233995737E-17,-0.));
#1192 = DIRECTION('',(-6.123233995737E-17,1.,0.));
#1193 = PCURVE('',#161,#1194);
#1194 = DEFINITIONAL_REPRESENTATION('',(#1195),#1199);
#1195 = LINE('',#1196,#1197);
#1196 = CARTESIAN_POINT('',(1.570796326795,0.));
#1197 = VECTOR('',#1198,1.);
#1198 = DIRECTION('',(0.,1.));
#1199 = ( GEOMETRIC_REPRESENTATION_CONTEXT(2) 
PARAMETRIC_REPRESENTATION_CONTEXT() REPRESENTATION_CONTEXT('2D SPACE',''
  ) );
#1200 = PCURVE('',#189,#1201);
#1201 = DEFINITIONAL_REPRESENTATION('',(#1202),#1206);
#1202 = LINE('',#1203,#1204);
#1203 = CARTESIAN_POINT('',(1.570796326795,-0.));
#1204 = VECTOR('',#1205,1.);
#1205 = DIRECTION('',(-1.,0.));
#1206 = ( GEOMETRIC_REPRESENTATION_CONTEXT(2) 
PARAMETRIC_REPRESENTATION_CONTEXT() REPRESENTATION_CONTEXT('2D SPACE',''
  ) );
#1207 = ORIENTED_EDGE('',*,*,#1208,.F.);
#1208 = EDGE_CURVE('',#1043,#1185,#1209,.T.);
#1209 = SURFACE_CURVE('',#1210,(#1215,#1222),.PCURVE_S1.);
#1210 = CIRCLE('',#1211,0.5);
#1211 = AXIS2_PLACEMENT_3D('',#1212,#1213,#1214);
#1212 = CARTESIAN_POINT('',(2.,3.5,16.7));
#1213 = DIRECTION('',(0.,0.,-1.));
#1214 = DIRECTION('',(-1.,0.,0.));
#1215 = PCURVE('',#161,#1216);
#1216 = DEFINITIONAL_REPRESENTATION('',(#1217),#1221);
#1217 = LINE('',#1218,#1219);
#1218 = CARTESIAN_POINT('',(0.,3.14159265359));
#1219 = VECTOR('',#1220,1.);
#1220 = DIRECTION('',(1.,0.));
#1221 = ( GEOMETRIC_REPRESENTATION_CONTEXT(2) 
PARAMETRIC_REPRESENTATION_CONTEXT() REPRESENTATION_CONTEXT('2D SPACE',''
  ) );
#1222 = PCURVE('',#1223,#1228);
#1223 = CYLINDRICAL_SURFACE('',#1224,0.5);
#1224 = AXIS2_PLACEMENT_3D('',#1225,#1226,#1227);
#1225 = CARTESIAN_POINT('',(2.,3.5,16.5));
#1226 = DIRECTION('',(0.,0.,1.));
#1227 = DIRECTION('',(-1.,0.,0.));
#1228 = DEFINITIONAL_REPRESENTATION('',(#1229),#1233);
#1229 = LINE('',#1230,#1231);
#1230 = CARTESIAN_POINT('',(-0.,0.2));
#1231 = VECTOR('',#1232,1.);
#1232 = DIRECTION('',(-1.,0.));
#1233 = ( GEOMETRIC_REPRESENTATION_CONTEXT(2) 
PARAMETRIC_REPRESENTATION_CONTEXT() REPRESENTATION_CONTEXT('2D SPACE',''
  ) );
#1234 = ADVANCED_FACE('',(#1235),#456,.T.);
#1235 = FACE_BOUND('',#1236,.T.);
#1236 = EDGE_LOOP('',(#1237,#1238,#1261,#1284,#1313,#1341));
#1237 = ORIENTED_EDGE('',*,*,#440,.F.);
#1238 = ORIENTED_EDGE('',*,*,#1239,.T.);
#1239 = EDGE_CURVE('',#441,#1240,#1242,.T.);
#1240 = VERTEX_POINT('',#1241);
#1241 = CARTESIAN_POINT('',(17.8,0.,18.));
#1242 = SURFACE_CURVE('',#1243,(#1247,#1254),.PCURVE_S1.);
#1243 = LINE('',#1244,#1245);
#1244 = CARTESIAN_POINT('',(17.8,-2.775557561563E-17,16.5));
#1245 = VECTOR('',#1246,1.);
#1246 = DIRECTION('',(0.,0.,1.));
#1247 = PCURVE('',#456,#1248);
#1248 = DEFINITIONAL_REPRESENTATION('',(#1249),#1253);
#1249 = LINE('',#1250,#1251);
#1250 = CARTESIAN_POINT('',(0.2,-16.5));
#1251 = VECTOR('',#1252,1.);
#1252 = DIRECTION('',(0.,-1.));
#1253 = ( GEOMETRIC_REPRESENTATION_CONTEXT(2) 
PARAMETRIC_REPRESENTATION_CONTEXT() REPRESENTATION_CONTEXT('2D SPACE',''
  ) );
#1254 = PCURVE('',#1137,#1255);
#1255 = DEFINITIONAL_REPRESENTATION('',(#1256),#1260);
#1256 = LINE('',#1257,#1258);
#1257 = CARTESIAN_POINT('',(0.,0.));
#1258 = VECTOR('',#1259,1.);
#1259 = DIRECTION('',(0.,1.));
#1260 = ( GEOMETRIC_REPRESENTATION_CONTEXT(2) 
PARAMETRIC_REPRESENTATION_CONTEXT() REPRESENTATION_CONTEXT('2D SPACE',''
  ) );
#1261 = ORIENTED_EDGE('',*,*,#1262,.T.);
#1262 = EDGE_CURVE('',#1240,#1263,#1265,.T.);
#1263 = VERTEX_POINT('',#1264);
#1264 = CARTESIAN_POINT('',(16.7,0.,18.));
#1265 = SURFACE_CURVE('',#1266,(#1270,#1277),.PCURVE_S1.);
#1266 = LINE('',#1267,#1268);
#1267 = CARTESIAN_POINT('',(18.,0.,18.));
#1268 = VECTOR('',#1269,1.);
#1269 = DIRECTION('',(-1.,0.,0.));
#1270 = PCURVE('',#456,#1271);
#1271 = DEFINITIONAL_REPRESENTATION('',(#1272),#1276);
#1272 = LINE('',#1273,#1274);
#1273 = CARTESIAN_POINT('',(0.,-18.));
#1274 = VECTOR('',#1275,1.);
#1275 = DIRECTION('',(1.,0.));
#1276 = ( GEOMETRIC_REPRESENTATION_CONTEXT(2) 
PARAMETRIC_REPRESENTATION_CONTEXT() REPRESENTATION_CONTEXT('2D SPACE',''
  ) );
#1277 = PCURVE('',#883,#1278);
#1278 = DEFINITIONAL_REPRESENTATION('',(#1279),#1283);
#1279 = LINE('',#1280,#1281);
#1280 = CARTESIAN_POINT('',(9.,-7.5));
#1281 = VECTOR('',#1282,1.);
#1282 = DIRECTION('',(-1.,0.));
#1283 = ( GEOMETRIC_REPRESENTATION_CONTEXT(2) 
PARAMETRIC_REPRESENTATION_CONTEXT() REPRESENTATION_CONTEXT('2D SPACE',''
  ) );
#1284 = ORIENTED_EDGE('',*,*,#1285,.T.);
#1285 = EDGE_CURVE('',#1263,#1286,#1288,.T.);
#1286 = VERTEX_POINT('',#1287);
#1287 = CARTESIAN_POINT('',(16.5,0.,17.8));
#1288 = SURFACE_CURVE('',#1289,(#1294,#1301),.PCURVE_S1.);
#1289 = CIRCLE('',#1290,0.2);
#1290 = AXIS2_PLACEMENT_3D('',#1291,#1292,#1293);
#1291 = CARTESIAN_POINT('',(16.7,0.,17.8));
#1292 = DIRECTION('',(0.,-1.,0.));
#1293 = DIRECTION('',(0.,0.,-1.));
#1294 = PCURVE('',#456,#1295);
#1295 = DEFINITIONAL_REPRESENTATION('',(#1296),#1300);
#1296 = CIRCLE('',#1297,0.2);
#1297 = AXIS2_PLACEMENT_2D('',#1298,#1299);
#1298 = CARTESIAN_POINT('',(1.3,-17.8));
#1299 = DIRECTION('',(0.,1.));
#1300 = ( GEOMETRIC_REPRESENTATION_CONTEXT(2) 
PARAMETRIC_REPRESENTATION_CONTEXT() REPRESENTATION_CONTEXT('2D SPACE',''
  ) );
#1301 = PCURVE('',#1302,#1307);
#1302 = CYLINDRICAL_SURFACE('',#1303,0.2);
#1303 = AXIS2_PLACEMENT_3D('',#1304,#1305,#1306);
#1304 = CARTESIAN_POINT('',(16.7,3.5,17.8));
#1305 = DIRECTION('',(-0.,-1.,-0.));
#1306 = DIRECTION('',(0.,0.,1.));
#1307 = DEFINITIONAL_REPRESENTATION('',(#1308),#1312);
#1308 = LINE('',#1309,#1310);
#1309 = CARTESIAN_POINT('',(-3.14159265359,3.5));
#1310 = VECTOR('',#1311,1.);
#1311 = DIRECTION('',(1.,0.));
#1312 = ( GEOMETRIC_REPRESENTATION_CONTEXT(2) 
PARAMETRIC_REPRESENTATION_CONTEXT() REPRESENTATION_CONTEXT('2D SPACE',''
  ) );
#1313 = ORIENTED_EDGE('',*,*,#1314,.F.);
#1314 = EDGE_CURVE('',#1315,#1286,#1317,.T.);
#1315 = VERTEX_POINT('',#1316);
#1316 = CARTESIAN_POINT('',(16.5,0.,16.7));
#1317 = SURFACE_CURVE('',#1318,(#1322,#1329),.PCURVE_S1.);
#1318 = LINE('',#1319,#1320);
#1319 = CARTESIAN_POINT('',(16.5,0.,0.));
#1320 = VECTOR('',#1321,1.);
#1321 = DIRECTION('',(0.,0.,1.));
#1322 = PCURVE('',#456,#1323);
#1323 = DEFINITIONAL_REPRESENTATION('',(#1324),#1328);
#1324 = LINE('',#1325,#1326);
#1325 = CARTESIAN_POINT('',(1.5,0.));
#1326 = VECTOR('',#1327,1.);
#1327 = DIRECTION('',(0.,-1.));
#1328 = ( GEOMETRIC_REPRESENTATION_CONTEXT(2) 
PARAMETRIC_REPRESENTATION_CONTEXT() REPRESENTATION_CONTEXT('2D SPACE',''
  ) );
#1329 = PCURVE('',#1330,#1335);
#1330 = PLANE('',#1331);
#1331 = AXIS2_PLACEMENT_3D('',#1332,#1333,#1334);
#1332 = CARTESIAN_POINT('',(16.5,0.,0.));
#1333 = DIRECTION('',(-1.,0.,0.));
#1334 = DIRECTION('',(0.,1.,0.));
#1335 = DEFINITIONAL_REPRESENTATION('',(#1336),#1340);
#1336 = LINE('',#1337,#1338);
#1337 = CARTESIAN_POINT('',(0.,0.));
#1338 = VECTOR('',#1339,1.);
#1339 = DIRECTION('',(0.,-1.));
#1340 = ( GEOMETRIC_REPRESENTATION_CONTEXT(2) 
PARAMETRIC_REPRESENTATION_CONTEXT() REPRESENTATION_CONTEXT('2D SPACE',''
  ) );
#1341 = ORIENTED_EDGE('',*,*,#1342,.F.);
#1342 = EDGE_CURVE('',#413,#1315,#1343,.T.);
#1343 = SURFACE_CURVE('',#1344,(#1349,#1360),.PCURVE_S1.);
#1344 = CIRCLE('',#1345,0.2);
#1345 = AXIS2_PLACEMENT_3D('',#1346,#1347,#1348);
#1346 = CARTESIAN_POINT('',(16.7,0.,16.7));
#1347 = DIRECTION('',(0.,1.,0.));
#1348 = DIRECTION('',(0.,0.,-1.));
#1349 = PCURVE('',#456,#1350);
#1350 = DEFINITIONAL_REPRESENTATION('',(#1351),#1359);
#1351 = ( BOUNDED_CURVE() B_SPLINE_CURVE(2,(#1352,#1353,#1354,#1355,
#1356,#1357,#1358),.UNSPECIFIED.,.T.,.F.) B_SPLINE_CURVE_WITH_KNOTS((1,2
    ,2,2,2,1),(-2.094395102393,0.,2.094395102393,4.188790204786,
6.28318530718,8.377580409573),.UNSPECIFIED.) CURVE() 
GEOMETRIC_REPRESENTATION_ITEM() RATIONAL_B_SPLINE_CURVE((1.,0.5,1.,0.5,
1.,0.5,1.)) REPRESENTATION_ITEM('') );
#1352 = CARTESIAN_POINT('',(1.3,-16.5));
#1353 = CARTESIAN_POINT('',(1.646410161514,-16.5));
#1354 = CARTESIAN_POINT('',(1.473205080757,-16.8));
#1355 = CARTESIAN_POINT('',(1.3,-17.1));
#1356 = CARTESIAN_POINT('',(1.126794919243,-16.8));
#1357 = CARTESIAN_POINT('',(0.953589838486,-16.5));
#1358 = CARTESIAN_POINT('',(1.3,-16.5));
#1359 = ( GEOMETRIC_REPRESENTATION_CONTEXT(2) 
PARAMETRIC_REPRESENTATION_CONTEXT() REPRESENTATION_CONTEXT('2D SPACE',''
  ) );
#1360 = PCURVE('',#428,#1361);
#1361 = DEFINITIONAL_REPRESENTATION('',(#1362),#1366);
#1362 = LINE('',#1363,#1364);
#1363 = CARTESIAN_POINT('',(-0.,3.5));
#1364 = VECTOR('',#1365,1.);
#1365 = DIRECTION('',(-1.,0.));
#1366 = ( GEOMETRIC_REPRESENTATION_CONTEXT(2) 
PARAMETRIC_REPRESENTATION_CONTEXT() REPRESENTATION_CONTEXT('2D SPACE',''
  ) );
#1367 = ADVANCED_FACE('',(#1368),#189,.T.);
#1368 = FACE_BOUND('',#1369,.F.);
#1369 = EDGE_LOOP('',(#1370,#1371,#1399,#1421));
#1370 = ORIENTED_EDGE('',*,*,#1184,.T.);
#1371 = ORIENTED_EDGE('',*,*,#1372,.T.);
#1372 = EDGE_CURVE('',#1185,#1373,#1375,.T.);
#1373 = VERTEX_POINT('',#1374);
#1374 = CARTESIAN_POINT('',(7.75,4.,16.7));
#1375 = SURFACE_CURVE('',#1376,(#1380,#1387),.PCURVE_S1.);
#1376 = LINE('',#1377,#1378);
#1377 = CARTESIAN_POINT('',(2.,4.,16.7));
#1378 = VECTOR('',#1379,1.);
#1379 = DIRECTION('',(1.,0.,0.));
#1380 = PCURVE('',#189,#1381);
#1381 = DEFINITIONAL_REPRESENTATION('',(#1382),#1386);
#1382 = LINE('',#1383,#1384);
#1383 = CARTESIAN_POINT('',(-1.570796326795,0.));
#1384 = VECTOR('',#1385,1.);
#1385 = DIRECTION('',(-0.,1.));
#1386 = ( GEOMETRIC_REPRESENTATION_CONTEXT(2) 
PARAMETRIC_REPRESENTATION_CONTEXT() REPRESENTATION_CONTEXT('2D SPACE',''
  ) );
#1387 = PCURVE('',#1388,#1393);
#1388 = PLANE('',#1389);
#1389 = AXIS2_PLACEMENT_3D('',#1390,#1391,#1392);
#1390 = CARTESIAN_POINT('',(1.5,4.,0.));
#1391 = DIRECTION('',(0.,1.,0.));
#1392 = DIRECTION('',(1.,0.,0.));
#1393 = DEFINITIONAL_REPRESENTATION('',(#1394),#1398);
#1394 = LINE('',#1395,#1396);
#1395 = CARTESIAN_POINT('',(0.5,-16.7));
#1396 = VECTOR('',#1397,1.);
#1397 = DIRECTION('',(1.,0.));
#1398 = ( GEOMETRIC_REPRESENTATION_CONTEXT(2) 
PARAMETRIC_REPRESENTATION_CONTEXT() REPRESENTATION_CONTEXT('2D SPACE',''
  ) );
#1399 = ORIENTED_EDGE('',*,*,#1400,.F.);
#1400 = EDGE_CURVE('',#174,#1373,#1401,.T.);
#1401 = SURFACE_CURVE('',#1402,(#1407,#1414),.PCURVE_S1.);
#1402 = CIRCLE('',#1403,0.2);
#1403 = AXIS2_PLACEMENT_3D('',#1404,#1405,#1406);
#1404 = CARTESIAN_POINT('',(7.75,4.2,16.7));
#1405 = DIRECTION('',(-1.,-0.,-0.));
#1406 = DIRECTION('',(0.,0.,-1.));
#1407 = PCURVE('',#189,#1408);
#1408 = DEFINITIONAL_REPRESENTATION('',(#1409),#1413);
#1409 = LINE('',#1410,#1411);
#1410 = CARTESIAN_POINT('',(-0.,5.75));
#1411 = VECTOR('',#1412,1.);
#1412 = DIRECTION('',(-1.,0.));
#1413 = ( GEOMETRIC_REPRESENTATION_CONTEXT(2) 
PARAMETRIC_REPRESENTATION_CONTEXT() REPRESENTATION_CONTEXT('2D SPACE',''
  ) );
#1414 = PCURVE('',#222,#1415);
#1415 = DEFINITIONAL_REPRESENTATION('',(#1416),#1420);
#1416 = LINE('',#1417,#1418);
#1417 = CARTESIAN_POINT('',(0.,1.570796326795));
#1418 = VECTOR('',#1419,1.);
#1419 = DIRECTION('',(0.,1.));
#1420 = ( GEOMETRIC_REPRESENTATION_CONTEXT(2) 
PARAMETRIC_REPRESENTATION_CONTEXT() REPRESENTATION_CONTEXT('2D SPACE',''
  ) );
#1421 = ORIENTED_EDGE('',*,*,#173,.F.);
#1422 = ADVANCED_FACE('',(#1423),#428,.T.);
#1423 = FACE_BOUND('',#1424,.F.);
#1424 = EDGE_LOOP('',(#1425,#1449,#1470,#1471));
#1425 = ORIENTED_EDGE('',*,*,#1426,.T.);
#1426 = EDGE_CURVE('',#380,#1427,#1429,.T.);
#1427 = VERTEX_POINT('',#1428);
#1428 = CARTESIAN_POINT('',(16.5,3.5,16.7));
#1429 = SURFACE_CURVE('',#1430,(#1435,#1442),.PCURVE_S1.);
#1430 = CIRCLE('',#1431,0.2);
#1431 = AXIS2_PLACEMENT_3D('',#1432,#1433,#1434);
#1432 = CARTESIAN_POINT('',(16.7,3.5,16.7));
#1433 = DIRECTION('',(-6.123233995737E-17,1.,0.));
#1434 = DIRECTION('',(1.,6.123233995737E-17,0.));
#1435 = PCURVE('',#428,#1436);
#1436 = DEFINITIONAL_REPRESENTATION('',(#1437),#1441);
#1437 = LINE('',#1438,#1439);
#1438 = CARTESIAN_POINT('',(1.570796326795,-0.));
#1439 = VECTOR('',#1440,1.);
#1440 = DIRECTION('',(-1.,0.));
#1441 = ( GEOMETRIC_REPRESENTATION_CONTEXT(2) 
PARAMETRIC_REPRESENTATION_CONTEXT() REPRESENTATION_CONTEXT('2D SPACE',''
  ) );
#1442 = PCURVE('',#400,#1443);
#1443 = DEFINITIONAL_REPRESENTATION('',(#1444),#1448);
#1444 = LINE('',#1445,#1446);
#1445 = CARTESIAN_POINT('',(1.570796326795,0.));
#1446 = VECTOR('',#1447,1.);
#1447 = DIRECTION('',(0.,1.));
#1448 = ( GEOMETRIC_REPRESENTATION_CONTEXT(2) 
PARAMETRIC_REPRESENTATION_CONTEXT() REPRESENTATION_CONTEXT('2D SPACE',''
  ) );
#1449 = ORIENTED_EDGE('',*,*,#1450,.T.);
#1450 = EDGE_CURVE('',#1427,#1315,#1451,.T.);
#1451 = SURFACE_CURVE('',#1452,(#1456,#1463),.PCURVE_S1.);
#1452 = LINE('',#1453,#1454);
#1453 = CARTESIAN_POINT('',(16.5,3.5,16.7));
#1454 = VECTOR('',#1455,1.);
#1455 = DIRECTION('',(-0.,-1.,-0.));
#1456 = PCURVE('',#428,#1457);
#1457 = DEFINITIONAL_REPRESENTATION('',(#1458),#1462);
#1458 = LINE('',#1459,#1460);
#1459 = CARTESIAN_POINT('',(-1.570796326795,0.));
#1460 = VECTOR('',#1461,1.);
#1461 = DIRECTION('',(-0.,1.));
#1462 = ( GEOMETRIC_REPRESENTATION_CONTEXT(2) 
PARAMETRIC_REPRESENTATION_CONTEXT() REPRESENTATION_CONTEXT('2D SPACE',''
  ) );
#1463 = PCURVE('',#1330,#1464);
#1464 = DEFINITIONAL_REPRESENTATION('',(#1465),#1469);
#1465 = LINE('',#1466,#1467);
#1466 = CARTESIAN_POINT('',(3.5,-16.7));
#1467 = VECTOR('',#1468,1.);
#1468 = DIRECTION('',(-1.,0.));
#1469 = ( GEOMETRIC_REPRESENTATION_CONTEXT(2) 
PARAMETRIC_REPRESENTATION_CONTEXT() REPRESENTATION_CONTEXT('2D SPACE',''
  ) );
#1470 = ORIENTED_EDGE('',*,*,#1342,.F.);
#1471 = ORIENTED_EDGE('',*,*,#412,.F.);
#1472 = ADVANCED_FACE('',(#1473),#222,.T.);
#1473 = FACE_BOUND('',#1474,.T.);
#1474 = EDGE_LOOP('',(#1475,#1476,#1477,#1501));
#1475 = ORIENTED_EDGE('',*,*,#1400,.F.);
#1476 = ORIENTED_EDGE('',*,*,#201,.T.);
#1477 = ORIENTED_EDGE('',*,*,#1478,.T.);
#1478 = EDGE_CURVE('',#202,#1479,#1481,.T.);
#1479 = VERTEX_POINT('',#1480);
#1480 = CARTESIAN_POINT('',(8.25,3.5,16.7));
#1481 = SURFACE_CURVE('',#1482,(#1487,#1494),.PCURVE_S1.);
#1482 = CIRCLE('',#1483,0.2);
#1483 = AXIS2_PLACEMENT_3D('',#1484,#1485,#1486);
#1484 = CARTESIAN_POINT('',(8.45,3.5,16.7));
#1485 = DIRECTION('',(-6.123233995737E-17,1.,0.));
#1486 = DIRECTION('',(1.,6.123233995737E-17,0.));
#1487 = PCURVE('',#222,#1488);
#1488 = DEFINITIONAL_REPRESENTATION('',(#1489),#1493);
#1489 = LINE('',#1490,#1491);
#1490 = CARTESIAN_POINT('',(1.570796326795,0.));
#1491 = VECTOR('',#1492,1.);
#1492 = DIRECTION('',(0.,1.));
#1493 = ( GEOMETRIC_REPRESENTATION_CONTEXT(2) 
PARAMETRIC_REPRESENTATION_CONTEXT() REPRESENTATION_CONTEXT('2D SPACE',''
  ) );
#1494 = PCURVE('',#250,#1495);
#1495 = DEFINITIONAL_REPRESENTATION('',(#1496),#1500);
#1496 = LINE('',#1497,#1498);
#1497 = CARTESIAN_POINT('',(1.570796326795,-0.));
#1498 = VECTOR('',#1499,1.);
#1499 = DIRECTION('',(-1.,0.));
#1500 = ( GEOMETRIC_REPRESENTATION_CONTEXT(2) 
PARAMETRIC_REPRESENTATION_CONTEXT() REPRESENTATION_CONTEXT('2D SPACE',''
  ) );
#1501 = ORIENTED_EDGE('',*,*,#1502,.F.);
#1502 = EDGE_CURVE('',#1373,#1479,#1503,.T.);
#1503 = SURFACE_CURVE('',#1504,(#1509,#1516),.PCURVE_S1.);
#1504 = CIRCLE('',#1505,0.5);
#1505 = AXIS2_PLACEMENT_3D('',#1506,#1507,#1508);
#1506 = CARTESIAN_POINT('',(7.75,3.5,16.7));
#1507 = DIRECTION('',(0.,0.,-1.));
#1508 = DIRECTION('',(0.,1.,0.));
#1509 = PCURVE('',#222,#1510);
#1510 = DEFINITIONAL_REPRESENTATION('',(#1511),#1515);
#1511 = LINE('',#1512,#1513);
#1512 = CARTESIAN_POINT('',(0.,3.14159265359));
#1513 = VECTOR('',#1514,1.);
#1514 = DIRECTION('',(1.,0.));
#1515 = ( GEOMETRIC_REPRESENTATION_CONTEXT(2) 
PARAMETRIC_REPRESENTATION_CONTEXT() REPRESENTATION_CONTEXT('2D SPACE',''
  ) );
#1516 = PCURVE('',#1517,#1522);
#1517 = CYLINDRICAL_SURFACE('',#1518,0.5);
#1518 = AXIS2_PLACEMENT_3D('',#1519,#1520,#1521);
#1519 = CARTESIAN_POINT('',(7.75,3.5,16.5));
#1520 = DIRECTION('',(0.,0.,1.));
#1521 = DIRECTION('',(0.,1.,0.));
#1522 = DEFINITIONAL_REPRESENTATION('',(#1523),#1527);
#1523 = LINE('',#1524,#1525);
#1524 = CARTESIAN_POINT('',(-0.,0.2));
#1525 = VECTOR('',#1526,1.);
#1526 = DIRECTION('',(-1.,0.));
#1527 = ( GEOMETRIC_REPRESENTATION_CONTEXT(2) 
PARAMETRIC_REPRESENTATION_CONTEXT() REPRESENTATION_CONTEXT('2D SPACE',''
  ) );
#1528 = ADVANCED_FACE('',(#1529),#400,.T.);
#1529 = FACE_BOUND('',#1530,.T.);
#1530 = EDGE_LOOP('',(#1531,#1555,#1556,#1557));
#1531 = ORIENTED_EDGE('',*,*,#1532,.F.);
#1532 = EDGE_CURVE('',#352,#1533,#1535,.T.);
#1533 = VERTEX_POINT('',#1534);
#1534 = CARTESIAN_POINT('',(16.,4.,16.7));
#1535 = SURFACE_CURVE('',#1536,(#1541,#1548),.PCURVE_S1.);
#1536 = CIRCLE('',#1537,0.2);
#1537 = AXIS2_PLACEMENT_3D('',#1538,#1539,#1540);
#1538 = CARTESIAN_POINT('',(16.,4.2,16.7));
#1539 = DIRECTION('',(-1.,-0.,-0.));
#1540 = DIRECTION('',(0.,0.,-1.));
#1541 = PCURVE('',#400,#1542);
#1542 = DEFINITIONAL_REPRESENTATION('',(#1543),#1547);
#1543 = LINE('',#1544,#1545);
#1544 = CARTESIAN_POINT('',(0.,1.570796326795));
#1545 = VECTOR('',#1546,1.);
#1546 = DIRECTION('',(0.,1.));
#1547 = ( GEOMETRIC_REPRESENTATION_CONTEXT(2) 
PARAMETRIC_REPRESENTATION_CONTEXT() REPRESENTATION_CONTEXT('2D SPACE',''
  ) );
#1548 = PCURVE('',#367,#1549);
#1549 = DEFINITIONAL_REPRESENTATION('',(#1550),#1554);
#1550 = LINE('',#1551,#1552);
#1551 = CARTESIAN_POINT('',(-0.,5.75));
#1552 = VECTOR('',#1553,1.);
#1553 = DIRECTION('',(-1.,0.));
#1554 = ( GEOMETRIC_REPRESENTATION_CONTEXT(2) 
PARAMETRIC_REPRESENTATION_CONTEXT() REPRESENTATION_CONTEXT('2D SPACE',''
  ) );
#1555 = ORIENTED_EDGE('',*,*,#379,.T.);
#1556 = ORIENTED_EDGE('',*,*,#1426,.T.);
#1557 = ORIENTED_EDGE('',*,*,#1558,.F.);
#1558 = EDGE_CURVE('',#1533,#1427,#1559,.T.);
#1559 = SURFACE_CURVE('',#1560,(#1565,#1572),.PCURVE_S1.);
#1560 = CIRCLE('',#1561,0.5);
#1561 = AXIS2_PLACEMENT_3D('',#1562,#1563,#1564);
#1562 = CARTESIAN_POINT('',(16.,3.5,16.7));
#1563 = DIRECTION('',(0.,0.,-1.));
#1564 = DIRECTION('',(0.,1.,0.));
#1565 = PCURVE('',#400,#1566);
#1566 = DEFINITIONAL_REPRESENTATION('',(#1567),#1571);
#1567 = LINE('',#1568,#1569);
#1568 = CARTESIAN_POINT('',(0.,3.14159265359));
#1569 = VECTOR('',#1570,1.);
#1570 = DIRECTION('',(1.,0.));
#1571 = ( GEOMETRIC_REPRESENTATION_CONTEXT(2) 
PARAMETRIC_REPRESENTATION_CONTEXT() REPRESENTATION_CONTEXT('2D SPACE',''
  ) );
#1572 = PCURVE('',#1573,#1578);
#1573 = CYLINDRICAL_SURFACE('',#1574,0.5);
#1574 = AXIS2_PLACEMENT_3D('',#1575,#1576,#1577);
#1575 = CARTESIAN_POINT('',(16.,3.5,16.5));
#1576 = DIRECTION('',(0.,0.,1.));
#1577 = DIRECTION('',(1.,0.,0.));
#1578 = DEFINITIONAL_REPRESENTATION('',(#1579),#1583);
#1579 = LINE('',#1580,#1581);
#1580 = CARTESIAN_POINT('',(1.570796326795,0.2));
#1581 = VECTOR('',#1582,1.);
#1582 = DIRECTION('',(-1.,-0.));
#1583 = ( GEOMETRIC_REPRESENTATION_CONTEXT(2) 
PARAMETRIC_REPRESENTATION_CONTEXT() REPRESENTATION_CONTEXT('2D SPACE',''
  ) );
#1584 = ADVANCED_FACE('',(#1585),#250,.T.);
#1585 = FACE_BOUND('',#1586,.F.);
#1586 = EDGE_LOOP('',(#1587,#1588,#1616,#1638));
#1587 = ORIENTED_EDGE('',*,*,#1478,.T.);
#1588 = ORIENTED_EDGE('',*,*,#1589,.T.);
#1589 = EDGE_CURVE('',#1479,#1590,#1592,.T.);
#1590 = VERTEX_POINT('',#1591);
#1591 = CARTESIAN_POINT('',(8.25,0.,16.7));
#1592 = SURFACE_CURVE('',#1593,(#1597,#1604),.PCURVE_S1.);
#1593 = LINE('',#1594,#1595);
#1594 = CARTESIAN_POINT('',(8.25,3.5,16.7));
#1595 = VECTOR('',#1596,1.);
#1596 = DIRECTION('',(0.,-1.,0.));
#1597 = PCURVE('',#250,#1598);
#1598 = DEFINITIONAL_REPRESENTATION('',(#1599),#1603);
#1599 = LINE('',#1600,#1601);
#1600 = CARTESIAN_POINT('',(-1.570796326795,0.));
#1601 = VECTOR('',#1602,1.);
#1602 = DIRECTION('',(-0.,1.));
#1603 = ( GEOMETRIC_REPRESENTATION_CONTEXT(2) 
PARAMETRIC_REPRESENTATION_CONTEXT() REPRESENTATION_CONTEXT('2D SPACE',''
  ) );
#1604 = PCURVE('',#1605,#1610);
#1605 = PLANE('',#1606);
#1606 = AXIS2_PLACEMENT_3D('',#1607,#1608,#1609);
#1607 = CARTESIAN_POINT('',(8.25,4.,0.));
#1608 = DIRECTION('',(1.,0.,0.));
#1609 = DIRECTION('',(0.,-1.,0.));
#1610 = DEFINITIONAL_REPRESENTATION('',(#1611),#1615);
#1611 = LINE('',#1612,#1613);
#1612 = CARTESIAN_POINT('',(0.5,-16.7));
#1613 = VECTOR('',#1614,1.);
#1614 = DIRECTION('',(1.,0.));
#1615 = ( GEOMETRIC_REPRESENTATION_CONTEXT(2) 
PARAMETRIC_REPRESENTATION_CONTEXT() REPRESENTATION_CONTEXT('2D SPACE',''
  ) );
#1616 = ORIENTED_EDGE('',*,*,#1617,.F.);
#1617 = EDGE_CURVE('',#235,#1590,#1618,.T.);
#1618 = SURFACE_CURVE('',#1619,(#1624,#1631),.PCURVE_S1.);
#1619 = CIRCLE('',#1620,0.2);
#1620 = AXIS2_PLACEMENT_3D('',#1621,#1622,#1623);
#1621 = CARTESIAN_POINT('',(8.45,0.,16.7));
#1622 = DIRECTION('',(-0.,1.,0.));
#1623 = DIRECTION('',(0.,0.,-1.));
#1624 = PCURVE('',#250,#1625);
#1625 = DEFINITIONAL_REPRESENTATION('',(#1626),#1630);
#1626 = LINE('',#1627,#1628);
#1627 = CARTESIAN_POINT('',(-0.,3.5));
#1628 = VECTOR('',#1629,1.);
#1629 = DIRECTION('',(-1.,0.));
#1630 = ( GEOMETRIC_REPRESENTATION_CONTEXT(2) 
PARAMETRIC_REPRESENTATION_CONTEXT() REPRESENTATION_CONTEXT('2D SPACE',''
  ) );
#1631 = PCURVE('',#278,#1632);
#1632 = DEFINITIONAL_REPRESENTATION('',(#1633),#1637);
#1633 = CIRCLE('',#1634,0.2);
#1634 = AXIS2_PLACEMENT_2D('',#1635,#1636);
#1635 = CARTESIAN_POINT('',(0.2,-16.7));
#1636 = DIRECTION('',(0.,1.));
#1637 = ( GEOMETRIC_REPRESENTATION_CONTEXT(2) 
PARAMETRIC_REPRESENTATION_CONTEXT() REPRESENTATION_CONTEXT('2D SPACE',''
  ) );
#1638 = ORIENTED_EDGE('',*,*,#234,.F.);
#1639 = ADVANCED_FACE('',(#1640),#367,.T.);
#1640 = FACE_BOUND('',#1641,.F.);
#1641 = EDGE_LOOP('',(#1642,#1666,#1692,#1693));
#1642 = ORIENTED_EDGE('',*,*,#1643,.T.);
#1643 = EDGE_CURVE('',#319,#1644,#1646,.T.);
#1644 = VERTEX_POINT('',#1645);
#1645 = CARTESIAN_POINT('',(10.25,4.,16.7));
#1646 = SURFACE_CURVE('',#1647,(#1652,#1659),.PCURVE_S1.);
#1647 = CIRCLE('',#1648,0.2);
#1648 = AXIS2_PLACEMENT_3D('',#1649,#1650,#1651);
#1649 = CARTESIAN_POINT('',(10.25,4.2,16.7));
#1650 = DIRECTION('',(-1.,-6.123233995737E-17,-0.));
#1651 = DIRECTION('',(-6.123233995737E-17,1.,0.));
#1652 = PCURVE('',#367,#1653);
#1653 = DEFINITIONAL_REPRESENTATION('',(#1654),#1658);
#1654 = LINE('',#1655,#1656);
#1655 = CARTESIAN_POINT('',(1.570796326795,-0.));
#1656 = VECTOR('',#1657,1.);
#1657 = DIRECTION('',(-1.,0.));
#1658 = ( GEOMETRIC_REPRESENTATION_CONTEXT(2) 
PARAMETRIC_REPRESENTATION_CONTEXT() REPRESENTATION_CONTEXT('2D SPACE',''
  ) );
#1659 = PCURVE('',#339,#1660);
#1660 = DEFINITIONAL_REPRESENTATION('',(#1661),#1665);
#1661 = LINE('',#1662,#1663);
#1662 = CARTESIAN_POINT('',(1.570796326795,0.));
#1663 = VECTOR('',#1664,1.);
#1664 = DIRECTION('',(0.,1.));
#1665 = ( GEOMETRIC_REPRESENTATION_CONTEXT(2) 
PARAMETRIC_REPRESENTATION_CONTEXT() REPRESENTATION_CONTEXT('2D SPACE',''
  ) );
#1666 = ORIENTED_EDGE('',*,*,#1667,.T.);
#1667 = EDGE_CURVE('',#1644,#1533,#1668,.T.);
#1668 = SURFACE_CURVE('',#1669,(#1673,#1680),.PCURVE_S1.);
#1669 = LINE('',#1670,#1671);
#1670 = CARTESIAN_POINT('',(10.25,4.,16.7));
#1671 = VECTOR('',#1672,1.);
#1672 = DIRECTION('',(1.,0.,0.));
#1673 = PCURVE('',#367,#1674);
#1674 = DEFINITIONAL_REPRESENTATION('',(#1675),#1679);
#1675 = LINE('',#1676,#1677);
#1676 = CARTESIAN_POINT('',(-1.570796326795,0.));
#1677 = VECTOR('',#1678,1.);
#1678 = DIRECTION('',(-0.,1.));
#1679 = ( GEOMETRIC_REPRESENTATION_CONTEXT(2) 
PARAMETRIC_REPRESENTATION_CONTEXT() REPRESENTATION_CONTEXT('2D SPACE',''
  ) );
#1680 = PCURVE('',#1681,#1686);
#1681 = PLANE('',#1682);
#1682 = AXIS2_PLACEMENT_3D('',#1683,#1684,#1685);
#1683 = CARTESIAN_POINT('',(9.75,4.,0.));
#1684 = DIRECTION('',(0.,1.,0.));
#1685 = DIRECTION('',(1.,0.,0.));
#1686 = DEFINITIONAL_REPRESENTATION('',(#1687),#1691);
#1687 = LINE('',#1688,#1689);
#1688 = CARTESIAN_POINT('',(0.5,-16.7));
#1689 = VECTOR('',#1690,1.);
#1690 = DIRECTION('',(1.,0.));
#1691 = ( GEOMETRIC_REPRESENTATION_CONTEXT(2) 
PARAMETRIC_REPRESENTATION_CONTEXT() REPRESENTATION_CONTEXT('2D SPACE',''
  ) );
#1692 = ORIENTED_EDGE('',*,*,#1532,.F.);
#1693 = ORIENTED_EDGE('',*,*,#351,.F.);
#1694 = ADVANCED_FACE('',(#1695),#278,.F.);
#1695 = FACE_BOUND('',#1696,.F.);
#1696 = EDGE_LOOP('',(#1697,#1698,#1699,#1722,#1755,#1778,#1807,#1835));
#1697 = ORIENTED_EDGE('',*,*,#262,.T.);
#1698 = ORIENTED_EDGE('',*,*,#1617,.T.);
#1699 = ORIENTED_EDGE('',*,*,#1700,.T.);
#1700 = EDGE_CURVE('',#1590,#1701,#1703,.T.);
#1701 = VERTEX_POINT('',#1702);
#1702 = CARTESIAN_POINT('',(8.25,0.,17.8));
#1703 = SURFACE_CURVE('',#1704,(#1708,#1715),.PCURVE_S1.);
#1704 = LINE('',#1705,#1706);
#1705 = CARTESIAN_POINT('',(8.25,0.,0.));
#1706 = VECTOR('',#1707,1.);
#1707 = DIRECTION('',(0.,0.,1.));
#1708 = PCURVE('',#278,#1709);
#1709 = DEFINITIONAL_REPRESENTATION('',(#1710),#1714);
#1710 = LINE('',#1711,#1712);
#1711 = CARTESIAN_POINT('',(0.,0.));
#1712 = VECTOR('',#1713,1.);
#1713 = DIRECTION('',(0.,-1.));
#1714 = ( GEOMETRIC_REPRESENTATION_CONTEXT(2) 
PARAMETRIC_REPRESENTATION_CONTEXT() REPRESENTATION_CONTEXT('2D SPACE',''
  ) );
#1715 = PCURVE('',#1605,#1716);
#1716 = DEFINITIONAL_REPRESENTATION('',(#1717),#1721);
#1717 = LINE('',#1718,#1719);
#1718 = CARTESIAN_POINT('',(4.,0.));
#1719 = VECTOR('',#1720,1.);
#1720 = DIRECTION('',(0.,-1.));
#1721 = ( GEOMETRIC_REPRESENTATION_CONTEXT(2) 
PARAMETRIC_REPRESENTATION_CONTEXT() REPRESENTATION_CONTEXT('2D SPACE',''
  ) );
#1722 = ORIENTED_EDGE('',*,*,#1723,.F.);
#1723 = EDGE_CURVE('',#1724,#1701,#1726,.T.);
#1724 = VERTEX_POINT('',#1725);
#1725 = CARTESIAN_POINT('',(8.45,0.,18.));
#1726 = SURFACE_CURVE('',#1727,(#1732,#1743),.PCURVE_S1.);
#1727 = CIRCLE('',#1728,0.2);
#1728 = AXIS2_PLACEMENT_3D('',#1729,#1730,#1731);
#1729 = CARTESIAN_POINT('',(8.45,0.,17.8));
#1730 = DIRECTION('',(0.,-1.,0.));
#1731 = DIRECTION('',(0.,0.,-1.));
#1732 = PCURVE('',#278,#1733);
#1733 = DEFINITIONAL_REPRESENTATION('',(#1734),#1742);
#1734 = ( BOUNDED_CURVE() B_SPLINE_CURVE(2,(#1735,#1736,#1737,#1738,
#1739,#1740,#1741),.UNSPECIFIED.,.T.,.F.) B_SPLINE_CURVE_WITH_KNOTS((1,2
    ,2,2,2,1),(-2.094395102393,0.,2.094395102393,4.188790204786,
6.28318530718,8.377580409573),.UNSPECIFIED.) CURVE() 
GEOMETRIC_REPRESENTATION_ITEM() RATIONAL_B_SPLINE_CURVE((1.,0.5,1.,0.5,
1.,0.5,1.)) REPRESENTATION_ITEM('') );
#1735 = CARTESIAN_POINT('',(0.2,-17.6));
#1736 = CARTESIAN_POINT('',(0.546410161514,-17.6));
#1737 = CARTESIAN_POINT('',(0.373205080757,-17.9));
#1738 = CARTESIAN_POINT('',(0.2,-18.2));
#1739 = CARTESIAN_POINT('',(2.679491924311E-02,-17.9));
#1740 = CARTESIAN_POINT('',(-0.146410161514,-17.6));
#1741 = CARTESIAN_POINT('',(0.2,-17.6));
#1742 = ( GEOMETRIC_REPRESENTATION_CONTEXT(2) 
PARAMETRIC_REPRESENTATION_CONTEXT() REPRESENTATION_CONTEXT('2D SPACE',''
  ) );
#1743 = PCURVE('',#1744,#1749);
#1744 = CYLINDRICAL_SURFACE('',#1745,0.2);
#1745 = AXIS2_PLACEMENT_3D('',#1746,#1747,#1748);
#1746 = CARTESIAN_POINT('',(8.45,3.5,17.8));
#1747 = DIRECTION('',(0.,-1.,0.));
#1748 = DIRECTION('',(0.,0.,1.));
#1749 = DEFINITIONAL_REPRESENTATION('',(#1750),#1754);
#1750 = LINE('',#1751,#1752);
#1751 = CARTESIAN_POINT('',(-3.14159265359,3.5));
#1752 = VECTOR('',#1753,1.);
#1753 = DIRECTION('',(1.,0.));
#1754 = ( GEOMETRIC_REPRESENTATION_CONTEXT(2) 
PARAMETRIC_REPRESENTATION_CONTEXT() REPRESENTATION_CONTEXT('2D SPACE',''
  ) );
#1755 = ORIENTED_EDGE('',*,*,#1756,.T.);
#1756 = EDGE_CURVE('',#1724,#1757,#1759,.T.);
#1757 = VERTEX_POINT('',#1758);
#1758 = CARTESIAN_POINT('',(9.55,0.,18.));
#1759 = SURFACE_CURVE('',#1760,(#1764,#1771),.PCURVE_S1.);
#1760 = LINE('',#1761,#1762);
#1761 = CARTESIAN_POINT('',(8.25,0.,18.));
#1762 = VECTOR('',#1763,1.);
#1763 = DIRECTION('',(1.,0.,0.));
#1764 = PCURVE('',#278,#1765);
#1765 = DEFINITIONAL_REPRESENTATION('',(#1766),#1770);
#1766 = LINE('',#1767,#1768);
#1767 = CARTESIAN_POINT('',(0.,-18.));
#1768 = VECTOR('',#1769,1.);
#1769 = DIRECTION('',(1.,0.));
#1770 = ( GEOMETRIC_REPRESENTATION_CONTEXT(2) 
PARAMETRIC_REPRESENTATION_CONTEXT() REPRESENTATION_CONTEXT('2D SPACE',''
  ) );
#1771 = PCURVE('',#883,#1772);
#1772 = DEFINITIONAL_REPRESENTATION('',(#1773),#1777);
#1773 = LINE('',#1774,#1775);
#1774 = CARTESIAN_POINT('',(-0.75,-7.5));
#1775 = VECTOR('',#1776,1.);
#1776 = DIRECTION('',(1.,0.));
#1777 = ( GEOMETRIC_REPRESENTATION_CONTEXT(2) 
PARAMETRIC_REPRESENTATION_CONTEXT() REPRESENTATION_CONTEXT('2D SPACE',''
  ) );
#1778 = ORIENTED_EDGE('',*,*,#1779,.T.);
#1779 = EDGE_CURVE('',#1757,#1780,#1782,.T.);
#1780 = VERTEX_POINT('',#1781);
#1781 = CARTESIAN_POINT('',(9.75,0.,17.8));
#1782 = SURFACE_CURVE('',#1783,(#1788,#1795),.PCURVE_S1.);
#1783 = CIRCLE('',#1784,0.2);
#1784 = AXIS2_PLACEMENT_3D('',#1785,#1786,#1787);
#1785 = CARTESIAN_POINT('',(9.55,0.,17.8));
#1786 = DIRECTION('',(0.,1.,0.));
#1787 = DIRECTION('',(0.,0.,1.));
#1788 = PCURVE('',#278,#1789);
#1789 = DEFINITIONAL_REPRESENTATION('',(#1790),#1794);
#1790 = CIRCLE('',#1791,0.2);
#1791 = AXIS2_PLACEMENT_2D('',#1792,#1793);
#1792 = CARTESIAN_POINT('',(1.3,-17.8));
#1793 = DIRECTION('',(0.,-1.));
#1794 = ( GEOMETRIC_REPRESENTATION_CONTEXT(2) 
PARAMETRIC_REPRESENTATION_CONTEXT() REPRESENTATION_CONTEXT('2D SPACE',''
  ) );
#1795 = PCURVE('',#1796,#1801);
#1796 = CYLINDRICAL_SURFACE('',#1797,0.2);
#1797 = AXIS2_PLACEMENT_3D('',#1798,#1799,#1800);
#1798 = CARTESIAN_POINT('',(9.55,0.,17.8));
#1799 = DIRECTION('',(0.,1.,0.));
#1800 = DIRECTION('',(0.,0.,1.));
#1801 = DEFINITIONAL_REPRESENTATION('',(#1802),#1806);
#1802 = LINE('',#1803,#1804);
#1803 = CARTESIAN_POINT('',(0.,0.));
#1804 = VECTOR('',#1805,1.);
#1805 = DIRECTION('',(1.,0.));
#1806 = ( GEOMETRIC_REPRESENTATION_CONTEXT(2) 
PARAMETRIC_REPRESENTATION_CONTEXT() REPRESENTATION_CONTEXT('2D SPACE',''
  ) );
#1807 = ORIENTED_EDGE('',*,*,#1808,.F.);
#1808 = EDGE_CURVE('',#1809,#1780,#1811,.T.);
#1809 = VERTEX_POINT('',#1810);
#1810 = CARTESIAN_POINT('',(9.75,0.,16.7));
#1811 = SURFACE_CURVE('',#1812,(#1816,#1823),.PCURVE_S1.);
#1812 = LINE('',#1813,#1814);
#1813 = CARTESIAN_POINT('',(9.75,0.,0.));
#1814 = VECTOR('',#1815,1.);
#1815 = DIRECTION('',(0.,0.,1.));
#1816 = PCURVE('',#278,#1817);
#1817 = DEFINITIONAL_REPRESENTATION('',(#1818),#1822);
#1818 = LINE('',#1819,#1820);
#1819 = CARTESIAN_POINT('',(1.5,0.));
#1820 = VECTOR('',#1821,1.);
#1821 = DIRECTION('',(0.,-1.));
#1822 = ( GEOMETRIC_REPRESENTATION_CONTEXT(2) 
PARAMETRIC_REPRESENTATION_CONTEXT() REPRESENTATION_CONTEXT('2D SPACE',''
  ) );
#1823 = PCURVE('',#1824,#1829);
#1824 = PLANE('',#1825);
#1825 = AXIS2_PLACEMENT_3D('',#1826,#1827,#1828);
#1826 = CARTESIAN_POINT('',(9.75,0.,0.));
#1827 = DIRECTION('',(-1.,0.,0.));
#1828 = DIRECTION('',(0.,1.,0.));
#1829 = DEFINITIONAL_REPRESENTATION('',(#1830),#1834);
#1830 = LINE('',#1831,#1832);
#1831 = CARTESIAN_POINT('',(0.,0.));
#1832 = VECTOR('',#1833,1.);
#1833 = DIRECTION('',(0.,-1.));
#1834 = ( GEOMETRIC_REPRESENTATION_CONTEXT(2) 
PARAMETRIC_REPRESENTATION_CONTEXT() REPRESENTATION_CONTEXT('2D SPACE',''
  ) );
#1835 = ORIENTED_EDGE('',*,*,#1836,.F.);
#1836 = EDGE_CURVE('',#263,#1809,#1837,.T.);
#1837 = SURFACE_CURVE('',#1838,(#1843,#1854),.PCURVE_S1.);
#1838 = CIRCLE('',#1839,0.2);
#1839 = AXIS2_PLACEMENT_3D('',#1840,#1841,#1842);
#1840 = CARTESIAN_POINT('',(9.55,0.,16.7));
#1841 = DIRECTION('',(0.,-1.,0.));
#1842 = DIRECTION('',(0.,0.,1.));
#1843 = PCURVE('',#278,#1844);
#1844 = DEFINITIONAL_REPRESENTATION('',(#1845),#1853);
#1845 = ( BOUNDED_CURVE() B_SPLINE_CURVE(2,(#1846,#1847,#1848,#1849,
#1850,#1851,#1852),.UNSPECIFIED.,.T.,.F.) B_SPLINE_CURVE_WITH_KNOTS((1,2
    ,2,2,2,1),(-2.094395102393,0.,2.094395102393,4.188790204786,
6.28318530718,8.377580409573),.UNSPECIFIED.) CURVE() 
GEOMETRIC_REPRESENTATION_ITEM() RATIONAL_B_SPLINE_CURVE((1.,0.5,1.,0.5,
1.,0.5,1.)) REPRESENTATION_ITEM('') );
#1846 = CARTESIAN_POINT('',(1.3,-16.9));
#1847 = CARTESIAN_POINT('',(0.953589838486,-16.9));
#1848 = CARTESIAN_POINT('',(1.126794919243,-16.6));
#1849 = CARTESIAN_POINT('',(1.3,-16.3));
#1850 = CARTESIAN_POINT('',(1.473205080757,-16.6));
#1851 = CARTESIAN_POINT('',(1.646410161514,-16.9));
#1852 = CARTESIAN_POINT('',(1.3,-16.9));
#1853 = ( GEOMETRIC_REPRESENTATION_CONTEXT(2) 
PARAMETRIC_REPRESENTATION_CONTEXT() REPRESENTATION_CONTEXT('2D SPACE',''
  ) );
#1854 = PCURVE('',#306,#1855);
#1855 = DEFINITIONAL_REPRESENTATION('',(#1856),#1860);
#1856 = LINE('',#1857,#1858);
#1857 = CARTESIAN_POINT('',(3.14159265359,-0.));
#1858 = VECTOR('',#1859,1.);
#1859 = DIRECTION('',(-1.,0.));
#1860 = ( GEOMETRIC_REPRESENTATION_CONTEXT(2) 
PARAMETRIC_REPRESENTATION_CONTEXT() REPRESENTATION_CONTEXT('2D SPACE',''
  ) );
#1861 = ADVANCED_FACE('',(#1862),#339,.T.);
#1862 = FACE_BOUND('',#1863,.T.);
#1863 = EDGE_LOOP('',(#1864,#1888,#1889,#1890));
#1864 = ORIENTED_EDGE('',*,*,#1865,.F.);
#1865 = EDGE_CURVE('',#291,#1866,#1868,.T.);
#1866 = VERTEX_POINT('',#1867);
#1867 = CARTESIAN_POINT('',(9.75,3.5,16.7));
#1868 = SURFACE_CURVE('',#1869,(#1874,#1881),.PCURVE_S1.);
#1869 = CIRCLE('',#1870,0.2);
#1870 = AXIS2_PLACEMENT_3D('',#1871,#1872,#1873);
#1871 = CARTESIAN_POINT('',(9.55,3.5,16.7));
#1872 = DIRECTION('',(0.,-1.,0.));
#1873 = DIRECTION('',(0.,0.,-1.));
#1874 = PCURVE('',#339,#1875);
#1875 = DEFINITIONAL_REPRESENTATION('',(#1876),#1880);
#1876 = LINE('',#1877,#1878);
#1877 = CARTESIAN_POINT('',(0.,1.570796326795));
#1878 = VECTOR('',#1879,1.);
#1879 = DIRECTION('',(0.,1.));
#1880 = ( GEOMETRIC_REPRESENTATION_CONTEXT(2) 
PARAMETRIC_REPRESENTATION_CONTEXT() REPRESENTATION_CONTEXT('2D SPACE',''
  ) );
#1881 = PCURVE('',#306,#1882);
#1882 = DEFINITIONAL_REPRESENTATION('',(#1883),#1887);
#1883 = LINE('',#1884,#1885);
#1884 = CARTESIAN_POINT('',(-0.,3.5));
#1885 = VECTOR('',#1886,1.);
#1886 = DIRECTION('',(-1.,0.));
#1887 = ( GEOMETRIC_REPRESENTATION_CONTEXT(2) 
PARAMETRIC_REPRESENTATION_CONTEXT() REPRESENTATION_CONTEXT('2D SPACE',''
  ) );
#1888 = ORIENTED_EDGE('',*,*,#318,.T.);
#1889 = ORIENTED_EDGE('',*,*,#1643,.T.);
#1890 = ORIENTED_EDGE('',*,*,#1891,.F.);
#1891 = EDGE_CURVE('',#1866,#1644,#1892,.T.);
#1892 = SURFACE_CURVE('',#1893,(#1898,#1905),.PCURVE_S1.);
#1893 = CIRCLE('',#1894,0.5);
#1894 = AXIS2_PLACEMENT_3D('',#1895,#1896,#1897);
#1895 = CARTESIAN_POINT('',(10.25,3.5,16.7));
#1896 = DIRECTION('',(0.,0.,-1.));
#1897 = DIRECTION('',(-1.,0.,0.));
#1898 = PCURVE('',#339,#1899);
#1899 = DEFINITIONAL_REPRESENTATION('',(#1900),#1904);
#1900 = LINE('',#1901,#1902);
#1901 = CARTESIAN_POINT('',(0.,3.14159265359));
#1902 = VECTOR('',#1903,1.);
#1903 = DIRECTION('',(1.,0.));
#1904 = ( GEOMETRIC_REPRESENTATION_CONTEXT(2) 
PARAMETRIC_REPRESENTATION_CONTEXT() REPRESENTATION_CONTEXT('2D SPACE',''
  ) );
#1905 = PCURVE('',#1906,#1911);
#1906 = CYLINDRICAL_SURFACE('',#1907,0.5);
#1907 = AXIS2_PLACEMENT_3D('',#1908,#1909,#1910);
#1908 = CARTESIAN_POINT('',(10.25,3.5,16.5));
#1909 = DIRECTION('',(0.,0.,1.));
#1910 = DIRECTION('',(0.,1.,0.));
#1911 = DEFINITIONAL_REPRESENTATION('',(#1912),#1916);
#1912 = LINE('',#1913,#1914);
#1913 = CARTESIAN_POINT('',(1.570796326795,0.2));
#1914 = VECTOR('',#1915,1.);
#1915 = DIRECTION('',(-1.,-0.));
#1916 = ( GEOMETRIC_REPRESENTATION_CONTEXT(2) 
PARAMETRIC_REPRESENTATION_CONTEXT() REPRESENTATION_CONTEXT('2D SPACE',''
  ) );
#1917 = ADVANCED_FACE('',(#1918),#306,.T.);
#1918 = FACE_BOUND('',#1919,.F.);
#1919 = EDGE_LOOP('',(#1920,#1921,#1942,#1943));
#1920 = ORIENTED_EDGE('',*,*,#1836,.T.);
#1921 = ORIENTED_EDGE('',*,*,#1922,.T.);
#1922 = EDGE_CURVE('',#1809,#1866,#1923,.T.);
#1923 = SURFACE_CURVE('',#1924,(#1928,#1935),.PCURVE_S1.);
#1924 = LINE('',#1925,#1926);
#1925 = CARTESIAN_POINT('',(9.75,0.,16.7));
#1926 = VECTOR('',#1927,1.);
#1927 = DIRECTION('',(0.,1.,0.));
#1928 = PCURVE('',#306,#1929);
#1929 = DEFINITIONAL_REPRESENTATION('',(#1930),#1934);
#1930 = LINE('',#1931,#1932);
#1931 = CARTESIAN_POINT('',(-1.570796326795,0.));
#1932 = VECTOR('',#1933,1.);
#1933 = DIRECTION('',(-0.,1.));
#1934 = ( GEOMETRIC_REPRESENTATION_CONTEXT(2) 
PARAMETRIC_REPRESENTATION_CONTEXT() REPRESENTATION_CONTEXT('2D SPACE',''
  ) );
#1935 = PCURVE('',#1824,#1936);
#1936 = DEFINITIONAL_REPRESENTATION('',(#1937),#1941);
#1937 = LINE('',#1938,#1939);
#1938 = CARTESIAN_POINT('',(0.,-16.7));
#1939 = VECTOR('',#1940,1.);
#1940 = DIRECTION('',(1.,0.));
#1941 = ( GEOMETRIC_REPRESENTATION_CONTEXT(2) 
PARAMETRIC_REPRESENTATION_CONTEXT() REPRESENTATION_CONTEXT('2D SPACE',''
  ) );
#1942 = ORIENTED_EDGE('',*,*,#1865,.F.);
#1943 = ORIENTED_EDGE('',*,*,#290,.F.);
#1944 = ADVANCED_FACE('',(#1945),#662,.T.);
#1945 = FACE_BOUND('',#1946,.T.);
#1946 = EDGE_LOOP('',(#1947,#1976,#1977,#1978));
#1947 = ORIENTED_EDGE('',*,*,#1948,.F.);
#1948 = EDGE_CURVE('',#620,#1949,#1951,.T.);
#1949 = VERTEX_POINT('',#1950);
#1950 = CARTESIAN_POINT('',(-2.775557561563E-17,14.7,15.));
#1951 = SURFACE_CURVE('',#1952,(#1957,#1964),.PCURVE_S1.);
#1952 = CIRCLE('',#1953,0.2);
#1953 = AXIS2_PLACEMENT_3D('',#1954,#1955,#1956);
#1954 = CARTESIAN_POINT('',(0.2,14.7,15.));
#1955 = DIRECTION('',(-0.,-0.,-1.));
#1956 = DIRECTION('',(0.,-1.,0.));
#1957 = PCURVE('',#662,#1958);
#1958 = DEFINITIONAL_REPRESENTATION('',(#1959),#1963);
#1959 = LINE('',#1960,#1961);
#1960 = CARTESIAN_POINT('',(0.,3.14159265359));
#1961 = VECTOR('',#1962,1.);
#1962 = DIRECTION('',(0.,1.));
#1963 = ( GEOMETRIC_REPRESENTATION_CONTEXT(2) 
PARAMETRIC_REPRESENTATION_CONTEXT() REPRESENTATION_CONTEXT('2D SPACE',''
  ) );
#1964 = PCURVE('',#1965,#1970);
#1965 = CYLINDRICAL_SURFACE('',#1966,0.2);
#1966 = AXIS2_PLACEMENT_3D('',#1967,#1968,#1969);
#1967 = CARTESIAN_POINT('',(0.2,14.7,3.));
#1968 = DIRECTION('',(0.,0.,1.));
#1969 = DIRECTION('',(0.,-1.,0.));
#1970 = DEFINITIONAL_REPRESENTATION('',(#1971),#1975);
#1971 = LINE('',#1972,#1973);
#1972 = CARTESIAN_POINT('',(-0.,12.));
#1973 = VECTOR('',#1974,1.);
#1974 = DIRECTION('',(-1.,0.));
#1975 = ( GEOMETRIC_REPRESENTATION_CONTEXT(2) 
PARAMETRIC_REPRESENTATION_CONTEXT() REPRESENTATION_CONTEXT('2D SPACE',''
  ) );
#1976 = ORIENTED_EDGE('',*,*,#647,.T.);
#1977 = ORIENTED_EDGE('',*,*,#677,.T.);
#1978 = ORIENTED_EDGE('',*,*,#1979,.F.);
#1979 = EDGE_CURVE('',#1949,#678,#1980,.T.);
#1980 = SURFACE_CURVE('',#1981,(#1986,#1993),.PCURVE_S1.);
#1981 = CIRCLE('',#1982,1.7);
#1982 = AXIS2_PLACEMENT_3D('',#1983,#1984,#1985);
#1983 = CARTESIAN_POINT('',(0.,13.,15.));
#1984 = DIRECTION('',(1.,0.,0.));
#1985 = DIRECTION('',(0.,1.,0.));
#1986 = PCURVE('',#662,#1987);
#1987 = DEFINITIONAL_REPRESENTATION('',(#1988),#1992);
#1988 = LINE('',#1989,#1990);
#1989 = CARTESIAN_POINT('',(0.,4.712388980385));
#1990 = VECTOR('',#1991,1.);
#1991 = DIRECTION('',(1.,0.));
#1992 = ( GEOMETRIC_REPRESENTATION_CONTEXT(2) 
PARAMETRIC_REPRESENTATION_CONTEXT() REPRESENTATION_CONTEXT('2D SPACE',''
  ) );
#1993 = PCURVE('',#717,#1994);
#1994 = DEFINITIONAL_REPRESENTATION('',(#1995),#1999);
#1995 = CIRCLE('',#1996,1.7);
#1996 = AXIS2_PLACEMENT_2D('',#1997,#1998);
#1997 = CARTESIAN_POINT('',(3.,-15.));
#1998 = DIRECTION('',(-1.,0.));
#1999 = ( GEOMETRIC_REPRESENTATION_CONTEXT(2) 
PARAMETRIC_REPRESENTATION_CONTEXT() REPRESENTATION_CONTEXT('2D SPACE',''
  ) );
#2000 = ADVANCED_FACE('',(#2001),#635,.F.);
#2001 = FACE_BOUND('',#2002,.F.);
#2002 = EDGE_LOOP('',(#2003,#2033,#2054,#2055,#2079));
#2003 = ORIENTED_EDGE('',*,*,#2004,.T.);
#2004 = EDGE_CURVE('',#2005,#2007,#2009,.T.);
#2005 = VERTEX_POINT('',#2006);
#2006 = CARTESIAN_POINT('',(6.5,14.5,3.));
#2007 = VERTEX_POINT('',#2008);
#2008 = CARTESIAN_POINT('',(0.2,14.5,3.));
#2009 = SURFACE_CURVE('',#2010,(#2014,#2021),.PCURVE_S1.);
#2010 = LINE('',#2011,#2012);
#2011 = CARTESIAN_POINT('',(18.,14.5,3.));
#2012 = VECTOR('',#2013,1.);
#2013 = DIRECTION('',(-1.,-0.,-0.));
#2014 = PCURVE('',#635,#2015);
#2015 = DEFINITIONAL_REPRESENTATION('',(#2016),#2020);
#2016 = LINE('',#2017,#2018);
#2017 = CARTESIAN_POINT('',(1.5,0.));
#2018 = VECTOR('',#2019,1.);
#2019 = DIRECTION('',(0.,-1.));
#2020 = ( GEOMETRIC_REPRESENTATION_CONTEXT(2) 
PARAMETRIC_REPRESENTATION_CONTEXT() REPRESENTATION_CONTEXT('2D SPACE',''
  ) );
#2021 = PCURVE('',#2022,#2027);
#2022 = CYLINDRICAL_SURFACE('',#2023,1.5);
#2023 = AXIS2_PLACEMENT_3D('',#2024,#2025,#2026);
#2024 = CARTESIAN_POINT('',(18.,13.,3.));
#2025 = DIRECTION('',(-1.,-0.,-0.));
#2026 = DIRECTION('',(0.,1.,0.));
#2027 = DEFINITIONAL_REPRESENTATION('',(#2028),#2032);
#2028 = LINE('',#2029,#2030);
#2029 = CARTESIAN_POINT('',(0.,0.));
#2030 = VECTOR('',#2031,1.);
#2031 = DIRECTION('',(0.,1.));
#2032 = ( GEOMETRIC_REPRESENTATION_CONTEXT(2) 
PARAMETRIC_REPRESENTATION_CONTEXT() REPRESENTATION_CONTEXT('2D SPACE',''
  ) );
#2033 = ORIENTED_EDGE('',*,*,#2034,.T.);
#2034 = EDGE_CURVE('',#2007,#620,#2035,.T.);
#2035 = SURFACE_CURVE('',#2036,(#2040,#2047),.PCURVE_S1.);
#2036 = LINE('',#2037,#2038);
#2037 = CARTESIAN_POINT('',(0.2,14.5,3.));
#2038 = VECTOR('',#2039,1.);
#2039 = DIRECTION('',(0.,0.,1.));
#2040 = PCURVE('',#635,#2041);
#2041 = DEFINITIONAL_REPRESENTATION('',(#2042),#2046);
#2042 = LINE('',#2043,#2044);
#2043 = CARTESIAN_POINT('',(1.5,-17.8));
#2044 = VECTOR('',#2045,1.);
#2045 = DIRECTION('',(1.,0.));
#2046 = ( GEOMETRIC_REPRESENTATION_CONTEXT(2) 
PARAMETRIC_REPRESENTATION_CONTEXT() REPRESENTATION_CONTEXT('2D SPACE',''
  ) );
#2047 = PCURVE('',#1965,#2048);
#2048 = DEFINITIONAL_REPRESENTATION('',(#2049),#2053);
#2049 = LINE('',#2050,#2051);
#2050 = CARTESIAN_POINT('',(-0.,0.));
#2051 = VECTOR('',#2052,1.);
#2052 = DIRECTION('',(-0.,1.));
#2053 = ( GEOMETRIC_REPRESENTATION_CONTEXT(2) 
PARAMETRIC_REPRESENTATION_CONTEXT() REPRESENTATION_CONTEXT('2D SPACE',''
  ) );
#2054 = ORIENTED_EDGE('',*,*,#619,.F.);
#2055 = ORIENTED_EDGE('',*,*,#2056,.F.);
#2056 = EDGE_CURVE('',#2057,#590,#2059,.T.);
#2057 = VERTEX_POINT('',#2058);
#2058 = CARTESIAN_POINT('',(2.5,14.5,9.));
#2059 = SURFACE_CURVE('',#2060,(#2065,#2072),.PCURVE_S1.);
#2060 = CIRCLE('',#2061,6.5);
#2061 = AXIS2_PLACEMENT_3D('',#2062,#2063,#2064);
#2062 = CARTESIAN_POINT('',(9.,14.5,9.));
#2063 = DIRECTION('',(0.,1.,-2.22044604925E-16));
#2064 = DIRECTION('',(-1.,0.,0.));
#2065 = PCURVE('',#635,#2066);
#2066 = DEFINITIONAL_REPRESENTATION('',(#2067),#2071);
#2067 = CIRCLE('',#2068,6.5);
#2068 = AXIS2_PLACEMENT_2D('',#2069,#2070);
#2069 = CARTESIAN_POINT('',(7.5,-9.));
#2070 = DIRECTION('',(0.,-1.));
#2071 = ( GEOMETRIC_REPRESENTATION_CONTEXT(2) 
PARAMETRIC_REPRESENTATION_CONTEXT() REPRESENTATION_CONTEXT('2D SPACE',''
  ) );
#2072 = PCURVE('',#819,#2073);
#2073 = DEFINITIONAL_REPRESENTATION('',(#2074),#2078);
#2074 = LINE('',#2075,#2076);
#2075 = CARTESIAN_POINT('',(0.,-1.5));
#2076 = VECTOR('',#2077,1.);
#2077 = DIRECTION('',(1.,0.));
#2078 = ( GEOMETRIC_REPRESENTATION_CONTEXT(2) 
PARAMETRIC_REPRESENTATION_CONTEXT() REPRESENTATION_CONTEXT('2D SPACE',''
  ) );
#2079 = ORIENTED_EDGE('',*,*,#2080,.F.);
#2080 = EDGE_CURVE('',#2005,#2057,#2081,.T.);
#2081 = SURFACE_CURVE('',#2082,(#2087,#2094),.PCURVE_S1.);
#2082 = CIRCLE('',#2083,6.5);
#2083 = AXIS2_PLACEMENT_3D('',#2084,#2085,#2086);
#2084 = CARTESIAN_POINT('',(9.,14.5,9.));
#2085 = DIRECTION('',(0.,1.,-2.22044604925E-16));
#2086 = DIRECTION('',(-1.,0.,0.));
#2087 = PCURVE('',#635,#2088);
#2088 = DEFINITIONAL_REPRESENTATION('',(#2089),#2093);
#2089 = CIRCLE('',#2090,6.5);
#2090 = AXIS2_PLACEMENT_2D('',#2091,#2092);
#2091 = CARTESIAN_POINT('',(7.5,-9.));
#2092 = DIRECTION('',(0.,-1.));
#2093 = ( GEOMETRIC_REPRESENTATION_CONTEXT(2) 
PARAMETRIC_REPRESENTATION_CONTEXT() REPRESENTATION_CONTEXT('2D SPACE',''
  ) );
#2094 = PCURVE('',#819,#2095);
#2095 = DEFINITIONAL_REPRESENTATION('',(#2096),#2100);
#2096 = LINE('',#2097,#2098);
#2097 = CARTESIAN_POINT('',(0.,-1.5));
#2098 = VECTOR('',#2099,1.);
#2099 = DIRECTION('',(1.,0.));
#2100 = ( GEOMETRIC_REPRESENTATION_CONTEXT(2) 
PARAMETRIC_REPRESENTATION_CONTEXT() REPRESENTATION_CONTEXT('2D SPACE',''
  ) );
#2101 = ADVANCED_FACE('',(#2102),#717,.F.);
#2102 = FACE_BOUND('',#2103,.F.);
#2103 = EDGE_LOOP('',(#2104,#2134,#2163,#2191,#2220,#2248,#2269,#2270,
    #2271,#2294,#2323,#2351));
#2104 = ORIENTED_EDGE('',*,*,#2105,.T.);
#2105 = EDGE_CURVE('',#2106,#2108,#2110,.T.);
#2106 = VERTEX_POINT('',#2107);
#2107 = CARTESIAN_POINT('',(-2.775557561563E-17,0.2,0.2));
#2108 = VERTEX_POINT('',#2109);
#2109 = CARTESIAN_POINT('',(-2.775557561563E-17,14.5,0.2));
#2110 = SURFACE_CURVE('',#2111,(#2115,#2122),.PCURVE_S1.);
#2111 = LINE('',#2112,#2113);
#2112 = CARTESIAN_POINT('',(-2.775557561563E-17,0.,0.2));
#2113 = VECTOR('',#2114,1.);
#2114 = DIRECTION('',(0.,1.,0.));
#2115 = PCURVE('',#717,#2116);
#2116 = DEFINITIONAL_REPRESENTATION('',(#2117),#2121);
#2117 = LINE('',#2118,#2119);
#2118 = CARTESIAN_POINT('',(16.,-0.2));
#2119 = VECTOR('',#2120,1.);
#2120 = DIRECTION('',(-1.,0.));
#2121 = ( GEOMETRIC_REPRESENTATION_CONTEXT(2) 
PARAMETRIC_REPRESENTATION_CONTEXT() REPRESENTATION_CONTEXT('2D SPACE',''
  ) );
#2122 = PCURVE('',#2123,#2128);
#2123 = CYLINDRICAL_SURFACE('',#2124,0.2);
#2124 = AXIS2_PLACEMENT_3D('',#2125,#2126,#2127);
#2125 = CARTESIAN_POINT('',(0.2,0.,0.2));
#2126 = DIRECTION('',(0.,1.,0.));
#2127 = DIRECTION('',(-1.,-0.,-0.));
#2128 = DEFINITIONAL_REPRESENTATION('',(#2129),#2133);
#2129 = LINE('',#2130,#2131);
#2130 = CARTESIAN_POINT('',(-0.,0.));
#2131 = VECTOR('',#2132,1.);
#2132 = DIRECTION('',(-0.,1.));
#2133 = ( GEOMETRIC_REPRESENTATION_CONTEXT(2) 
PARAMETRIC_REPRESENTATION_CONTEXT() REPRESENTATION_CONTEXT('2D SPACE',''
  ) );
#2134 = ORIENTED_EDGE('',*,*,#2135,.T.);
#2135 = EDGE_CURVE('',#2108,#2136,#2138,.T.);
#2136 = VERTEX_POINT('',#2137);
#2137 = CARTESIAN_POINT('',(0.,15.8,1.5));
#2138 = SURFACE_CURVE('',#2139,(#2144,#2151),.PCURVE_S1.);
#2139 = CIRCLE('',#2140,1.3);
#2140 = AXIS2_PLACEMENT_3D('',#2141,#2142,#2143);
#2141 = CARTESIAN_POINT('',(0.,14.5,1.5));
#2142 = DIRECTION('',(1.,-0.,0.));
#2143 = DIRECTION('',(0.,0.,-1.));
#2144 = PCURVE('',#717,#2145);
#2145 = DEFINITIONAL_REPRESENTATION('',(#2146),#2150);
#2146 = CIRCLE('',#2147,1.3);
#2147 = AXIS2_PLACEMENT_2D('',#2148,#2149);
#2148 = CARTESIAN_POINT('',(1.5,-1.5));
#2149 = DIRECTION('',(0.,1.));
#2150 = ( GEOMETRIC_REPRESENTATION_CONTEXT(2) 
PARAMETRIC_REPRESENTATION_CONTEXT() REPRESENTATION_CONTEXT('2D SPACE',''
  ) );
#2151 = PCURVE('',#2152,#2157);
#2152 = TOROIDAL_SURFACE('',#2153,1.3,0.2);
#2153 = AXIS2_PLACEMENT_3D('',#2154,#2155,#2156);
#2154 = CARTESIAN_POINT('',(0.2,14.5,1.5));
#2155 = DIRECTION('',(1.,0.,0.));
#2156 = DIRECTION('',(0.,0.,-1.));
#2157 = DEFINITIONAL_REPRESENTATION('',(#2158),#2162);
#2158 = LINE('',#2159,#2160);
#2159 = CARTESIAN_POINT('',(0.,4.712388980385));
#2160 = VECTOR('',#2161,1.);
#2161 = DIRECTION('',(1.,0.));
#2162 = ( GEOMETRIC_REPRESENTATION_CONTEXT(2) 
PARAMETRIC_REPRESENTATION_CONTEXT() REPRESENTATION_CONTEXT('2D SPACE',''
  ) );
#2163 = ORIENTED_EDGE('',*,*,#2164,.T.);
#2164 = EDGE_CURVE('',#2136,#2165,#2167,.T.);
#2165 = VERTEX_POINT('',#2166);
#2166 = CARTESIAN_POINT('',(-2.775557561563E-17,15.8,16.5));
#2167 = SURFACE_CURVE('',#2168,(#2172,#2179),.PCURVE_S1.);
#2168 = LINE('',#2169,#2170);
#2169 = CARTESIAN_POINT('',(-2.775557561563E-17,15.8,1.5));
#2170 = VECTOR('',#2171,1.);
#2171 = DIRECTION('',(0.,0.,1.));
#2172 = PCURVE('',#717,#2173);
#2173 = DEFINITIONAL_REPRESENTATION('',(#2174),#2178);
#2174 = LINE('',#2175,#2176);
#2175 = CARTESIAN_POINT('',(0.2,-1.5));
#2176 = VECTOR('',#2177,1.);
#2177 = DIRECTION('',(0.,-1.));
#2178 = ( GEOMETRIC_REPRESENTATION_CONTEXT(2) 
PARAMETRIC_REPRESENTATION_CONTEXT() REPRESENTATION_CONTEXT('2D SPACE',''
  ) );
#2179 = PCURVE('',#2180,#2185);
#2180 = CYLINDRICAL_SURFACE('',#2181,0.2);
#2181 = AXIS2_PLACEMENT_3D('',#2182,#2183,#2184);
#2182 = CARTESIAN_POINT('',(0.2,15.8,1.5));
#2183 = DIRECTION('',(0.,0.,1.));
#2184 = DIRECTION('',(-1.,0.,0.));
#2185 = DEFINITIONAL_REPRESENTATION('',(#2186),#2190);
#2186 = LINE('',#2187,#2188);
#2187 = CARTESIAN_POINT('',(-0.,0.));
#2188 = VECTOR('',#2189,1.);
#2189 = DIRECTION('',(-0.,1.));
#2190 = ( GEOMETRIC_REPRESENTATION_CONTEXT(2) 
PARAMETRIC_REPRESENTATION_CONTEXT() REPRESENTATION_CONTEXT('2D SPACE',''
  ) );
#2191 = ORIENTED_EDGE('',*,*,#2192,.T.);
#2192 = EDGE_CURVE('',#2165,#2193,#2195,.T.);
#2193 = VERTEX_POINT('',#2194);
#2194 = CARTESIAN_POINT('',(0.,14.5,17.8));
#2195 = SURFACE_CURVE('',#2196,(#2201,#2208),.PCURVE_S1.);
#2196 = CIRCLE('',#2197,1.3);
#2197 = AXIS2_PLACEMENT_3D('',#2198,#2199,#2200);
#2198 = CARTESIAN_POINT('',(0.,14.5,16.5));
#2199 = DIRECTION('',(1.,0.,0.));
#2200 = DIRECTION('',(0.,1.,0.));
#2201 = PCURVE('',#717,#2202);
#2202 = DEFINITIONAL_REPRESENTATION('',(#2203),#2207);
#2203 = CIRCLE('',#2204,1.3);
#2204 = AXIS2_PLACEMENT_2D('',#2205,#2206);
#2205 = CARTESIAN_POINT('',(1.5,-16.5));
#2206 = DIRECTION('',(-1.,0.));
#2207 = ( GEOMETRIC_REPRESENTATION_CONTEXT(2) 
PARAMETRIC_REPRESENTATION_CONTEXT() REPRESENTATION_CONTEXT('2D SPACE',''
  ) );
#2208 = PCURVE('',#2209,#2214);
#2209 = TOROIDAL_SURFACE('',#2210,1.3,0.2);
#2210 = AXIS2_PLACEMENT_3D('',#2211,#2212,#2213);
#2211 = CARTESIAN_POINT('',(0.2,14.5,16.5));
#2212 = DIRECTION('',(1.,0.,0.));
#2213 = DIRECTION('',(0.,1.,0.));
#2214 = DEFINITIONAL_REPRESENTATION('',(#2215),#2219);
#2215 = LINE('',#2216,#2217);
#2216 = CARTESIAN_POINT('',(0.,4.712388980385));
#2217 = VECTOR('',#2218,1.);
#2218 = DIRECTION('',(1.,0.));
#2219 = ( GEOMETRIC_REPRESENTATION_CONTEXT(2) 
PARAMETRIC_REPRESENTATION_CONTEXT() REPRESENTATION_CONTEXT('2D SPACE',''
  ) );
#2220 = ORIENTED_EDGE('',*,*,#2221,.T.);
#2221 = EDGE_CURVE('',#2193,#2222,#2224,.T.);
#2222 = VERTEX_POINT('',#2223);
#2223 = CARTESIAN_POINT('',(-2.775557561563E-17,0.2,17.8));
#2224 = SURFACE_CURVE('',#2225,(#2229,#2236),.PCURVE_S1.);
#2225 = LINE('',#2226,#2227);
#2226 = CARTESIAN_POINT('',(-2.775557561563E-17,14.5,17.8));
#2227 = VECTOR('',#2228,1.);
#2228 = DIRECTION('',(0.,-1.,0.));
#2229 = PCURVE('',#717,#2230);
#2230 = DEFINITIONAL_REPRESENTATION('',(#2231),#2235);
#2231 = LINE('',#2232,#2233);
#2232 = CARTESIAN_POINT('',(1.5,-17.8));
#2233 = VECTOR('',#2234,1.);
#2234 = DIRECTION('',(1.,0.));
#2235 = ( GEOMETRIC_REPRESENTATION_CONTEXT(2) 
PARAMETRIC_REPRESENTATION_CONTEXT() REPRESENTATION_CONTEXT('2D SPACE',''
  ) );
#2236 = PCURVE('',#2237,#2242);
#2237 = CYLINDRICAL_SURFACE('',#2238,0.2);
#2238 = AXIS2_PLACEMENT_3D('',#2239,#2240,#2241);
#2239 = CARTESIAN_POINT('',(0.2,14.5,17.8));
#2240 = DIRECTION('',(0.,-1.,0.));
#2241 = DIRECTION('',(-1.,0.,0.));
#2242 = DEFINITIONAL_REPRESENTATION('',(#2243),#2247);
#2243 = LINE('',#2244,#2245);
#2244 = CARTESIAN_POINT('',(-0.,0.));
#2245 = VECTOR('',#2246,1.);
#2246 = DIRECTION('',(-0.,1.));
#2247 = ( GEOMETRIC_REPRESENTATION_CONTEXT(2) 
PARAMETRIC_REPRESENTATION_CONTEXT() REPRESENTATION_CONTEXT('2D SPACE',''
  ) );
#2248 = ORIENTED_EDGE('',*,*,#2249,.F.);
#2249 = EDGE_CURVE('',#702,#2222,#2250,.T.);
#2250 = SURFACE_CURVE('',#2251,(#2255,#2262),.PCURVE_S1.);
#2251 = LINE('',#2252,#2253);
#2252 = CARTESIAN_POINT('',(-2.775557561563E-17,0.2,16.5));
#2253 = VECTOR('',#2254,1.);
#2254 = DIRECTION('',(0.,0.,1.));
#2255 = PCURVE('',#717,#2256);
#2256 = DEFINITIONAL_REPRESENTATION('',(#2257),#2261);
#2257 = LINE('',#2258,#2259);
#2258 = CARTESIAN_POINT('',(15.8,-16.5));
#2259 = VECTOR('',#2260,1.);
#2260 = DIRECTION('',(0.,-1.));
#2261 = ( GEOMETRIC_REPRESENTATION_CONTEXT(2) 
PARAMETRIC_REPRESENTATION_CONTEXT() REPRESENTATION_CONTEXT('2D SPACE',''
  ) );
#2262 = PCURVE('',#748,#2263);
#2263 = DEFINITIONAL_REPRESENTATION('',(#2264),#2268);
#2264 = LINE('',#2265,#2266);
#2265 = CARTESIAN_POINT('',(0.,0.));
#2266 = VECTOR('',#2267,1.);
#2267 = DIRECTION('',(0.,1.));
#2268 = ( GEOMETRIC_REPRESENTATION_CONTEXT(2) 
PARAMETRIC_REPRESENTATION_CONTEXT() REPRESENTATION_CONTEXT('2D SPACE',''
  ) );
#2269 = ORIENTED_EDGE('',*,*,#701,.F.);
#2270 = ORIENTED_EDGE('',*,*,#1979,.F.);
#2271 = ORIENTED_EDGE('',*,*,#2272,.F.);
#2272 = EDGE_CURVE('',#2273,#1949,#2275,.T.);
#2273 = VERTEX_POINT('',#2274);
#2274 = CARTESIAN_POINT('',(0.,14.7,3.));
#2275 = SURFACE_CURVE('',#2276,(#2280,#2287),.PCURVE_S1.);
#2276 = LINE('',#2277,#2278);
#2277 = CARTESIAN_POINT('',(-2.775557561563E-17,14.7,3.));
#2278 = VECTOR('',#2279,1.);
#2279 = DIRECTION('',(0.,0.,1.));
#2280 = PCURVE('',#717,#2281);
#2281 = DEFINITIONAL_REPRESENTATION('',(#2282),#2286);
#2282 = LINE('',#2283,#2284);
#2283 = CARTESIAN_POINT('',(1.3,-3.));
#2284 = VECTOR('',#2285,1.);
#2285 = DIRECTION('',(0.,-1.));
#2286 = ( GEOMETRIC_REPRESENTATION_CONTEXT(2) 
PARAMETRIC_REPRESENTATION_CONTEXT() REPRESENTATION_CONTEXT('2D SPACE',''
  ) );
#2287 = PCURVE('',#1965,#2288);
#2288 = DEFINITIONAL_REPRESENTATION('',(#2289),#2293);
#2289 = LINE('',#2290,#2291);
#2290 = CARTESIAN_POINT('',(-1.570796326795,0.));
#2291 = VECTOR('',#2292,1.);
#2292 = DIRECTION('',(-0.,1.));
#2293 = ( GEOMETRIC_REPRESENTATION_CONTEXT(2) 
PARAMETRIC_REPRESENTATION_CONTEXT() REPRESENTATION_CONTEXT('2D SPACE',''
  ) );
#2294 = ORIENTED_EDGE('',*,*,#2295,.F.);
#2295 = EDGE_CURVE('',#2296,#2273,#2298,.T.);
#2296 = VERTEX_POINT('',#2297);
#2297 = CARTESIAN_POINT('',(-2.775557561563E-17,13.,1.3));
#2298 = SURFACE_CURVE('',#2299,(#2304,#2311),.PCURVE_S1.);
#2299 = CIRCLE('',#2300,1.7);
#2300 = AXIS2_PLACEMENT_3D('',#2301,#2302,#2303);
#2301 = CARTESIAN_POINT('',(0.,13.,3.));
#2302 = DIRECTION('',(1.,-0.,0.));
#2303 = DIRECTION('',(0.,0.,-1.));
#2304 = PCURVE('',#717,#2305);
#2305 = DEFINITIONAL_REPRESENTATION('',(#2306),#2310);
#2306 = CIRCLE('',#2307,1.7);
#2307 = AXIS2_PLACEMENT_2D('',#2308,#2309);
#2308 = CARTESIAN_POINT('',(3.,-3.));
#2309 = DIRECTION('',(0.,1.));
#2310 = ( GEOMETRIC_REPRESENTATION_CONTEXT(2) 
PARAMETRIC_REPRESENTATION_CONTEXT() REPRESENTATION_CONTEXT('2D SPACE',''
  ) );
#2311 = PCURVE('',#2312,#2317);
#2312 = TOROIDAL_SURFACE('',#2313,1.7,0.2);
#2313 = AXIS2_PLACEMENT_3D('',#2314,#2315,#2316);
#2314 = CARTESIAN_POINT('',(0.2,13.,3.));
#2315 = DIRECTION('',(1.,0.,0.));
#2316 = DIRECTION('',(0.,0.,-1.));
#2317 = DEFINITIONAL_REPRESENTATION('',(#2318),#2322);
#2318 = LINE('',#2319,#2320);
#2319 = CARTESIAN_POINT('',(0.,4.712388980385));
#2320 = VECTOR('',#2321,1.);
#2321 = DIRECTION('',(1.,0.));
#2322 = ( GEOMETRIC_REPRESENTATION_CONTEXT(2) 
PARAMETRIC_REPRESENTATION_CONTEXT() REPRESENTATION_CONTEXT('2D SPACE',''
  ) );
#2323 = ORIENTED_EDGE('',*,*,#2324,.F.);
#2324 = EDGE_CURVE('',#2325,#2296,#2327,.T.);
#2325 = VERTEX_POINT('',#2326);
#2326 = CARTESIAN_POINT('',(-2.775557561563E-17,0.2,1.3));
#2327 = SURFACE_CURVE('',#2328,(#2332,#2339),.PCURVE_S1.);
#2328 = LINE('',#2329,#2330);
#2329 = CARTESIAN_POINT('',(-2.775557561563E-17,0.,1.3));
#2330 = VECTOR('',#2331,1.);
#2331 = DIRECTION('',(0.,1.,0.));
#2332 = PCURVE('',#717,#2333);
#2333 = DEFINITIONAL_REPRESENTATION('',(#2334),#2338);
#2334 = LINE('',#2335,#2336);
#2335 = CARTESIAN_POINT('',(16.,-1.3));
#2336 = VECTOR('',#2337,1.);
#2337 = DIRECTION('',(-1.,0.));
#2338 = ( GEOMETRIC_REPRESENTATION_CONTEXT(2) 
PARAMETRIC_REPRESENTATION_CONTEXT() REPRESENTATION_CONTEXT('2D SPACE',''
  ) );
#2339 = PCURVE('',#2340,#2345);
#2340 = CYLINDRICAL_SURFACE('',#2341,0.2);
#2341 = AXIS2_PLACEMENT_3D('',#2342,#2343,#2344);
#2342 = CARTESIAN_POINT('',(0.2,0.,1.3));
#2343 = DIRECTION('',(0.,1.,0.));
#2344 = DIRECTION('',(0.,0.,1.));
#2345 = DEFINITIONAL_REPRESENTATION('',(#2346),#2350);
#2346 = LINE('',#2347,#2348);
#2347 = CARTESIAN_POINT('',(-1.570796326795,0.));
#2348 = VECTOR('',#2349,1.);
#2349 = DIRECTION('',(-0.,1.));
#2350 = ( GEOMETRIC_REPRESENTATION_CONTEXT(2) 
PARAMETRIC_REPRESENTATION_CONTEXT() REPRESENTATION_CONTEXT('2D SPACE',''
  ) );
#2351 = ORIENTED_EDGE('',*,*,#2352,.F.);
#2352 = EDGE_CURVE('',#2106,#2325,#2353,.T.);
#2353 = SURFACE_CURVE('',#2354,(#2358,#2365),.PCURVE_S1.);
#2354 = LINE('',#2355,#2356);
#2355 = CARTESIAN_POINT('',(-2.775557561563E-17,0.2,0.));
#2356 = VECTOR('',#2357,1.);
#2357 = DIRECTION('',(0.,0.,1.));
#2358 = PCURVE('',#717,#2359);
#2359 = DEFINITIONAL_REPRESENTATION('',(#2360),#2364);
#2360 = LINE('',#2361,#2362);
#2361 = CARTESIAN_POINT('',(15.8,0.));
#2362 = VECTOR('',#2363,1.);
#2363 = DIRECTION('',(0.,-1.));
#2364 = ( GEOMETRIC_REPRESENTATION_CONTEXT(2) 
PARAMETRIC_REPRESENTATION_CONTEXT() REPRESENTATION_CONTEXT('2D SPACE',''
  ) );
#2365 = PCURVE('',#2366,#2371);
#2366 = CYLINDRICAL_SURFACE('',#2367,0.2);
#2367 = AXIS2_PLACEMENT_3D('',#2368,#2369,#2370);
#2368 = CARTESIAN_POINT('',(0.2,0.2,0.));
#2369 = DIRECTION('',(0.,0.,1.));
#2370 = DIRECTION('',(-1.,0.,0.));
#2371 = DEFINITIONAL_REPRESENTATION('',(#2372),#2376);
#2372 = LINE('',#2373,#2374);
#2373 = CARTESIAN_POINT('',(0.,0.));
#2374 = VECTOR('',#2375,1.);
#2375 = DIRECTION('',(0.,1.));
#2376 = ( GEOMETRIC_REPRESENTATION_CONTEXT(2) 
PARAMETRIC_REPRESENTATION_CONTEXT() REPRESENTATION_CONTEXT('2D SPACE',''
  ) );
#2377 = ADVANCED_FACE('',(#2378),#748,.T.);
#2378 = FACE_BOUND('',#2379,.T.);
#2379 = EDGE_LOOP('',(#2380,#2381,#2382,#2412));
#2380 = ORIENTED_EDGE('',*,*,#729,.F.);
#2381 = ORIENTED_EDGE('',*,*,#844,.T.);
#2382 = ORIENTED_EDGE('',*,*,#2383,.F.);
#2383 = EDGE_CURVE('',#2222,#845,#2384,.T.);
#2384 = SURFACE_CURVE('',#2385,(#2390,#2401),.PCURVE_S1.);
#2385 = ELLIPSE('',#2386,0.282842712475,0.2);
#2386 = AXIS2_PLACEMENT_3D('',#2387,#2388,#2389);
#2387 = CARTESIAN_POINT('',(0.2,0.2,17.8));
#2388 = DIRECTION('',(-0.,0.707106781187,0.707106781187));
#2389 = DIRECTION('',(0.,-0.707106781187,0.707106781187));
#2390 = PCURVE('',#748,#2391);
#2391 = DEFINITIONAL_REPRESENTATION('',(#2392),#2400);
#2392 = B_SPLINE_CURVE_WITH_KNOTS('',6,(#2393,#2394,#2395,#2396,#2397,
    #2398,#2399),.UNSPECIFIED.,.F.,.F.,(7,7),(4.712388980385,
    6.28318530718),.PIECEWISE_BEZIER_KNOTS.);
#2393 = CARTESIAN_POINT('',(3.10862446895E-15,1.3));
#2394 = CARTESIAN_POINT('',(0.261799387799,1.35235987756));
#2395 = CARTESIAN_POINT('',(0.523597760808,1.404715816938));
#2396 = CARTESIAN_POINT('',(0.785397946623,1.450637468767));
#2397 = CARTESIAN_POINT('',(1.047198797763,1.48355452356));
#2398 = CARTESIAN_POINT('',(1.308996938996,1.5));
#2399 = CARTESIAN_POINT('',(1.570796326795,1.5));
#2400 = ( GEOMETRIC_REPRESENTATION_CONTEXT(2) 
PARAMETRIC_REPRESENTATION_CONTEXT() REPRESENTATION_CONTEXT('2D SPACE',''
  ) );
#2401 = PCURVE('',#2237,#2402);
#2402 = DEFINITIONAL_REPRESENTATION('',(#2403),#2411);
#2403 = B_SPLINE_CURVE_WITH_KNOTS('',6,(#2404,#2405,#2406,#2407,#2408,
    #2409,#2410),.UNSPECIFIED.,.F.,.F.,(7,7),(4.712388980385,
    6.28318530718),.PIECEWISE_BEZIER_KNOTS.);
#2404 = CARTESIAN_POINT('',(3.330669073877E-16,14.3));
#2405 = CARTESIAN_POINT('',(-0.261799387799,14.35235987756));
#2406 = CARTESIAN_POINT('',(-0.523597760809,14.404715816938));
#2407 = CARTESIAN_POINT('',(-0.785397946622,14.450637468767));
#2408 = CARTESIAN_POINT('',(-1.047198797764,14.48355452356));
#2409 = CARTESIAN_POINT('',(-1.308996938996,14.5));
#2410 = CARTESIAN_POINT('',(-1.570796326795,14.5));
#2411 = ( GEOMETRIC_REPRESENTATION_CONTEXT(2) 
PARAMETRIC_REPRESENTATION_CONTEXT() REPRESENTATION_CONTEXT('2D SPACE',''
  ) );
#2412 = ORIENTED_EDGE('',*,*,#2249,.F.);
#2413 = ADVANCED_FACE('',(#2414),#819,.T.);
#2414 = FACE_BOUND('',#2415,.T.);
#2415 = EDGE_LOOP('',(#2416,#2439,#2466,#2467,#2468,#2532,#2554,#2555));
#2416 = ORIENTED_EDGE('',*,*,#2417,.T.);
#2417 = EDGE_CURVE('',#2057,#2418,#2420,.T.);
#2418 = VERTEX_POINT('',#2419);
#2419 = CARTESIAN_POINT('',(2.5,12.,9.));
#2420 = SEAM_CURVE('',#2421,(#2425,#2432),.PCURVE_S1.);
#2421 = LINE('',#2422,#2423);
#2422 = CARTESIAN_POINT('',(2.5,16.,9.));
#2423 = VECTOR('',#2424,1.);
#2424 = DIRECTION('',(0.,-1.,2.22044604925E-16));
#2425 = PCURVE('',#819,#2426);
#2426 = DEFINITIONAL_REPRESENTATION('',(#2427),#2431);
#2427 = LINE('',#2428,#2429);
#2428 = CARTESIAN_POINT('',(0.,0.));
#2429 = VECTOR('',#2430,1.);
#2430 = DIRECTION('',(0.,-1.));
#2431 = ( GEOMETRIC_REPRESENTATION_CONTEXT(2) 
PARAMETRIC_REPRESENTATION_CONTEXT() REPRESENTATION_CONTEXT('2D SPACE',''
  ) );
#2432 = PCURVE('',#819,#2433);
#2433 = DEFINITIONAL_REPRESENTATION('',(#2434),#2438);
#2434 = LINE('',#2435,#2436);
#2435 = CARTESIAN_POINT('',(6.28318530718,0.));
#2436 = VECTOR('',#2437,1.);
#2437 = DIRECTION('',(0.,-1.));
#2438 = ( GEOMETRIC_REPRESENTATION_CONTEXT(2) 
PARAMETRIC_REPRESENTATION_CONTEXT() REPRESENTATION_CONTEXT('2D SPACE',''
  ) );
#2439 = ORIENTED_EDGE('',*,*,#2440,.T.);
#2440 = EDGE_CURVE('',#2418,#2418,#2441,.T.);
#2441 = SURFACE_CURVE('',#2442,(#2447,#2454),.PCURVE_S1.);
#2442 = CIRCLE('',#2443,6.5);
#2443 = AXIS2_PLACEMENT_3D('',#2444,#2445,#2446);
#2444 = CARTESIAN_POINT('',(9.,12.,9.));
#2445 = DIRECTION('',(0.,1.,-3.155631075091E-16));
#2446 = DIRECTION('',(-1.,-1.532001151089E-32,-4.854817038601E-17));
#2447 = PCURVE('',#819,#2448);
#2448 = DEFINITIONAL_REPRESENTATION('',(#2449),#2453);
#2449 = LINE('',#2450,#2451);
#2450 = CARTESIAN_POINT('',(0.,-4.));
#2451 = VECTOR('',#2452,1.);
#2452 = DIRECTION('',(1.,0.));
#2453 = ( GEOMETRIC_REPRESENTATION_CONTEXT(2) 
PARAMETRIC_REPRESENTATION_CONTEXT() REPRESENTATION_CONTEXT('2D SPACE',''
  ) );
#2454 = PCURVE('',#2455,#2460);
#2455 = TOROIDAL_SURFACE('',#2456,5.5,1.);
#2456 = AXIS2_PLACEMENT_3D('',#2457,#2458,#2459);
#2457 = CARTESIAN_POINT('',(9.,12.,9.));
#2458 = DIRECTION('',(0.,-1.,3.155631075091E-16));
#2459 = DIRECTION('',(-1.,-1.532001151089E-32,-4.854817038601E-17));
#2460 = DEFINITIONAL_REPRESENTATION('',(#2461),#2465);
#2461 = LINE('',#2462,#2463);
#2462 = CARTESIAN_POINT('',(-0.,0.));
#2463 = VECTOR('',#2464,1.);
#2464 = DIRECTION('',(-1.,0.));
#2465 = ( GEOMETRIC_REPRESENTATION_CONTEXT(2) 
PARAMETRIC_REPRESENTATION_CONTEXT() REPRESENTATION_CONTEXT('2D SPACE',''
  ) );
#2466 = ORIENTED_EDGE('',*,*,#2417,.F.);
#2467 = ORIENTED_EDGE('',*,*,#2080,.F.);
#2468 = ORIENTED_EDGE('',*,*,#2469,.F.);
#2469 = EDGE_CURVE('',#2470,#2005,#2472,.T.);
#2470 = VERTEX_POINT('',#2471);
#2471 = CARTESIAN_POINT('',(11.5,14.5,3.));
#2472 = SURFACE_CURVE('',#2473,(#2483,#2497),.PCURVE_S1.);
#2473 = ( BOUNDED_CURVE() B_SPLINE_CURVE(8,(#2474,#2475,#2476,#2477,
    #2478,#2479,#2480,#2481,#2482),.UNSPECIFIED.,.F.,.F.) 
B_SPLINE_CURVE_WITH_KNOTS((9,9),(6.5,11.5),.PIECEWISE_BEZIER_KNOTS.) 
CURVE() GEOMETRIC_REPRESENTATION_ITEM() RATIONAL_B_SPLINE_CURVE((1.,1.,
1.,1.,1.,1.,1.,1.,1.)) REPRESENTATION_ITEM('') );
#2474 = CARTESIAN_POINT('',(11.5,14.5,3.));
#2475 = CARTESIAN_POINT('',(10.875,14.5,2.739583333333));
#2476 = CARTESIAN_POINT('',(10.25,14.5,2.566485046985));
#2477 = CARTESIAN_POINT('',(9.625,14.5,2.465584906144));
#2478 = CARTESIAN_POINT('',(9.,14.5,2.432828696605));
#2479 = CARTESIAN_POINT('',(8.375,14.5,2.465584906144));
#2480 = CARTESIAN_POINT('',(7.75,14.5,2.566485046985));
#2481 = CARTESIAN_POINT('',(7.125,14.5,2.739583333333));
#2482 = CARTESIAN_POINT('',(6.5,14.5,3.));
#2483 = PCURVE('',#819,#2484);
#2484 = DEFINITIONAL_REPRESENTATION('',(#2485),#2496);
#2485 = B_SPLINE_CURVE_WITH_KNOTS('',9,(#2486,#2487,#2488,#2489,#2490,
    #2491,#2492,#2493,#2494,#2495),.UNSPECIFIED.,.F.,.F.,(10,10),(6.5,
    11.5),.PIECEWISE_BEZIER_KNOTS.);
#2486 = CARTESIAN_POINT('',(4.317597860685,-1.5));
#2487 = CARTESIAN_POINT('',(4.410190453277,-1.5));
#2488 = CARTESIAN_POINT('',(4.498764431622,-1.5));
#2489 = CARTESIAN_POINT('',(4.58506452756,-1.5));
#2490 = CARTESIAN_POINT('',(4.670073652592,-1.5));
#2491 = CARTESIAN_POINT('',(4.754704308177,-1.5));
#2492 = CARTESIAN_POINT('',(4.83971343321,-1.5));
#2493 = CARTESIAN_POINT('',(4.926013529148,-1.5));
#2494 = CARTESIAN_POINT('',(5.014587507492,-1.5));
#2495 = CARTESIAN_POINT('',(5.107180100084,-1.5));
#2496 = ( GEOMETRIC_REPRESENTATION_CONTEXT(2) 
PARAMETRIC_REPRESENTATION_CONTEXT() REPRESENTATION_CONTEXT('2D SPACE',''
  ) );
#2497 = PCURVE('',#2498,#2526);
#2498 = ( BOUNDED_SURFACE() B_SPLINE_SURFACE(2,8,(
    (#2499,#2500,#2501,#2502,#2503,#2504,#2505,#2506,#2507)
    ,(#2508,#2509,#2510,#2511,#2512,#2513,#2514,#2515,#2516)
    ,(#2517,#2518,#2519,#2520,#2521,#2522,#2523,#2524,#2525
)),.UNSPECIFIED.,.F.,.F.,.F.) B_SPLINE_SURFACE_WITH_KNOTS((3,3),(9,9),(
    0.,5.),(6.5,11.5),.PIECEWISE_BEZIER_KNOTS.) 
GEOMETRIC_REPRESENTATION_ITEM() RATIONAL_B_SPLINE_SURFACE((
    (1.,1.,1.,1.,1.,1.,1.,1.,1.)
    ,(0.707106781187,0.768487578165,0.803220784234,0.823887015581
      ,0.82939029491,0.823887015581,0.803220784234,0.768487578165
      ,0.707106781187)
,(1.,1.,1.,1.,1.,1.,1.,1.,1.))) REPRESENTATION_ITEM('') SURFACE() );
#2499 = CARTESIAN_POINT('',(11.5,13.,1.5));
#2500 = CARTESIAN_POINT('',(10.875,13.,1.5));
#2501 = CARTESIAN_POINT('',(10.25,13.051646351076,1.5));
#2502 = CARTESIAN_POINT('',(9.625,13.094618665099,1.5));
#2503 = CARTESIAN_POINT('',(9.,13.121026192939,1.5));
#2504 = CARTESIAN_POINT('',(8.375,13.094618665099,1.5));
#2505 = CARTESIAN_POINT('',(7.75,13.051646351076,1.5));
#2506 = CARTESIAN_POINT('',(7.125,13.,1.5));
#2507 = CARTESIAN_POINT('',(6.5,13.,1.5));
#2508 = CARTESIAN_POINT('',(11.5,14.5,1.5));
#2509 = CARTESIAN_POINT('',(10.924920127796,14.260383386581,1.5));
#2510 = CARTESIAN_POINT('',(10.290796758723,14.163884272203,1.5));
#2511 = CARTESIAN_POINT('',(9.650435029473,14.129796826184,1.5));
#2512 = CARTESIAN_POINT('',(9.,14.126654078679,1.5));
#2513 = CARTESIAN_POINT('',(8.349564970527,14.129796826184,1.5));
#2514 = CARTESIAN_POINT('',(7.709203241277,14.163884272203,1.5));
#2515 = CARTESIAN_POINT('',(7.075079872204,14.260383386581,1.5));
#2516 = CARTESIAN_POINT('',(6.5,14.5,1.5));
#2517 = CARTESIAN_POINT('',(11.5,14.5,3.));
#2518 = CARTESIAN_POINT('',(10.875,14.5,2.739583333333));
#2519 = CARTESIAN_POINT('',(10.25,14.5,2.566485046985));
#2520 = CARTESIAN_POINT('',(9.625,14.5,2.465584906144));
#2521 = CARTESIAN_POINT('',(9.,14.5,2.432828696605));
#2522 = CARTESIAN_POINT('',(8.375,14.5,2.465584906144));
#2523 = CARTESIAN_POINT('',(7.75,14.5,2.566485046985));
#2524 = CARTESIAN_POINT('',(7.125,14.5,2.739583333333));
#2525 = CARTESIAN_POINT('',(6.5,14.5,3.));
#2526 = DEFINITIONAL_REPRESENTATION('',(#2527),#2531);
#2527 = LINE('',#2528,#2529);
#2528 = CARTESIAN_POINT('',(5.,0.));
#2529 = VECTOR('',#2530,1.);
#2530 = DIRECTION('',(0.,1.));
#2531 = ( GEOMETRIC_REPRESENTATION_CONTEXT(2) 
PARAMETRIC_REPRESENTATION_CONTEXT() REPRESENTATION_CONTEXT('2D SPACE',''
  ) );
#2532 = ORIENTED_EDGE('',*,*,#2533,.F.);
#2533 = EDGE_CURVE('',#769,#2470,#2534,.T.);
#2534 = SURFACE_CURVE('',#2535,(#2540,#2547),.PCURVE_S1.);
#2535 = CIRCLE('',#2536,6.5);
#2536 = AXIS2_PLACEMENT_3D('',#2537,#2538,#2539);
#2537 = CARTESIAN_POINT('',(9.,14.5,9.));
#2538 = DIRECTION('',(0.,1.,-2.22044604925E-16));
#2539 = DIRECTION('',(-1.,0.,0.));
#2540 = PCURVE('',#819,#2541);
#2541 = DEFINITIONAL_REPRESENTATION('',(#2542),#2546);
#2542 = LINE('',#2543,#2544);
#2543 = CARTESIAN_POINT('',(0.,-1.5));
#2544 = VECTOR('',#2545,1.);
#2545 = DIRECTION('',(1.,0.));
#2546 = ( GEOMETRIC_REPRESENTATION_CONTEXT(2) 
PARAMETRIC_REPRESENTATION_CONTEXT() REPRESENTATION_CONTEXT('2D SPACE',''
  ) );
#2547 = PCURVE('',#1025,#2548);
#2548 = DEFINITIONAL_REPRESENTATION('',(#2549),#2553);
#2549 = CIRCLE('',#2550,6.5);
#2550 = AXIS2_PLACEMENT_2D('',#2551,#2552);
#2551 = CARTESIAN_POINT('',(7.5,-9.));
#2552 = DIRECTION('',(0.,-1.));
#2553 = ( GEOMETRIC_REPRESENTATION_CONTEXT(2) 
PARAMETRIC_REPRESENTATION_CONTEXT() REPRESENTATION_CONTEXT('2D SPACE',''
  ) );
#2554 = ORIENTED_EDGE('',*,*,#799,.T.);
#2555 = ORIENTED_EDGE('',*,*,#2056,.F.);
#2556 = ADVANCED_FACE('',(#2557),#883,.T.);
#2557 = FACE_BOUND('',#2558,.T.);
#2558 = EDGE_LOOP('',(#2559,#2589,#2610,#2611,#2634,#2667,#2695,#2728,
    #2749,#2750,#2773,#2806,#2834,#2867,#2888,#2889));
#2559 = ORIENTED_EDGE('',*,*,#2560,.T.);
#2560 = EDGE_CURVE('',#2561,#2563,#2565,.T.);
#2561 = VERTEX_POINT('',#2562);
#2562 = CARTESIAN_POINT('',(17.8,14.5,18.));
#2563 = VERTEX_POINT('',#2564);
#2564 = CARTESIAN_POINT('',(0.2,14.5,18.));
#2565 = SURFACE_CURVE('',#2566,(#2570,#2577),.PCURVE_S1.);
#2566 = LINE('',#2567,#2568);
#2567 = CARTESIAN_POINT('',(18.,14.5,18.));
#2568 = VECTOR('',#2569,1.);
#2569 = DIRECTION('',(-1.,0.,0.));
#2570 = PCURVE('',#883,#2571);
#2571 = DEFINITIONAL_REPRESENTATION('',(#2572),#2576);
#2572 = LINE('',#2573,#2574);
#2573 = CARTESIAN_POINT('',(9.,7.));
#2574 = VECTOR('',#2575,1.);
#2575 = DIRECTION('',(-1.,0.));
#2576 = ( GEOMETRIC_REPRESENTATION_CONTEXT(2) 
PARAMETRIC_REPRESENTATION_CONTEXT() REPRESENTATION_CONTEXT('2D SPACE',''
  ) );
#2577 = PCURVE('',#2578,#2583);
#2578 = CYLINDRICAL_SURFACE('',#2579,1.5);
#2579 = AXIS2_PLACEMENT_3D('',#2580,#2581,#2582);
#2580 = CARTESIAN_POINT('',(18.,14.5,16.5));
#2581 = DIRECTION('',(-1.,0.,0.));
#2582 = DIRECTION('',(0.,0.,1.));
#2583 = DEFINITIONAL_REPRESENTATION('',(#2584),#2588);
#2584 = LINE('',#2585,#2586);
#2585 = CARTESIAN_POINT('',(0.,0.));
#2586 = VECTOR('',#2587,1.);
#2587 = DIRECTION('',(0.,1.));
#2588 = ( GEOMETRIC_REPRESENTATION_CONTEXT(2) 
PARAMETRIC_REPRESENTATION_CONTEXT() REPRESENTATION_CONTEXT('2D SPACE',''
  ) );
#2589 = ORIENTED_EDGE('',*,*,#2590,.T.);
#2590 = EDGE_CURVE('',#2563,#845,#2591,.T.);
#2591 = SURFACE_CURVE('',#2592,(#2596,#2603),.PCURVE_S1.);
#2592 = LINE('',#2593,#2594);
#2593 = CARTESIAN_POINT('',(0.2,14.5,18.));
#2594 = VECTOR('',#2595,1.);
#2595 = DIRECTION('',(0.,-1.,0.));
#2596 = PCURVE('',#883,#2597);
#2597 = DEFINITIONAL_REPRESENTATION('',(#2598),#2602);
#2598 = LINE('',#2599,#2600);
#2599 = CARTESIAN_POINT('',(-8.8,7.));
#2600 = VECTOR('',#2601,1.);
#2601 = DIRECTION('',(0.,-1.));
#2602 = ( GEOMETRIC_REPRESENTATION_CONTEXT(2) 
PARAMETRIC_REPRESENTATION_CONTEXT() REPRESENTATION_CONTEXT('2D SPACE',''
  ) );
#2603 = PCURVE('',#2237,#2604);
#2604 = DEFINITIONAL_REPRESENTATION('',(#2605),#2609);
#2605 = LINE('',#2606,#2607);
#2606 = CARTESIAN_POINT('',(-1.570796326795,0.));
#2607 = VECTOR('',#2608,1.);
#2608 = DIRECTION('',(-0.,1.));
#2609 = ( GEOMETRIC_REPRESENTATION_CONTEXT(2) 
PARAMETRIC_REPRESENTATION_CONTEXT() REPRESENTATION_CONTEXT('2D SPACE',''
  ) );
#2610 = ORIENTED_EDGE('',*,*,#867,.T.);
#2611 = ORIENTED_EDGE('',*,*,#2612,.T.);
#2612 = EDGE_CURVE('',#868,#2613,#2615,.T.);
#2613 = VERTEX_POINT('',#2614);
#2614 = CARTESIAN_POINT('',(1.3,3.5,18.));
#2615 = SURFACE_CURVE('',#2616,(#2620,#2627),.PCURVE_S1.);
#2616 = LINE('',#2617,#2618);
#2617 = CARTESIAN_POINT('',(1.3,0.,18.));
#2618 = VECTOR('',#2619,1.);
#2619 = DIRECTION('',(0.,1.,0.));
#2620 = PCURVE('',#883,#2621);
#2621 = DEFINITIONAL_REPRESENTATION('',(#2622),#2626);
#2622 = LINE('',#2623,#2624);
#2623 = CARTESIAN_POINT('',(-7.7,-7.5));
#2624 = VECTOR('',#2625,1.);
#2625 = DIRECTION('',(0.,1.));
#2626 = ( GEOMETRIC_REPRESENTATION_CONTEXT(2) 
PARAMETRIC_REPRESENTATION_CONTEXT() REPRESENTATION_CONTEXT('2D SPACE',''
  ) );
#2627 = PCURVE('',#912,#2628);
#2628 = DEFINITIONAL_REPRESENTATION('',(#2629),#2633);
#2629 = LINE('',#2630,#2631);
#2630 = CARTESIAN_POINT('',(0.,0.));
#2631 = VECTOR('',#2632,1.);
#2632 = DIRECTION('',(0.,1.));
#2633 = ( GEOMETRIC_REPRESENTATION_CONTEXT(2) 
PARAMETRIC_REPRESENTATION_CONTEXT() REPRESENTATION_CONTEXT('2D SPACE',''
  ) );
#2634 = ORIENTED_EDGE('',*,*,#2635,.T.);
#2635 = EDGE_CURVE('',#2613,#2636,#2638,.T.);
#2636 = VERTEX_POINT('',#2637);
#2637 = CARTESIAN_POINT('',(2.,4.2,18.));
#2638 = SURFACE_CURVE('',#2639,(#2644,#2655),.PCURVE_S1.);
#2639 = CIRCLE('',#2640,0.7);
#2640 = AXIS2_PLACEMENT_3D('',#2641,#2642,#2643);
#2641 = CARTESIAN_POINT('',(2.,3.5,18.));
#2642 = DIRECTION('',(0.,0.,-1.));
#2643 = DIRECTION('',(-1.,0.,0.));
#2644 = PCURVE('',#883,#2645);
#2645 = DEFINITIONAL_REPRESENTATION('',(#2646),#2654);
#2646 = ( BOUNDED_CURVE() B_SPLINE_CURVE(2,(#2647,#2648,#2649,#2650,
#2651,#2652,#2653),.UNSPECIFIED.,.T.,.F.) B_SPLINE_CURVE_WITH_KNOTS((1,2
    ,2,2,2,1),(-2.094395102393,0.,2.094395102393,4.188790204786,
6.28318530718,8.377580409573),.UNSPECIFIED.) CURVE() 
GEOMETRIC_REPRESENTATION_ITEM() RATIONAL_B_SPLINE_CURVE((1.,0.5,1.,0.5,
1.,0.5,1.)) REPRESENTATION_ITEM('') );
#2647 = CARTESIAN_POINT('',(-7.7,-4.));
#2648 = CARTESIAN_POINT('',(-7.7,-2.787564434702));
#2649 = CARTESIAN_POINT('',(-6.65,-3.393782217351));
#2650 = CARTESIAN_POINT('',(-5.6,-4.));
#2651 = CARTESIAN_POINT('',(-6.65,-4.606217782649));
#2652 = CARTESIAN_POINT('',(-7.7,-5.212435565298));
#2653 = CARTESIAN_POINT('',(-7.7,-4.));
#2654 = ( GEOMETRIC_REPRESENTATION_CONTEXT(2) 
PARAMETRIC_REPRESENTATION_CONTEXT() REPRESENTATION_CONTEXT('2D SPACE',''
  ) );
#2655 = PCURVE('',#2656,#2661);
#2656 = TOROIDAL_SURFACE('',#2657,0.7,0.2);
#2657 = AXIS2_PLACEMENT_3D('',#2658,#2659,#2660);
#2658 = CARTESIAN_POINT('',(2.,3.5,17.8));
#2659 = DIRECTION('',(0.,0.,1.));
#2660 = DIRECTION('',(-1.,0.,0.));
#2661 = DEFINITIONAL_REPRESENTATION('',(#2662),#2666);
#2662 = LINE('',#2663,#2664);
#2663 = CARTESIAN_POINT('',(-0.,1.570796326795));
#2664 = VECTOR('',#2665,1.);
#2665 = DIRECTION('',(-1.,0.));
#2666 = ( GEOMETRIC_REPRESENTATION_CONTEXT(2) 
PARAMETRIC_REPRESENTATION_CONTEXT() REPRESENTATION_CONTEXT('2D SPACE',''
  ) );
#2667 = ORIENTED_EDGE('',*,*,#2668,.T.);
#2668 = EDGE_CURVE('',#2636,#2669,#2671,.T.);
#2669 = VERTEX_POINT('',#2670);
#2670 = CARTESIAN_POINT('',(7.75,4.2,18.));
#2671 = SURFACE_CURVE('',#2672,(#2676,#2683),.PCURVE_S1.);
#2672 = LINE('',#2673,#2674);
#2673 = CARTESIAN_POINT('',(2.,4.2,18.));
#2674 = VECTOR('',#2675,1.);
#2675 = DIRECTION('',(1.,0.,0.));
#2676 = PCURVE('',#883,#2677);
#2677 = DEFINITIONAL_REPRESENTATION('',(#2678),#2682);
#2678 = LINE('',#2679,#2680);
#2679 = CARTESIAN_POINT('',(-7.,-3.3));
#2680 = VECTOR('',#2681,1.);
#2681 = DIRECTION('',(1.,0.));
#2682 = ( GEOMETRIC_REPRESENTATION_CONTEXT(2) 
PARAMETRIC_REPRESENTATION_CONTEXT() REPRESENTATION_CONTEXT('2D SPACE',''
  ) );
#2683 = PCURVE('',#2684,#2689);
#2684 = CYLINDRICAL_SURFACE('',#2685,0.2);
#2685 = AXIS2_PLACEMENT_3D('',#2686,#2687,#2688);
#2686 = CARTESIAN_POINT('',(2.,4.2,17.8));
#2687 = DIRECTION('',(1.,0.,0.));
#2688 = DIRECTION('',(0.,0.,1.));
#2689 = DEFINITIONAL_REPRESENTATION('',(#2690),#2694);
#2690 = LINE('',#2691,#2692);
#2691 = CARTESIAN_POINT('',(0.,0.));
#2692 = VECTOR('',#2693,1.);
#2693 = DIRECTION('',(0.,1.));
#2694 = ( GEOMETRIC_REPRESENTATION_CONTEXT(2) 
PARAMETRIC_REPRESENTATION_CONTEXT() REPRESENTATION_CONTEXT('2D SPACE',''
  ) );
#2695 = ORIENTED_EDGE('',*,*,#2696,.T.);
#2696 = EDGE_CURVE('',#2669,#2697,#2699,.T.);
#2697 = VERTEX_POINT('',#2698);
#2698 = CARTESIAN_POINT('',(8.45,3.5,18.));
#2699 = SURFACE_CURVE('',#2700,(#2705,#2716),.PCURVE_S1.);
#2700 = CIRCLE('',#2701,0.7);
#2701 = AXIS2_PLACEMENT_3D('',#2702,#2703,#2704);
#2702 = CARTESIAN_POINT('',(7.75,3.5,18.));
#2703 = DIRECTION('',(0.,0.,-1.));
#2704 = DIRECTION('',(0.,1.,0.));
#2705 = PCURVE('',#883,#2706);
#2706 = DEFINITIONAL_REPRESENTATION('',(#2707),#2715);
#2707 = ( BOUNDED_CURVE() B_SPLINE_CURVE(2,(#2708,#2709,#2710,#2711,
#2712,#2713,#2714),.UNSPECIFIED.,.T.,.F.) B_SPLINE_CURVE_WITH_KNOTS((1,2
    ,2,2,2,1),(-2.094395102393,0.,2.094395102393,4.188790204786,
6.28318530718,8.377580409573),.UNSPECIFIED.) CURVE() 
GEOMETRIC_REPRESENTATION_ITEM() RATIONAL_B_SPLINE_CURVE((1.,0.5,1.,0.5,
1.,0.5,1.)) REPRESENTATION_ITEM('') );
#2708 = CARTESIAN_POINT('',(-1.25,-3.3));
#2709 = CARTESIAN_POINT('',(-3.756443470179E-02,-3.3));
#2710 = CARTESIAN_POINT('',(-0.643782217351,-4.35));
#2711 = CARTESIAN_POINT('',(-1.25,-5.4));
#2712 = CARTESIAN_POINT('',(-1.856217782649,-4.35));
#2713 = CARTESIAN_POINT('',(-2.462435565298,-3.3));
#2714 = CARTESIAN_POINT('',(-1.25,-3.3));
#2715 = ( GEOMETRIC_REPRESENTATION_CONTEXT(2) 
PARAMETRIC_REPRESENTATION_CONTEXT() REPRESENTATION_CONTEXT('2D SPACE',''
  ) );
#2716 = PCURVE('',#2717,#2722);
#2717 = TOROIDAL_SURFACE('',#2718,0.7,0.2);
#2718 = AXIS2_PLACEMENT_3D('',#2719,#2720,#2721);
#2719 = CARTESIAN_POINT('',(7.75,3.5,17.8));
#2720 = DIRECTION('',(0.,0.,1.));
#2721 = DIRECTION('',(0.,1.,0.));
#2722 = DEFINITIONAL_REPRESENTATION('',(#2723),#2727);
#2723 = LINE('',#2724,#2725);
#2724 = CARTESIAN_POINT('',(-0.,1.570796326795));
#2725 = VECTOR('',#2726,1.);
#2726 = DIRECTION('',(-1.,0.));
#2727 = ( GEOMETRIC_REPRESENTATION_CONTEXT(2) 
PARAMETRIC_REPRESENTATION_CONTEXT() REPRESENTATION_CONTEXT('2D SPACE',''
  ) );
#2728 = ORIENTED_EDGE('',*,*,#2729,.T.);
#2729 = EDGE_CURVE('',#2697,#1724,#2730,.T.);
#2730 = SURFACE_CURVE('',#2731,(#2735,#2742),.PCURVE_S1.);
#2731 = LINE('',#2732,#2733);
#2732 = CARTESIAN_POINT('',(8.45,3.5,18.));
#2733 = VECTOR('',#2734,1.);
#2734 = DIRECTION('',(0.,-1.,0.));
#2735 = PCURVE('',#883,#2736);
#2736 = DEFINITIONAL_REPRESENTATION('',(#2737),#2741);
#2737 = LINE('',#2738,#2739);
#2738 = CARTESIAN_POINT('',(-0.55,-4.));
#2739 = VECTOR('',#2740,1.);
#2740 = DIRECTION('',(0.,-1.));
#2741 = ( GEOMETRIC_REPRESENTATION_CONTEXT(2) 
PARAMETRIC_REPRESENTATION_CONTEXT() REPRESENTATION_CONTEXT('2D SPACE',''
  ) );
#2742 = PCURVE('',#1744,#2743);
#2743 = DEFINITIONAL_REPRESENTATION('',(#2744),#2748);
#2744 = LINE('',#2745,#2746);
#2745 = CARTESIAN_POINT('',(0.,0.));
#2746 = VECTOR('',#2747,1.);
#2747 = DIRECTION('',(0.,1.));
#2748 = ( GEOMETRIC_REPRESENTATION_CONTEXT(2) 
PARAMETRIC_REPRESENTATION_CONTEXT() REPRESENTATION_CONTEXT('2D SPACE',''
  ) );
#2749 = ORIENTED_EDGE('',*,*,#1756,.T.);
#2750 = ORIENTED_EDGE('',*,*,#2751,.T.);
#2751 = EDGE_CURVE('',#1757,#2752,#2754,.T.);
#2752 = VERTEX_POINT('',#2753);
#2753 = CARTESIAN_POINT('',(9.55,3.5,18.));
#2754 = SURFACE_CURVE('',#2755,(#2759,#2766),.PCURVE_S1.);
#2755 = LINE('',#2756,#2757);
#2756 = CARTESIAN_POINT('',(9.55,0.,18.));
#2757 = VECTOR('',#2758,1.);
#2758 = DIRECTION('',(0.,1.,0.));
#2759 = PCURVE('',#883,#2760);
#2760 = DEFINITIONAL_REPRESENTATION('',(#2761),#2765);
#2761 = LINE('',#2762,#2763);
#2762 = CARTESIAN_POINT('',(0.55,-7.5));
#2763 = VECTOR('',#2764,1.);
#2764 = DIRECTION('',(0.,1.));
#2765 = ( GEOMETRIC_REPRESENTATION_CONTEXT(2) 
PARAMETRIC_REPRESENTATION_CONTEXT() REPRESENTATION_CONTEXT('2D SPACE',''
  ) );
#2766 = PCURVE('',#1796,#2767);
#2767 = DEFINITIONAL_REPRESENTATION('',(#2768),#2772);
#2768 = LINE('',#2769,#2770);
#2769 = CARTESIAN_POINT('',(0.,0.));
#2770 = VECTOR('',#2771,1.);
#2771 = DIRECTION('',(0.,1.));
#2772 = ( GEOMETRIC_REPRESENTATION_CONTEXT(2) 
PARAMETRIC_REPRESENTATION_CONTEXT() REPRESENTATION_CONTEXT('2D SPACE',''
  ) );
#2773 = ORIENTED_EDGE('',*,*,#2774,.T.);
#2774 = EDGE_CURVE('',#2752,#2775,#2777,.T.);
#2775 = VERTEX_POINT('',#2776);
#2776 = CARTESIAN_POINT('',(10.25,4.2,18.));
#2777 = SURFACE_CURVE('',#2778,(#2783,#2794),.PCURVE_S1.);
#2778 = CIRCLE('',#2779,0.7);
#2779 = AXIS2_PLACEMENT_3D('',#2780,#2781,#2782);
#2780 = CARTESIAN_POINT('',(10.25,3.5,18.));
#2781 = DIRECTION('',(0.,0.,-1.));
#2782 = DIRECTION('',(-1.,0.,0.));
#2783 = PCURVE('',#883,#2784);
#2784 = DEFINITIONAL_REPRESENTATION('',(#2785),#2793);
#2785 = ( BOUNDED_CURVE() B_SPLINE_CURVE(2,(#2786,#2787,#2788,#2789,
#2790,#2791,#2792),.UNSPECIFIED.,.T.,.F.) B_SPLINE_CURVE_WITH_KNOTS((1,2
    ,2,2,2,1),(-2.094395102393,0.,2.094395102393,4.188790204786,
6.28318530718,8.377580409573),.UNSPECIFIED.) CURVE() 
GEOMETRIC_REPRESENTATION_ITEM() RATIONAL_B_SPLINE_CURVE((1.,0.5,1.,0.5,
1.,0.5,1.)) REPRESENTATION_ITEM('') );
#2786 = CARTESIAN_POINT('',(0.55,-4.));
#2787 = CARTESIAN_POINT('',(0.55,-2.787564434702));
#2788 = CARTESIAN_POINT('',(1.6,-3.393782217351));
#2789 = CARTESIAN_POINT('',(2.65,-4.));
#2790 = CARTESIAN_POINT('',(1.6,-4.606217782649));
#2791 = CARTESIAN_POINT('',(0.55,-5.212435565298));
#2792 = CARTESIAN_POINT('',(0.55,-4.));
#2793 = ( GEOMETRIC_REPRESENTATION_CONTEXT(2) 
PARAMETRIC_REPRESENTATION_CONTEXT() REPRESENTATION_CONTEXT('2D SPACE',''
  ) );
#2794 = PCURVE('',#2795,#2800);
#2795 = TOROIDAL_SURFACE('',#2796,0.7,0.2);
#2796 = AXIS2_PLACEMENT_3D('',#2797,#2798,#2799);
#2797 = CARTESIAN_POINT('',(10.25,3.5,17.8));
#2798 = DIRECTION('',(0.,0.,1.));
#2799 = DIRECTION('',(-1.,0.,0.));
#2800 = DEFINITIONAL_REPRESENTATION('',(#2801),#2805);
#2801 = LINE('',#2802,#2803);
#2802 = CARTESIAN_POINT('',(-0.,1.570796326795));
#2803 = VECTOR('',#2804,1.);
#2804 = DIRECTION('',(-1.,0.));
#2805 = ( GEOMETRIC_REPRESENTATION_CONTEXT(2) 
PARAMETRIC_REPRESENTATION_CONTEXT() REPRESENTATION_CONTEXT('2D SPACE',''
  ) );
#2806 = ORIENTED_EDGE('',*,*,#2807,.T.);
#2807 = EDGE_CURVE('',#2775,#2808,#2810,.T.);
#2808 = VERTEX_POINT('',#2809);
#2809 = CARTESIAN_POINT('',(16.,4.2,18.));
#2810 = SURFACE_CURVE('',#2811,(#2815,#2822),.PCURVE_S1.);
#2811 = LINE('',#2812,#2813);
#2812 = CARTESIAN_POINT('',(10.25,4.2,18.));
#2813 = VECTOR('',#2814,1.);
#2814 = DIRECTION('',(1.,0.,0.));
#2815 = PCURVE('',#883,#2816);
#2816 = DEFINITIONAL_REPRESENTATION('',(#2817),#2821);
#2817 = LINE('',#2818,#2819);
#2818 = CARTESIAN_POINT('',(1.25,-3.3));
#2819 = VECTOR('',#2820,1.);
#2820 = DIRECTION('',(1.,0.));
#2821 = ( GEOMETRIC_REPRESENTATION_CONTEXT(2) 
PARAMETRIC_REPRESENTATION_CONTEXT() REPRESENTATION_CONTEXT('2D SPACE',''
  ) );
#2822 = PCURVE('',#2823,#2828);
#2823 = CYLINDRICAL_SURFACE('',#2824,0.2);
#2824 = AXIS2_PLACEMENT_3D('',#2825,#2826,#2827);
#2825 = CARTESIAN_POINT('',(10.25,4.2,17.8));
#2826 = DIRECTION('',(1.,0.,0.));
#2827 = DIRECTION('',(0.,0.,1.));
#2828 = DEFINITIONAL_REPRESENTATION('',(#2829),#2833);
#2829 = LINE('',#2830,#2831);
#2830 = CARTESIAN_POINT('',(0.,0.));
#2831 = VECTOR('',#2832,1.);
#2832 = DIRECTION('',(0.,1.));
#2833 = ( GEOMETRIC_REPRESENTATION_CONTEXT(2) 
PARAMETRIC_REPRESENTATION_CONTEXT() REPRESENTATION_CONTEXT('2D SPACE',''
  ) );
#2834 = ORIENTED_EDGE('',*,*,#2835,.T.);
#2835 = EDGE_CURVE('',#2808,#2836,#2838,.T.);
#2836 = VERTEX_POINT('',#2837);
#2837 = CARTESIAN_POINT('',(16.7,3.5,18.));
#2838 = SURFACE_CURVE('',#2839,(#2844,#2855),.PCURVE_S1.);
#2839 = CIRCLE('',#2840,0.7);
#2840 = AXIS2_PLACEMENT_3D('',#2841,#2842,#2843);
#2841 = CARTESIAN_POINT('',(16.,3.5,18.));
#2842 = DIRECTION('',(0.,0.,-1.));
#2843 = DIRECTION('',(0.,1.,0.));
#2844 = PCURVE('',#883,#2845);
#2845 = DEFINITIONAL_REPRESENTATION('',(#2846),#2854);
#2846 = ( BOUNDED_CURVE() B_SPLINE_CURVE(2,(#2847,#2848,#2849,#2850,
#2851,#2852,#2853),.UNSPECIFIED.,.T.,.F.) B_SPLINE_CURVE_WITH_KNOTS((1,2
    ,2,2,2,1),(-2.094395102393,0.,2.094395102393,4.188790204786,
6.28318530718,8.377580409573),.UNSPECIFIED.) CURVE() 
GEOMETRIC_REPRESENTATION_ITEM() RATIONAL_B_SPLINE_CURVE((1.,0.5,1.,0.5,
1.,0.5,1.)) REPRESENTATION_ITEM('') );
#2847 = CARTESIAN_POINT('',(7.,-3.3));
#2848 = CARTESIAN_POINT('',(8.212435565298,-3.3));
#2849 = CARTESIAN_POINT('',(7.606217782649,-4.35));
#2850 = CARTESIAN_POINT('',(7.,-5.4));
#2851 = CARTESIAN_POINT('',(6.393782217351,-4.35));
#2852 = CARTESIAN_POINT('',(5.787564434702,-3.3));
#2853 = CARTESIAN_POINT('',(7.,-3.3));
#2854 = ( GEOMETRIC_REPRESENTATION_CONTEXT(2) 
PARAMETRIC_REPRESENTATION_CONTEXT() REPRESENTATION_CONTEXT('2D SPACE',''
  ) );
#2855 = PCURVE('',#2856,#2861);
#2856 = TOROIDAL_SURFACE('',#2857,0.7,0.2);
#2857 = AXIS2_PLACEMENT_3D('',#2858,#2859,#2860);
#2858 = CARTESIAN_POINT('',(16.,3.5,17.8));
#2859 = DIRECTION('',(0.,0.,1.));
#2860 = DIRECTION('',(0.,1.,0.));
#2861 = DEFINITIONAL_REPRESENTATION('',(#2862),#2866);
#2862 = LINE('',#2863,#2864);
#2863 = CARTESIAN_POINT('',(-0.,1.570796326795));
#2864 = VECTOR('',#2865,1.);
#2865 = DIRECTION('',(-1.,0.));
#2866 = ( GEOMETRIC_REPRESENTATION_CONTEXT(2) 
PARAMETRIC_REPRESENTATION_CONTEXT() REPRESENTATION_CONTEXT('2D SPACE',''
  ) );
#2867 = ORIENTED_EDGE('',*,*,#2868,.T.);
#2868 = EDGE_CURVE('',#2836,#1263,#2869,.T.);
#2869 = SURFACE_CURVE('',#2870,(#2874,#2881),.PCURVE_S1.);
#2870 = LINE('',#2871,#2872);
#2871 = CARTESIAN_POINT('',(16.7,3.5,18.));
#2872 = VECTOR('',#2873,1.);
#2873 = DIRECTION('',(-0.,-1.,-0.));
#2874 = PCURVE('',#883,#2875);
#2875 = DEFINITIONAL_REPRESENTATION('',(#2876),#2880);
#2876 = LINE('',#2877,#2878);
#2877 = CARTESIAN_POINT('',(7.7,-4.));
#2878 = VECTOR('',#2879,1.);
#2879 = DIRECTION('',(0.,-1.));
#2880 = ( GEOMETRIC_REPRESENTATION_CONTEXT(2) 
PARAMETRIC_REPRESENTATION_CONTEXT() REPRESENTATION_CONTEXT('2D SPACE',''
  ) );
#2881 = PCURVE('',#1302,#2882);
#2882 = DEFINITIONAL_REPRESENTATION('',(#2883),#2887);
#2883 = LINE('',#2884,#2885);
#2884 = CARTESIAN_POINT('',(0.,0.));
#2885 = VECTOR('',#2886,1.);
#2886 = DIRECTION('',(0.,1.));
#2887 = ( GEOMETRIC_REPRESENTATION_CONTEXT(2) 
PARAMETRIC_REPRESENTATION_CONTEXT() REPRESENTATION_CONTEXT('2D SPACE',''
  ) );
#2888 = ORIENTED_EDGE('',*,*,#1262,.F.);
#2889 = ORIENTED_EDGE('',*,*,#2890,.T.);
#2890 = EDGE_CURVE('',#1240,#2561,#2891,.T.);
#2891 = SURFACE_CURVE('',#2892,(#2896,#2903),.PCURVE_S1.);
#2892 = LINE('',#2893,#2894);
#2893 = CARTESIAN_POINT('',(17.8,0.,18.));
#2894 = VECTOR('',#2895,1.);
#2895 = DIRECTION('',(0.,1.,0.));
#2896 = PCURVE('',#883,#2897);
#2897 = DEFINITIONAL_REPRESENTATION('',(#2898),#2902);
#2898 = LINE('',#2899,#2900);
#2899 = CARTESIAN_POINT('',(8.8,-7.5));
#2900 = VECTOR('',#2901,1.);
#2901 = DIRECTION('',(0.,1.));
#2902 = ( GEOMETRIC_REPRESENTATION_CONTEXT(2) 
PARAMETRIC_REPRESENTATION_CONTEXT() REPRESENTATION_CONTEXT('2D SPACE',''
  ) );
#2903 = PCURVE('',#2904,#2909);
#2904 = CYLINDRICAL_SURFACE('',#2905,0.2);
#2905 = AXIS2_PLACEMENT_3D('',#2906,#2907,#2908);
#2906 = CARTESIAN_POINT('',(17.8,0.,17.8));
#2907 = DIRECTION('',(0.,1.,0.));
#2908 = DIRECTION('',(1.,0.,0.));
#2909 = DEFINITIONAL_REPRESENTATION('',(#2910),#2914);
#2910 = LINE('',#2911,#2912);
#2911 = CARTESIAN_POINT('',(-1.570796326795,0.));
#2912 = VECTOR('',#2913,1.);
#2913 = DIRECTION('',(-0.,1.));
#2914 = ( GEOMETRIC_REPRESENTATION_CONTEXT(2) 
PARAMETRIC_REPRESENTATION_CONTEXT() REPRESENTATION_CONTEXT('2D SPACE',''
  ) );
#2915 = ADVANCED_FACE('',(#2916),#940,.F.);
#2916 = FACE_BOUND('',#2917,.F.);
#2917 = EDGE_LOOP('',(#2918,#2941,#2942,#2943));
#2918 = ORIENTED_EDGE('',*,*,#2919,.F.);
#2919 = EDGE_CURVE('',#1043,#2920,#2922,.T.);
#2920 = VERTEX_POINT('',#2921);
#2921 = CARTESIAN_POINT('',(1.5,3.5,17.8));
#2922 = SURFACE_CURVE('',#2923,(#2927,#2934),.PCURVE_S1.);
#2923 = LINE('',#2924,#2925);
#2924 = CARTESIAN_POINT('',(1.5,3.5,16.5));
#2925 = VECTOR('',#2926,1.);
#2926 = DIRECTION('',(0.,0.,1.));
#2927 = PCURVE('',#940,#2928);
#2928 = DEFINITIONAL_REPRESENTATION('',(#2929),#2933);
#2929 = LINE('',#2930,#2931);
#2930 = CARTESIAN_POINT('',(3.5,-16.5));
#2931 = VECTOR('',#2932,1.);
#2932 = DIRECTION('',(0.,-1.));
#2933 = ( GEOMETRIC_REPRESENTATION_CONTEXT(2) 
PARAMETRIC_REPRESENTATION_CONTEXT() REPRESENTATION_CONTEXT('2D SPACE',''
  ) );
#2934 = PCURVE('',#1223,#2935);
#2935 = DEFINITIONAL_REPRESENTATION('',(#2936),#2940);
#2936 = LINE('',#2937,#2938);
#2937 = CARTESIAN_POINT('',(-0.,0.));
#2938 = VECTOR('',#2939,1.);
#2939 = DIRECTION('',(-0.,1.));
#2940 = ( GEOMETRIC_REPRESENTATION_CONTEXT(2) 
PARAMETRIC_REPRESENTATION_CONTEXT() REPRESENTATION_CONTEXT('2D SPACE',''
  ) );
#2941 = ORIENTED_EDGE('',*,*,#1042,.F.);
#2942 = ORIENTED_EDGE('',*,*,#924,.T.);
#2943 = ORIENTED_EDGE('',*,*,#2944,.T.);
#2944 = EDGE_CURVE('',#896,#2920,#2945,.T.);
#2945 = SURFACE_CURVE('',#2946,(#2950,#2957),.PCURVE_S1.);
#2946 = LINE('',#2947,#2948);
#2947 = CARTESIAN_POINT('',(1.5,0.,17.8));
#2948 = VECTOR('',#2949,1.);
#2949 = DIRECTION('',(0.,1.,0.));
#2950 = PCURVE('',#940,#2951);
#2951 = DEFINITIONAL_REPRESENTATION('',(#2952),#2956);
#2952 = LINE('',#2953,#2954);
#2953 = CARTESIAN_POINT('',(0.,-17.8));
#2954 = VECTOR('',#2955,1.);
#2955 = DIRECTION('',(1.,0.));
#2956 = ( GEOMETRIC_REPRESENTATION_CONTEXT(2) 
PARAMETRIC_REPRESENTATION_CONTEXT() REPRESENTATION_CONTEXT('2D SPACE',''
  ) );
#2957 = PCURVE('',#912,#2958);
#2958 = DEFINITIONAL_REPRESENTATION('',(#2959),#2963);
#2959 = LINE('',#2960,#2961);
#2960 = CARTESIAN_POINT('',(1.570796326795,0.));
#2961 = VECTOR('',#2962,1.);
#2962 = DIRECTION('',(0.,1.));
#2963 = ( GEOMETRIC_REPRESENTATION_CONTEXT(2) 
PARAMETRIC_REPRESENTATION_CONTEXT() REPRESENTATION_CONTEXT('2D SPACE',''
  ) );
#2964 = ADVANCED_FACE('',(#2965),#912,.T.);
#2965 = FACE_BOUND('',#2966,.T.);
#2966 = EDGE_LOOP('',(#2967,#2968,#2969,#2991));
#2967 = ORIENTED_EDGE('',*,*,#895,.T.);
#2968 = ORIENTED_EDGE('',*,*,#2944,.T.);
#2969 = ORIENTED_EDGE('',*,*,#2970,.F.);
#2970 = EDGE_CURVE('',#2613,#2920,#2971,.T.);
#2971 = SURFACE_CURVE('',#2972,(#2977,#2984),.PCURVE_S1.);
#2972 = CIRCLE('',#2973,0.2);
#2973 = AXIS2_PLACEMENT_3D('',#2974,#2975,#2976);
#2974 = CARTESIAN_POINT('',(1.3,3.5,17.8));
#2975 = DIRECTION('',(0.,1.,0.));
#2976 = DIRECTION('',(0.,0.,1.));
#2977 = PCURVE('',#912,#2978);
#2978 = DEFINITIONAL_REPRESENTATION('',(#2979),#2983);
#2979 = LINE('',#2980,#2981);
#2980 = CARTESIAN_POINT('',(0.,3.5));
#2981 = VECTOR('',#2982,1.);
#2982 = DIRECTION('',(1.,0.));
#2983 = ( GEOMETRIC_REPRESENTATION_CONTEXT(2) 
PARAMETRIC_REPRESENTATION_CONTEXT() REPRESENTATION_CONTEXT('2D SPACE',''
  ) );
#2984 = PCURVE('',#2656,#2985);
#2985 = DEFINITIONAL_REPRESENTATION('',(#2986),#2990);
#2986 = LINE('',#2987,#2988);
#2987 = CARTESIAN_POINT('',(-0.,1.570796326795));
#2988 = VECTOR('',#2989,1.);
#2989 = DIRECTION('',(-0.,1.));
#2990 = ( GEOMETRIC_REPRESENTATION_CONTEXT(2) 
PARAMETRIC_REPRESENTATION_CONTEXT() REPRESENTATION_CONTEXT('2D SPACE',''
  ) );
#2991 = ORIENTED_EDGE('',*,*,#2612,.F.);
#2992 = ADVANCED_FACE('',(#2993),#999,.T.);
#2993 = FACE_BOUND('',#2994,.T.);
#2994 = EDGE_LOOP('',(#2995,#3024,#3050,#3051));
#2995 = ORIENTED_EDGE('',*,*,#2996,.F.);
#2996 = EDGE_CURVE('',#2997,#983,#2999,.T.);
#2997 = VERTEX_POINT('',#2998);
#2998 = CARTESIAN_POINT('',(18.,14.7,15.));
#2999 = SURFACE_CURVE('',#3000,(#3005,#3012),.PCURVE_S1.);
#3000 = CIRCLE('',#3001,0.2);
#3001 = AXIS2_PLACEMENT_3D('',#3002,#3003,#3004);
#3002 = CARTESIAN_POINT('',(17.8,14.7,15.));
#3003 = DIRECTION('',(0.,0.,-1.));
#3004 = DIRECTION('',(1.,0.,0.));
#3005 = PCURVE('',#999,#3006);
#3006 = DEFINITIONAL_REPRESENTATION('',(#3007),#3011);
#3007 = LINE('',#3008,#3009);
#3008 = CARTESIAN_POINT('',(0.,1.570796326795));
#3009 = VECTOR('',#3010,1.);
#3010 = DIRECTION('',(0.,1.));
#3011 = ( GEOMETRIC_REPRESENTATION_CONTEXT(2) 
PARAMETRIC_REPRESENTATION_CONTEXT() REPRESENTATION_CONTEXT('2D SPACE',''
  ) );
#3012 = PCURVE('',#3013,#3018);
#3013 = CYLINDRICAL_SURFACE('',#3014,0.2);
#3014 = AXIS2_PLACEMENT_3D('',#3015,#3016,#3017);
#3015 = CARTESIAN_POINT('',(17.8,14.7,3.));
#3016 = DIRECTION('',(0.,0.,1.));
#3017 = DIRECTION('',(1.,0.,0.));
#3018 = DEFINITIONAL_REPRESENTATION('',(#3019),#3023);
#3019 = LINE('',#3020,#3021);
#3020 = CARTESIAN_POINT('',(-0.,12.));
#3021 = VECTOR('',#3022,1.);
#3022 = DIRECTION('',(-1.,0.));
#3023 = ( GEOMETRIC_REPRESENTATION_CONTEXT(2) 
PARAMETRIC_REPRESENTATION_CONTEXT() REPRESENTATION_CONTEXT('2D SPACE',''
  ) );
#3024 = ORIENTED_EDGE('',*,*,#3025,.T.);
#3025 = EDGE_CURVE('',#2997,#1092,#3026,.T.);
#3026 = SURFACE_CURVE('',#3027,(#3032,#3039),.PCURVE_S1.);
#3027 = CIRCLE('',#3028,1.7);
#3028 = AXIS2_PLACEMENT_3D('',#3029,#3030,#3031);
#3029 = CARTESIAN_POINT('',(18.,13.,15.));
#3030 = DIRECTION('',(1.,0.,0.));
#3031 = DIRECTION('',(0.,1.,0.));
#3032 = PCURVE('',#999,#3033);
#3033 = DEFINITIONAL_REPRESENTATION('',(#3034),#3038);
#3034 = LINE('',#3035,#3036);
#3035 = CARTESIAN_POINT('',(0.,1.570796326795));
#3036 = VECTOR('',#3037,1.);
#3037 = DIRECTION('',(1.,0.));
#3038 = ( GEOMETRIC_REPRESENTATION_CONTEXT(2) 
PARAMETRIC_REPRESENTATION_CONTEXT() REPRESENTATION_CONTEXT('2D SPACE',''
  ) );
#3039 = PCURVE('',#1167,#3040);
#3040 = DEFINITIONAL_REPRESENTATION('',(#3041),#3049);
#3041 = ( BOUNDED_CURVE() B_SPLINE_CURVE(2,(#3042,#3043,#3044,#3045,
#3046,#3047,#3048),.UNSPECIFIED.,.T.,.F.) B_SPLINE_CURVE_WITH_KNOTS((1,2
    ,2,2,2,1),(-2.094395102393,0.,2.094395102393,4.188790204786,
6.28318530718,8.377580409573),.UNSPECIFIED.) CURVE() 
GEOMETRIC_REPRESENTATION_ITEM() RATIONAL_B_SPLINE_CURVE((1.,0.5,1.,0.5,
1.,0.5,1.)) REPRESENTATION_ITEM('') );
#3042 = CARTESIAN_POINT('',(14.7,-15.));
#3043 = CARTESIAN_POINT('',(14.7,-17.94448637286));
#3044 = CARTESIAN_POINT('',(12.15,-16.47224318643));
#3045 = CARTESIAN_POINT('',(9.6,-15.));
#3046 = CARTESIAN_POINT('',(12.15,-13.52775681356));
#3047 = CARTESIAN_POINT('',(14.7,-12.05551362713));
#3048 = CARTESIAN_POINT('',(14.7,-15.));
#3049 = ( GEOMETRIC_REPRESENTATION_CONTEXT(2) 
PARAMETRIC_REPRESENTATION_CONTEXT() REPRESENTATION_CONTEXT('2D SPACE',''
  ) );
#3050 = ORIENTED_EDGE('',*,*,#1091,.T.);
#3051 = ORIENTED_EDGE('',*,*,#982,.F.);
#3052 = ADVANCED_FACE('',(#3053),#1025,.F.);
#3053 = FACE_BOUND('',#3054,.F.);
#3054 = EDGE_LOOP('',(#3055,#3083,#3084,#3085));
#3055 = ORIENTED_EDGE('',*,*,#3056,.T.);
#3056 = EDGE_CURVE('',#3057,#2470,#3059,.T.);
#3057 = VERTEX_POINT('',#3058);
#3058 = CARTESIAN_POINT('',(17.8,14.5,3.));
#3059 = SURFACE_CURVE('',#3060,(#3064,#3071),.PCURVE_S1.);
#3060 = LINE('',#3061,#3062);
#3061 = CARTESIAN_POINT('',(18.,14.5,3.));
#3062 = VECTOR('',#3063,1.);
#3063 = DIRECTION('',(-1.,-0.,-0.));
#3064 = PCURVE('',#1025,#3065);
#3065 = DEFINITIONAL_REPRESENTATION('',(#3066),#3070);
#3066 = LINE('',#3067,#3068);
#3067 = CARTESIAN_POINT('',(1.5,0.));
#3068 = VECTOR('',#3069,1.);
#3069 = DIRECTION('',(0.,-1.));
#3070 = ( GEOMETRIC_REPRESENTATION_CONTEXT(2) 
PARAMETRIC_REPRESENTATION_CONTEXT() REPRESENTATION_CONTEXT('2D SPACE',''
  ) );
#3071 = PCURVE('',#3072,#3077);
#3072 = CYLINDRICAL_SURFACE('',#3073,1.5);
#3073 = AXIS2_PLACEMENT_3D('',#3074,#3075,#3076);
#3074 = CARTESIAN_POINT('',(18.,13.,3.));
#3075 = DIRECTION('',(-1.,-0.,-0.));
#3076 = DIRECTION('',(0.,1.,0.));
#3077 = DEFINITIONAL_REPRESENTATION('',(#3078),#3082);
#3078 = LINE('',#3079,#3080);
#3079 = CARTESIAN_POINT('',(0.,0.));
#3080 = VECTOR('',#3081,1.);
#3081 = DIRECTION('',(0.,1.));
#3082 = ( GEOMETRIC_REPRESENTATION_CONTEXT(2) 
PARAMETRIC_REPRESENTATION_CONTEXT() REPRESENTATION_CONTEXT('2D SPACE',''
  ) );
#3083 = ORIENTED_EDGE('',*,*,#2533,.F.);
#3084 = ORIENTED_EDGE('',*,*,#1011,.F.);
#3085 = ORIENTED_EDGE('',*,*,#3086,.F.);
#3086 = EDGE_CURVE('',#3057,#983,#3087,.T.);
#3087 = SURFACE_CURVE('',#3088,(#3092,#3099),.PCURVE_S1.);
#3088 = LINE('',#3089,#3090);
#3089 = CARTESIAN_POINT('',(17.8,14.5,3.));
#3090 = VECTOR('',#3091,1.);
#3091 = DIRECTION('',(0.,0.,1.));
#3092 = PCURVE('',#1025,#3093);
#3093 = DEFINITIONAL_REPRESENTATION('',(#3094),#3098);
#3094 = LINE('',#3095,#3096);
#3095 = CARTESIAN_POINT('',(1.5,-0.2));
#3096 = VECTOR('',#3097,1.);
#3097 = DIRECTION('',(1.,0.));
#3098 = ( GEOMETRIC_REPRESENTATION_CONTEXT(2) 
PARAMETRIC_REPRESENTATION_CONTEXT() REPRESENTATION_CONTEXT('2D SPACE',''
  ) );
#3099 = PCURVE('',#3013,#3100);
#3100 = DEFINITIONAL_REPRESENTATION('',(#3101),#3105);
#3101 = LINE('',#3102,#3103);
#3102 = CARTESIAN_POINT('',(-1.570796326795,0.));
#3103 = VECTOR('',#3104,1.);
#3104 = DIRECTION('',(-0.,1.));
#3105 = ( GEOMETRIC_REPRESENTATION_CONTEXT(2) 
PARAMETRIC_REPRESENTATION_CONTEXT() REPRESENTATION_CONTEXT('2D SPACE',''
  ) );
#3106 = ADVANCED_FACE('',(#3107),#1167,.F.);
#3107 = FACE_BOUND('',#3108,.F.);
#3108 = EDGE_LOOP('',(#3109,#3134,#3163,#3191,#3220,#3248,#3276,#3304,
    #3337,#3358,#3359,#3360));
#3109 = ORIENTED_EDGE('',*,*,#3110,.T.);
#3110 = EDGE_CURVE('',#3111,#3113,#3115,.T.);
#3111 = VERTEX_POINT('',#3112);
#3112 = CARTESIAN_POINT('',(18.,0.2,17.8));
#3113 = VERTEX_POINT('',#3114);
#3114 = CARTESIAN_POINT('',(18.,14.5,17.8));
#3115 = SURFACE_CURVE('',#3116,(#3120,#3127),.PCURVE_S1.);
#3116 = LINE('',#3117,#3118);
#3117 = CARTESIAN_POINT('',(18.,0.,17.8));
#3118 = VECTOR('',#3119,1.);
#3119 = DIRECTION('',(0.,1.,0.));
#3120 = PCURVE('',#1167,#3121);
#3121 = DEFINITIONAL_REPRESENTATION('',(#3122),#3126);
#3122 = LINE('',#3123,#3124);
#3123 = CARTESIAN_POINT('',(0.,-17.8));
#3124 = VECTOR('',#3125,1.);
#3125 = DIRECTION('',(1.,0.));
#3126 = ( GEOMETRIC_REPRESENTATION_CONTEXT(2) 
PARAMETRIC_REPRESENTATION_CONTEXT() REPRESENTATION_CONTEXT('2D SPACE',''
  ) );
#3127 = PCURVE('',#2904,#3128);
#3128 = DEFINITIONAL_REPRESENTATION('',(#3129),#3133);
#3129 = LINE('',#3130,#3131);
#3130 = CARTESIAN_POINT('',(-0.,0.));
#3131 = VECTOR('',#3132,1.);
#3132 = DIRECTION('',(-0.,1.));
#3133 = ( GEOMETRIC_REPRESENTATION_CONTEXT(2) 
PARAMETRIC_REPRESENTATION_CONTEXT() REPRESENTATION_CONTEXT('2D SPACE',''
  ) );
#3134 = ORIENTED_EDGE('',*,*,#3135,.T.);
#3135 = EDGE_CURVE('',#3113,#3136,#3138,.T.);
#3136 = VERTEX_POINT('',#3137);
#3137 = CARTESIAN_POINT('',(18.,15.8,16.5));
#3138 = SURFACE_CURVE('',#3139,(#3144,#3151),.PCURVE_S1.);
#3139 = CIRCLE('',#3140,1.3);
#3140 = AXIS2_PLACEMENT_3D('',#3141,#3142,#3143);
#3141 = CARTESIAN_POINT('',(18.,14.5,16.5));
#3142 = DIRECTION('',(-1.,0.,0.));
#3143 = DIRECTION('',(0.,0.,1.));
#3144 = PCURVE('',#1167,#3145);
#3145 = DEFINITIONAL_REPRESENTATION('',(#3146),#3150);
#3146 = CIRCLE('',#3147,1.3);
#3147 = AXIS2_PLACEMENT_2D('',#3148,#3149);
#3148 = CARTESIAN_POINT('',(14.5,-16.5));
#3149 = DIRECTION('',(0.,-1.));
#3150 = ( GEOMETRIC_REPRESENTATION_CONTEXT(2) 
PARAMETRIC_REPRESENTATION_CONTEXT() REPRESENTATION_CONTEXT('2D SPACE',''
  ) );
#3151 = PCURVE('',#3152,#3157);
#3152 = TOROIDAL_SURFACE('',#3153,1.3,0.2);
#3153 = AXIS2_PLACEMENT_3D('',#3154,#3155,#3156);
#3154 = CARTESIAN_POINT('',(17.8,14.5,16.5));
#3155 = DIRECTION('',(-1.,0.,0.));
#3156 = DIRECTION('',(0.,0.,1.));
#3157 = DEFINITIONAL_REPRESENTATION('',(#3158),#3162);
#3158 = LINE('',#3159,#3160);
#3159 = CARTESIAN_POINT('',(0.,4.712388980385));
#3160 = VECTOR('',#3161,1.);
#3161 = DIRECTION('',(1.,0.));
#3162 = ( GEOMETRIC_REPRESENTATION_CONTEXT(2) 
PARAMETRIC_REPRESENTATION_CONTEXT() REPRESENTATION_CONTEXT('2D SPACE',''
  ) );
#3163 = ORIENTED_EDGE('',*,*,#3164,.T.);
#3164 = EDGE_CURVE('',#3136,#3165,#3167,.T.);
#3165 = VERTEX_POINT('',#3166);
#3166 = CARTESIAN_POINT('',(18.,15.8,1.5));
#3167 = SURFACE_CURVE('',#3168,(#3172,#3179),.PCURVE_S1.);
#3168 = LINE('',#3169,#3170);
#3169 = CARTESIAN_POINT('',(18.,15.8,16.5));
#3170 = VECTOR('',#3171,1.);
#3171 = DIRECTION('',(-0.,-0.,-1.));
#3172 = PCURVE('',#1167,#3173);
#3173 = DEFINITIONAL_REPRESENTATION('',(#3174),#3178);
#3174 = LINE('',#3175,#3176);
#3175 = CARTESIAN_POINT('',(15.8,-16.5));
#3176 = VECTOR('',#3177,1.);
#3177 = DIRECTION('',(0.,1.));
#3178 = ( GEOMETRIC_REPRESENTATION_CONTEXT(2) 
PARAMETRIC_REPRESENTATION_CONTEXT() REPRESENTATION_CONTEXT('2D SPACE',''
  ) );
#3179 = PCURVE('',#3180,#3185);
#3180 = CYLINDRICAL_SURFACE('',#3181,0.2);
#3181 = AXIS2_PLACEMENT_3D('',#3182,#3183,#3184);
#3182 = CARTESIAN_POINT('',(17.8,15.8,16.5));
#3183 = DIRECTION('',(-0.,-0.,-1.));
#3184 = DIRECTION('',(1.,0.,0.));
#3185 = DEFINITIONAL_REPRESENTATION('',(#3186),#3190);
#3186 = LINE('',#3187,#3188);
#3187 = CARTESIAN_POINT('',(-0.,0.));
#3188 = VECTOR('',#3189,1.);
#3189 = DIRECTION('',(-0.,1.));
#3190 = ( GEOMETRIC_REPRESENTATION_CONTEXT(2) 
PARAMETRIC_REPRESENTATION_CONTEXT() REPRESENTATION_CONTEXT('2D SPACE',''
  ) );
#3191 = ORIENTED_EDGE('',*,*,#3192,.T.);
#3192 = EDGE_CURVE('',#3165,#3193,#3195,.T.);
#3193 = VERTEX_POINT('',#3194);
#3194 = CARTESIAN_POINT('',(18.,14.5,0.2));
#3195 = SURFACE_CURVE('',#3196,(#3201,#3208),.PCURVE_S1.);
#3196 = CIRCLE('',#3197,1.3);
#3197 = AXIS2_PLACEMENT_3D('',#3198,#3199,#3200);
#3198 = CARTESIAN_POINT('',(18.,14.5,1.5));
#3199 = DIRECTION('',(-1.,0.,0.));
#3200 = DIRECTION('',(0.,1.,0.));
#3201 = PCURVE('',#1167,#3202);
#3202 = DEFINITIONAL_REPRESENTATION('',(#3203),#3207);
#3203 = CIRCLE('',#3204,1.3);
#3204 = AXIS2_PLACEMENT_2D('',#3205,#3206);
#3205 = CARTESIAN_POINT('',(14.5,-1.5));
#3206 = DIRECTION('',(1.,0.));
#3207 = ( GEOMETRIC_REPRESENTATION_CONTEXT(2) 
PARAMETRIC_REPRESENTATION_CONTEXT() REPRESENTATION_CONTEXT('2D SPACE',''
  ) );
#3208 = PCURVE('',#3209,#3214);
#3209 = TOROIDAL_SURFACE('',#3210,1.3,0.2);
#3210 = AXIS2_PLACEMENT_3D('',#3211,#3212,#3213);
#3211 = CARTESIAN_POINT('',(17.8,14.5,1.5));
#3212 = DIRECTION('',(-1.,0.,0.));
#3213 = DIRECTION('',(0.,1.,0.));
#3214 = DEFINITIONAL_REPRESENTATION('',(#3215),#3219);
#3215 = LINE('',#3216,#3217);
#3216 = CARTESIAN_POINT('',(0.,4.712388980385));
#3217 = VECTOR('',#3218,1.);
#3218 = DIRECTION('',(1.,0.));
#3219 = ( GEOMETRIC_REPRESENTATION_CONTEXT(2) 
PARAMETRIC_REPRESENTATION_CONTEXT() REPRESENTATION_CONTEXT('2D SPACE',''
  ) );
#3220 = ORIENTED_EDGE('',*,*,#3221,.T.);
#3221 = EDGE_CURVE('',#3193,#3222,#3224,.T.);
#3222 = VERTEX_POINT('',#3223);
#3223 = CARTESIAN_POINT('',(18.,0.2,0.2));
#3224 = SURFACE_CURVE('',#3225,(#3229,#3236),.PCURVE_S1.);
#3225 = LINE('',#3226,#3227);
#3226 = CARTESIAN_POINT('',(18.,14.5,0.2));
#3227 = VECTOR('',#3228,1.);
#3228 = DIRECTION('',(-0.,-1.,-0.));
#3229 = PCURVE('',#1167,#3230);
#3230 = DEFINITIONAL_REPRESENTATION('',(#3231),#3235);
#3231 = LINE('',#3232,#3233);
#3232 = CARTESIAN_POINT('',(14.5,-0.2));
#3233 = VECTOR('',#3234,1.);
#3234 = DIRECTION('',(-1.,0.));
#3235 = ( GEOMETRIC_REPRESENTATION_CONTEXT(2) 
PARAMETRIC_REPRESENTATION_CONTEXT() REPRESENTATION_CONTEXT('2D SPACE',''
  ) );
#3236 = PCURVE('',#3237,#3242);
#3237 = CYLINDRICAL_SURFACE('',#3238,0.2);
#3238 = AXIS2_PLACEMENT_3D('',#3239,#3240,#3241);
#3239 = CARTESIAN_POINT('',(17.8,14.5,0.2));
#3240 = DIRECTION('',(-0.,-1.,-0.));
#3241 = DIRECTION('',(1.,0.,0.));
#3242 = DEFINITIONAL_REPRESENTATION('',(#3243),#3247);
#3243 = LINE('',#3244,#3245);
#3244 = CARTESIAN_POINT('',(-0.,0.));
#3245 = VECTOR('',#3246,1.);
#3246 = DIRECTION('',(-0.,1.));
#3247 = ( GEOMETRIC_REPRESENTATION_CONTEXT(2) 
PARAMETRIC_REPRESENTATION_CONTEXT() REPRESENTATION_CONTEXT('2D SPACE',''
  ) );
#3248 = ORIENTED_EDGE('',*,*,#3249,.T.);
#3249 = EDGE_CURVE('',#3222,#3250,#3252,.T.);
#3250 = VERTEX_POINT('',#3251);
#3251 = CARTESIAN_POINT('',(18.,0.2,1.3));
#3252 = SURFACE_CURVE('',#3253,(#3257,#3264),.PCURVE_S1.);
#3253 = LINE('',#3254,#3255);
#3254 = CARTESIAN_POINT('',(18.,0.2,0.));
#3255 = VECTOR('',#3256,1.);
#3256 = DIRECTION('',(0.,0.,1.));
#3257 = PCURVE('',#1167,#3258);
#3258 = DEFINITIONAL_REPRESENTATION('',(#3259),#3263);
#3259 = LINE('',#3260,#3261);
#3260 = CARTESIAN_POINT('',(0.2,0.));
#3261 = VECTOR('',#3262,1.);
#3262 = DIRECTION('',(0.,-1.));
#3263 = ( GEOMETRIC_REPRESENTATION_CONTEXT(2) 
PARAMETRIC_REPRESENTATION_CONTEXT() REPRESENTATION_CONTEXT('2D SPACE',''
  ) );
#3264 = PCURVE('',#3265,#3270);
#3265 = CYLINDRICAL_SURFACE('',#3266,0.2);
#3266 = AXIS2_PLACEMENT_3D('',#3267,#3268,#3269);
#3267 = CARTESIAN_POINT('',(17.8,0.2,0.));
#3268 = DIRECTION('',(0.,0.,1.));
#3269 = DIRECTION('',(1.,0.,0.));
#3270 = DEFINITIONAL_REPRESENTATION('',(#3271),#3275);
#3271 = LINE('',#3272,#3273);
#3272 = CARTESIAN_POINT('',(-0.,0.));
#3273 = VECTOR('',#3274,1.);
#3274 = DIRECTION('',(-0.,1.));
#3275 = ( GEOMETRIC_REPRESENTATION_CONTEXT(2) 
PARAMETRIC_REPRESENTATION_CONTEXT() REPRESENTATION_CONTEXT('2D SPACE',''
  ) );
#3276 = ORIENTED_EDGE('',*,*,#3277,.T.);
#3277 = EDGE_CURVE('',#3250,#3278,#3280,.T.);
#3278 = VERTEX_POINT('',#3279);
#3279 = CARTESIAN_POINT('',(18.,13.,1.3));
#3280 = SURFACE_CURVE('',#3281,(#3285,#3292),.PCURVE_S1.);
#3281 = LINE('',#3282,#3283);
#3282 = CARTESIAN_POINT('',(18.,0.,1.3));
#3283 = VECTOR('',#3284,1.);
#3284 = DIRECTION('',(0.,1.,0.));
#3285 = PCURVE('',#1167,#3286);
#3286 = DEFINITIONAL_REPRESENTATION('',(#3287),#3291);
#3287 = LINE('',#3288,#3289);
#3288 = CARTESIAN_POINT('',(0.,-1.3));
#3289 = VECTOR('',#3290,1.);
#3290 = DIRECTION('',(1.,0.));
#3291 = ( GEOMETRIC_REPRESENTATION_CONTEXT(2) 
PARAMETRIC_REPRESENTATION_CONTEXT() REPRESENTATION_CONTEXT('2D SPACE',''
  ) );
#3292 = PCURVE('',#3293,#3298);
#3293 = CYLINDRICAL_SURFACE('',#3294,0.2);
#3294 = AXIS2_PLACEMENT_3D('',#3295,#3296,#3297);
#3295 = CARTESIAN_POINT('',(17.8,0.,1.3));
#3296 = DIRECTION('',(0.,1.,0.));
#3297 = DIRECTION('',(1.,0.,0.));
#3298 = DEFINITIONAL_REPRESENTATION('',(#3299),#3303);
#3299 = LINE('',#3300,#3301);
#3300 = CARTESIAN_POINT('',(-0.,0.));
#3301 = VECTOR('',#3302,1.);
#3302 = DIRECTION('',(-0.,1.));
#3303 = ( GEOMETRIC_REPRESENTATION_CONTEXT(2) 
PARAMETRIC_REPRESENTATION_CONTEXT() REPRESENTATION_CONTEXT('2D SPACE',''
  ) );
#3304 = ORIENTED_EDGE('',*,*,#3305,.T.);
#3305 = EDGE_CURVE('',#3278,#3306,#3308,.T.);
#3306 = VERTEX_POINT('',#3307);
#3307 = CARTESIAN_POINT('',(18.,14.7,3.));
#3308 = SURFACE_CURVE('',#3309,(#3314,#3325),.PCURVE_S1.);
#3309 = CIRCLE('',#3310,1.7);
#3310 = AXIS2_PLACEMENT_3D('',#3311,#3312,#3313);
#3311 = CARTESIAN_POINT('',(18.,13.,3.));
#3312 = DIRECTION('',(1.,-0.,0.));
#3313 = DIRECTION('',(0.,0.,-1.));
#3314 = PCURVE('',#1167,#3315);
#3315 = DEFINITIONAL_REPRESENTATION('',(#3316),#3324);
#3316 = ( BOUNDED_CURVE() B_SPLINE_CURVE(2,(#3317,#3318,#3319,#3320,
#3321,#3322,#3323),.UNSPECIFIED.,.T.,.F.) B_SPLINE_CURVE_WITH_KNOTS((1,2
    ,2,2,2,1),(-2.094395102393,0.,2.094395102393,4.188790204786,
6.28318530718,8.377580409573),.UNSPECIFIED.) CURVE() 
GEOMETRIC_REPRESENTATION_ITEM() RATIONAL_B_SPLINE_CURVE((1.,0.5,1.,0.5,
1.,0.5,1.)) REPRESENTATION_ITEM('') );
#3317 = CARTESIAN_POINT('',(13.,-1.3));
#3318 = CARTESIAN_POINT('',(15.944486372867,-1.3));
#3319 = CARTESIAN_POINT('',(14.472243186434,-3.85));
#3320 = CARTESIAN_POINT('',(13.,-6.4));
#3321 = CARTESIAN_POINT('',(11.527756813566,-3.85));
#3322 = CARTESIAN_POINT('',(10.055513627133,-1.3));
#3323 = CARTESIAN_POINT('',(13.,-1.3));
#3324 = ( GEOMETRIC_REPRESENTATION_CONTEXT(2) 
PARAMETRIC_REPRESENTATION_CONTEXT() REPRESENTATION_CONTEXT('2D SPACE',''
  ) );
#3325 = PCURVE('',#3326,#3331);
#3326 = TOROIDAL_SURFACE('',#3327,1.7,0.2);
#3327 = AXIS2_PLACEMENT_3D('',#3328,#3329,#3330);
#3328 = CARTESIAN_POINT('',(17.8,13.,3.));
#3329 = DIRECTION('',(1.,0.,0.));
#3330 = DIRECTION('',(0.,0.,-1.));
#3331 = DEFINITIONAL_REPRESENTATION('',(#3332),#3336);
#3332 = LINE('',#3333,#3334);
#3333 = CARTESIAN_POINT('',(0.,1.570796326795));
#3334 = VECTOR('',#3335,1.);
#3335 = DIRECTION('',(1.,0.));
#3336 = ( GEOMETRIC_REPRESENTATION_CONTEXT(2) 
PARAMETRIC_REPRESENTATION_CONTEXT() REPRESENTATION_CONTEXT('2D SPACE',''
  ) );
#3337 = ORIENTED_EDGE('',*,*,#3338,.T.);
#3338 = EDGE_CURVE('',#3306,#2997,#3339,.T.);
#3339 = SURFACE_CURVE('',#3340,(#3344,#3351),.PCURVE_S1.);
#3340 = LINE('',#3341,#3342);
#3341 = CARTESIAN_POINT('',(18.,14.7,3.));
#3342 = VECTOR('',#3343,1.);
#3343 = DIRECTION('',(0.,0.,1.));
#3344 = PCURVE('',#1167,#3345);
#3345 = DEFINITIONAL_REPRESENTATION('',(#3346),#3350);
#3346 = LINE('',#3347,#3348);
#3347 = CARTESIAN_POINT('',(14.7,-3.));
#3348 = VECTOR('',#3349,1.);
#3349 = DIRECTION('',(0.,-1.));
#3350 = ( GEOMETRIC_REPRESENTATION_CONTEXT(2) 
PARAMETRIC_REPRESENTATION_CONTEXT() REPRESENTATION_CONTEXT('2D SPACE',''
  ) );
#3351 = PCURVE('',#3013,#3352);
#3352 = DEFINITIONAL_REPRESENTATION('',(#3353),#3357);
#3353 = LINE('',#3354,#3355);
#3354 = CARTESIAN_POINT('',(-0.,0.));
#3355 = VECTOR('',#3356,1.);
#3356 = DIRECTION('',(-0.,1.));
#3357 = ( GEOMETRIC_REPRESENTATION_CONTEXT(2) 
PARAMETRIC_REPRESENTATION_CONTEXT() REPRESENTATION_CONTEXT('2D SPACE',''
  ) );
#3358 = ORIENTED_EDGE('',*,*,#3025,.T.);
#3359 = ORIENTED_EDGE('',*,*,#1153,.T.);
#3360 = ORIENTED_EDGE('',*,*,#3361,.T.);
#3361 = EDGE_CURVE('',#1117,#3111,#3362,.T.);
#3362 = SURFACE_CURVE('',#3363,(#3367,#3374),.PCURVE_S1.);
#3363 = LINE('',#3364,#3365);
#3364 = CARTESIAN_POINT('',(18.,0.2,16.5));
#3365 = VECTOR('',#3366,1.);
#3366 = DIRECTION('',(0.,0.,1.));
#3367 = PCURVE('',#1167,#3368);
#3368 = DEFINITIONAL_REPRESENTATION('',(#3369),#3373);
#3369 = LINE('',#3370,#3371);
#3370 = CARTESIAN_POINT('',(0.2,-16.5));
#3371 = VECTOR('',#3372,1.);
#3372 = DIRECTION('',(0.,-1.));
#3373 = ( GEOMETRIC_REPRESENTATION_CONTEXT(2) 
PARAMETRIC_REPRESENTATION_CONTEXT() REPRESENTATION_CONTEXT('2D SPACE',''
  ) );
#3374 = PCURVE('',#1137,#3375);
#3375 = DEFINITIONAL_REPRESENTATION('',(#3376),#3380);
#3376 = LINE('',#3377,#3378);
#3377 = CARTESIAN_POINT('',(1.570796326795,0.));
#3378 = VECTOR('',#3379,1.);
#3379 = DIRECTION('',(0.,1.));
#3380 = ( GEOMETRIC_REPRESENTATION_CONTEXT(2) 
PARAMETRIC_REPRESENTATION_CONTEXT() REPRESENTATION_CONTEXT('2D SPACE',''
  ) );
#3381 = ADVANCED_FACE('',(#3382),#1137,.T.);
#3382 = FACE_BOUND('',#3383,.T.);
#3383 = EDGE_LOOP('',(#3384,#3385,#3386,#3416));
#3384 = ORIENTED_EDGE('',*,*,#1116,.F.);
#3385 = ORIENTED_EDGE('',*,*,#3361,.T.);
#3386 = ORIENTED_EDGE('',*,*,#3387,.T.);
#3387 = EDGE_CURVE('',#3111,#1240,#3388,.T.);
#3388 = SURFACE_CURVE('',#3389,(#3394,#3405),.PCURVE_S1.);
#3389 = ELLIPSE('',#3390,0.282842712475,0.2);
#3390 = AXIS2_PLACEMENT_3D('',#3391,#3392,#3393);
#3391 = CARTESIAN_POINT('',(17.8,0.2,17.8));
#3392 = DIRECTION('',(0.,-0.707106781187,-0.707106781187));
#3393 = DIRECTION('',(0.,0.707106781187,-0.707106781187));
#3394 = PCURVE('',#1137,#3395);
#3395 = DEFINITIONAL_REPRESENTATION('',(#3396),#3404);
#3396 = B_SPLINE_CURVE_WITH_KNOTS('',6,(#3397,#3398,#3399,#3400,#3401,
    #3402,#3403),.UNSPECIFIED.,.F.,.F.,(7,7),(1.570796326795,
    3.14159265359),.PIECEWISE_BEZIER_KNOTS.);
#3397 = CARTESIAN_POINT('',(1.570796326795,1.3));
#3398 = CARTESIAN_POINT('',(1.308996938996,1.35235987756));
#3399 = CARTESIAN_POINT('',(1.047198565987,1.404715816938));
#3400 = CARTESIAN_POINT('',(0.785398380172,1.450637468767));
#3401 = CARTESIAN_POINT('',(0.523597529032,1.48355452356));
#3402 = CARTESIAN_POINT('',(0.261799387799,1.5));
#3403 = CARTESIAN_POINT('',(0.,1.5));
#3404 = ( GEOMETRIC_REPRESENTATION_CONTEXT(2) 
PARAMETRIC_REPRESENTATION_CONTEXT() REPRESENTATION_CONTEXT('2D SPACE',''
  ) );
#3405 = PCURVE('',#2904,#3406);
#3406 = DEFINITIONAL_REPRESENTATION('',(#3407),#3415);
#3407 = B_SPLINE_CURVE_WITH_KNOTS('',6,(#3408,#3409,#3410,#3411,#3412,
    #3413,#3414),.UNSPECIFIED.,.F.,.F.,(7,7),(1.570796326795,
    3.14159265359),.PIECEWISE_BEZIER_KNOTS.);
#3408 = CARTESIAN_POINT('',(-1.110223024625E-16,0.2));
#3409 = CARTESIAN_POINT('',(-0.261799387799,0.14764012244));
#3410 = CARTESIAN_POINT('',(-0.523597760808,9.528418306218E-02));
#3411 = CARTESIAN_POINT('',(-0.785397946622,4.936253123299E-02));
#3412 = CARTESIAN_POINT('',(-1.047198797763,1.644547644032E-02));
#3413 = CARTESIAN_POINT('',(-1.308996938996,-1.002670169115E-16));
#3414 = CARTESIAN_POINT('',(-1.570796326795,-2.775557561563E-17));
#3415 = ( GEOMETRIC_REPRESENTATION_CONTEXT(2) 
PARAMETRIC_REPRESENTATION_CONTEXT() REPRESENTATION_CONTEXT('2D SPACE',''
  ) );
#3416 = ORIENTED_EDGE('',*,*,#1239,.F.);
#3417 = ADVANCED_FACE('',(#3418),#1223,.F.);
#3418 = FACE_BOUND('',#3419,.T.);
#3419 = EDGE_LOOP('',(#3420,#3421,#3422,#3445));
#3420 = ORIENTED_EDGE('',*,*,#2919,.F.);
#3421 = ORIENTED_EDGE('',*,*,#1208,.T.);
#3422 = ORIENTED_EDGE('',*,*,#3423,.T.);
#3423 = EDGE_CURVE('',#1185,#3424,#3426,.T.);
#3424 = VERTEX_POINT('',#3425);
#3425 = CARTESIAN_POINT('',(2.,4.,17.8));
#3426 = SURFACE_CURVE('',#3427,(#3431,#3438),.PCURVE_S1.);
#3427 = LINE('',#3428,#3429);
#3428 = CARTESIAN_POINT('',(2.,4.,16.5));
#3429 = VECTOR('',#3430,1.);
#3430 = DIRECTION('',(0.,0.,1.));
#3431 = PCURVE('',#1223,#3432);
#3432 = DEFINITIONAL_REPRESENTATION('',(#3433),#3437);
#3433 = LINE('',#3434,#3435);
#3434 = CARTESIAN_POINT('',(-1.570796326795,0.));
#3435 = VECTOR('',#3436,1.);
#3436 = DIRECTION('',(-0.,1.));
#3437 = ( GEOMETRIC_REPRESENTATION_CONTEXT(2) 
PARAMETRIC_REPRESENTATION_CONTEXT() REPRESENTATION_CONTEXT('2D SPACE',''
  ) );
#3438 = PCURVE('',#1388,#3439);
#3439 = DEFINITIONAL_REPRESENTATION('',(#3440),#3444);
#3440 = LINE('',#3441,#3442);
#3441 = CARTESIAN_POINT('',(0.5,-16.5));
#3442 = VECTOR('',#3443,1.);
#3443 = DIRECTION('',(0.,-1.));
#3444 = ( GEOMETRIC_REPRESENTATION_CONTEXT(2) 
PARAMETRIC_REPRESENTATION_CONTEXT() REPRESENTATION_CONTEXT('2D SPACE',''
  ) );
#3445 = ORIENTED_EDGE('',*,*,#3446,.F.);
#3446 = EDGE_CURVE('',#2920,#3424,#3447,.T.);
#3447 = SURFACE_CURVE('',#3448,(#3453,#3460),.PCURVE_S1.);
#3448 = CIRCLE('',#3449,0.5);
#3449 = AXIS2_PLACEMENT_3D('',#3450,#3451,#3452);
#3450 = CARTESIAN_POINT('',(2.,3.5,17.8));
#3451 = DIRECTION('',(0.,0.,-1.));
#3452 = DIRECTION('',(-1.,0.,0.));
#3453 = PCURVE('',#1223,#3454);
#3454 = DEFINITIONAL_REPRESENTATION('',(#3455),#3459);
#3455 = LINE('',#3456,#3457);
#3456 = CARTESIAN_POINT('',(-0.,1.3));
#3457 = VECTOR('',#3458,1.);
#3458 = DIRECTION('',(-1.,0.));
#3459 = ( GEOMETRIC_REPRESENTATION_CONTEXT(2) 
PARAMETRIC_REPRESENTATION_CONTEXT() REPRESENTATION_CONTEXT('2D SPACE',''
  ) );
#3460 = PCURVE('',#2656,#3461);
#3461 = DEFINITIONAL_REPRESENTATION('',(#3462),#3466);
#3462 = LINE('',#3463,#3464);
#3463 = CARTESIAN_POINT('',(-0.,3.14159265359));
#3464 = VECTOR('',#3465,1.);
#3465 = DIRECTION('',(-1.,0.));
#3466 = ( GEOMETRIC_REPRESENTATION_CONTEXT(2) 
PARAMETRIC_REPRESENTATION_CONTEXT() REPRESENTATION_CONTEXT('2D SPACE',''
  ) );
#3467 = ADVANCED_FACE('',(#3468),#1330,.T.);
#3468 = FACE_BOUND('',#3469,.T.);
#3469 = EDGE_LOOP('',(#3470,#3493,#3494,#3495));
#3470 = ORIENTED_EDGE('',*,*,#3471,.F.);
#3471 = EDGE_CURVE('',#1427,#3472,#3474,.T.);
#3472 = VERTEX_POINT('',#3473);
#3473 = CARTESIAN_POINT('',(16.5,3.5,17.8));
#3474 = SURFACE_CURVE('',#3475,(#3479,#3486),.PCURVE_S1.);
#3475 = LINE('',#3476,#3477);
#3476 = CARTESIAN_POINT('',(16.5,3.5,16.5));
#3477 = VECTOR('',#3478,1.);
#3478 = DIRECTION('',(0.,0.,1.));
#3479 = PCURVE('',#1330,#3480);
#3480 = DEFINITIONAL_REPRESENTATION('',(#3481),#3485);
#3481 = LINE('',#3482,#3483);
#3482 = CARTESIAN_POINT('',(3.5,-16.5));
#3483 = VECTOR('',#3484,1.);
#3484 = DIRECTION('',(0.,-1.));
#3485 = ( GEOMETRIC_REPRESENTATION_CONTEXT(2) 
PARAMETRIC_REPRESENTATION_CONTEXT() REPRESENTATION_CONTEXT('2D SPACE',''
  ) );
#3486 = PCURVE('',#1573,#3487);
#3487 = DEFINITIONAL_REPRESENTATION('',(#3488),#3492);
#3488 = LINE('',#3489,#3490);
#3489 = CARTESIAN_POINT('',(0.,0.));
#3490 = VECTOR('',#3491,1.);
#3491 = DIRECTION('',(0.,1.));
#3492 = ( GEOMETRIC_REPRESENTATION_CONTEXT(2) 
PARAMETRIC_REPRESENTATION_CONTEXT() REPRESENTATION_CONTEXT('2D SPACE',''
  ) );
#3493 = ORIENTED_EDGE('',*,*,#1450,.T.);
#3494 = ORIENTED_EDGE('',*,*,#1314,.T.);
#3495 = ORIENTED_EDGE('',*,*,#3496,.F.);
#3496 = EDGE_CURVE('',#3472,#1286,#3497,.T.);
#3497 = SURFACE_CURVE('',#3498,(#3502,#3509),.PCURVE_S1.);
#3498 = LINE('',#3499,#3500);
#3499 = CARTESIAN_POINT('',(16.5,3.5,17.8));
#3500 = VECTOR('',#3501,1.);
#3501 = DIRECTION('',(-0.,-1.,-0.));
#3502 = PCURVE('',#1330,#3503);
#3503 = DEFINITIONAL_REPRESENTATION('',(#3504),#3508);
#3504 = LINE('',#3505,#3506);
#3505 = CARTESIAN_POINT('',(3.5,-17.8));
#3506 = VECTOR('',#3507,1.);
#3507 = DIRECTION('',(-1.,0.));
#3508 = ( GEOMETRIC_REPRESENTATION_CONTEXT(2) 
PARAMETRIC_REPRESENTATION_CONTEXT() REPRESENTATION_CONTEXT('2D SPACE',''
  ) );
#3509 = PCURVE('',#1302,#3510);
#3510 = DEFINITIONAL_REPRESENTATION('',(#3511),#3515);
#3511 = LINE('',#3512,#3513);
#3512 = CARTESIAN_POINT('',(1.570796326795,0.));
#3513 = VECTOR('',#3514,1.);
#3514 = DIRECTION('',(0.,1.));
#3515 = ( GEOMETRIC_REPRESENTATION_CONTEXT(2) 
PARAMETRIC_REPRESENTATION_CONTEXT() REPRESENTATION_CONTEXT('2D SPACE',''
  ) );
#3516 = ADVANCED_FACE('',(#3517),#1302,.T.);
#3517 = FACE_BOUND('',#3518,.T.);
#3518 = EDGE_LOOP('',(#3519,#3541,#3542,#3543));
#3519 = ORIENTED_EDGE('',*,*,#3520,.T.);
#3520 = EDGE_CURVE('',#2836,#3472,#3521,.T.);
#3521 = SURFACE_CURVE('',#3522,(#3527,#3534),.PCURVE_S1.);
#3522 = CIRCLE('',#3523,0.2);
#3523 = AXIS2_PLACEMENT_3D('',#3524,#3525,#3526);
#3524 = CARTESIAN_POINT('',(16.7,3.5,17.8));
#3525 = DIRECTION('',(6.123233995737E-17,-1.,0.));
#3526 = DIRECTION('',(1.,6.123233995737E-17,0.));
#3527 = PCURVE('',#1302,#3528);
#3528 = DEFINITIONAL_REPRESENTATION('',(#3529),#3533);
#3529 = LINE('',#3530,#3531);
#3530 = CARTESIAN_POINT('',(-1.570796326795,0.));
#3531 = VECTOR('',#3532,1.);
#3532 = DIRECTION('',(1.,0.));
#3533 = ( GEOMETRIC_REPRESENTATION_CONTEXT(2) 
PARAMETRIC_REPRESENTATION_CONTEXT() REPRESENTATION_CONTEXT('2D SPACE',''
  ) );
#3534 = PCURVE('',#2856,#3535);
#3535 = DEFINITIONAL_REPRESENTATION('',(#3536),#3540);
#3536 = LINE('',#3537,#3538);
#3537 = CARTESIAN_POINT('',(-1.570796326795,0.));
#3538 = VECTOR('',#3539,1.);
#3539 = DIRECTION('',(-0.,1.));
#3540 = ( GEOMETRIC_REPRESENTATION_CONTEXT(2) 
PARAMETRIC_REPRESENTATION_CONTEXT() REPRESENTATION_CONTEXT('2D SPACE',''
  ) );
#3541 = ORIENTED_EDGE('',*,*,#3496,.T.);
#3542 = ORIENTED_EDGE('',*,*,#1285,.F.);
#3543 = ORIENTED_EDGE('',*,*,#2868,.F.);
#3544 = ADVANCED_FACE('',(#3545),#1388,.F.);
#3545 = FACE_BOUND('',#3546,.F.);
#3546 = EDGE_LOOP('',(#3547,#3548,#3571,#3592));
#3547 = ORIENTED_EDGE('',*,*,#3423,.T.);
#3548 = ORIENTED_EDGE('',*,*,#3549,.T.);
#3549 = EDGE_CURVE('',#3424,#3550,#3552,.T.);
#3550 = VERTEX_POINT('',#3551);
#3551 = CARTESIAN_POINT('',(7.75,4.,17.8));
#3552 = SURFACE_CURVE('',#3553,(#3557,#3564),.PCURVE_S1.);
#3553 = LINE('',#3554,#3555);
#3554 = CARTESIAN_POINT('',(2.,4.,17.8));
#3555 = VECTOR('',#3556,1.);
#3556 = DIRECTION('',(1.,0.,0.));
#3557 = PCURVE('',#1388,#3558);
#3558 = DEFINITIONAL_REPRESENTATION('',(#3559),#3563);
#3559 = LINE('',#3560,#3561);
#3560 = CARTESIAN_POINT('',(0.5,-17.8));
#3561 = VECTOR('',#3562,1.);
#3562 = DIRECTION('',(1.,0.));
#3563 = ( GEOMETRIC_REPRESENTATION_CONTEXT(2) 
PARAMETRIC_REPRESENTATION_CONTEXT() REPRESENTATION_CONTEXT('2D SPACE',''
  ) );
#3564 = PCURVE('',#2684,#3565);
#3565 = DEFINITIONAL_REPRESENTATION('',(#3566),#3570);
#3566 = LINE('',#3567,#3568);
#3567 = CARTESIAN_POINT('',(1.570796326795,0.));
#3568 = VECTOR('',#3569,1.);
#3569 = DIRECTION('',(0.,1.));
#3570 = ( GEOMETRIC_REPRESENTATION_CONTEXT(2) 
PARAMETRIC_REPRESENTATION_CONTEXT() REPRESENTATION_CONTEXT('2D SPACE',''
  ) );
#3571 = ORIENTED_EDGE('',*,*,#3572,.F.);
#3572 = EDGE_CURVE('',#1373,#3550,#3573,.T.);
#3573 = SURFACE_CURVE('',#3574,(#3578,#3585),.PCURVE_S1.);
#3574 = LINE('',#3575,#3576);
#3575 = CARTESIAN_POINT('',(7.75,4.,16.5));
#3576 = VECTOR('',#3577,1.);
#3577 = DIRECTION('',(0.,0.,1.));
#3578 = PCURVE('',#1388,#3579);
#3579 = DEFINITIONAL_REPRESENTATION('',(#3580),#3584);
#3580 = LINE('',#3581,#3582);
#3581 = CARTESIAN_POINT('',(6.25,-16.5));
#3582 = VECTOR('',#3583,1.);
#3583 = DIRECTION('',(0.,-1.));
#3584 = ( GEOMETRIC_REPRESENTATION_CONTEXT(2) 
PARAMETRIC_REPRESENTATION_CONTEXT() REPRESENTATION_CONTEXT('2D SPACE',''
  ) );
#3585 = PCURVE('',#1517,#3586);
#3586 = DEFINITIONAL_REPRESENTATION('',(#3587),#3591);
#3587 = LINE('',#3588,#3589);
#3588 = CARTESIAN_POINT('',(-0.,0.));
#3589 = VECTOR('',#3590,1.);
#3590 = DIRECTION('',(-0.,1.));
#3591 = ( GEOMETRIC_REPRESENTATION_CONTEXT(2) 
PARAMETRIC_REPRESENTATION_CONTEXT() REPRESENTATION_CONTEXT('2D SPACE',''
  ) );
#3592 = ORIENTED_EDGE('',*,*,#1372,.F.);
#3593 = ADVANCED_FACE('',(#3594),#1517,.F.);
#3594 = FACE_BOUND('',#3595,.T.);
#3595 = EDGE_LOOP('',(#3596,#3597,#3598,#3621));
#3596 = ORIENTED_EDGE('',*,*,#3572,.F.);
#3597 = ORIENTED_EDGE('',*,*,#1502,.T.);
#3598 = ORIENTED_EDGE('',*,*,#3599,.T.);
#3599 = EDGE_CURVE('',#1479,#3600,#3602,.T.);
#3600 = VERTEX_POINT('',#3601);
#3601 = CARTESIAN_POINT('',(8.25,3.5,17.8));
#3602 = SURFACE_CURVE('',#3603,(#3607,#3614),.PCURVE_S1.);
#3603 = LINE('',#3604,#3605);
#3604 = CARTESIAN_POINT('',(8.25,3.5,16.5));
#3605 = VECTOR('',#3606,1.);
#3606 = DIRECTION('',(0.,0.,1.));
#3607 = PCURVE('',#1517,#3608);
#3608 = DEFINITIONAL_REPRESENTATION('',(#3609),#3613);
#3609 = LINE('',#3610,#3611);
#3610 = CARTESIAN_POINT('',(-1.570796326795,0.));
#3611 = VECTOR('',#3612,1.);
#3612 = DIRECTION('',(-0.,1.));
#3613 = ( GEOMETRIC_REPRESENTATION_CONTEXT(2) 
PARAMETRIC_REPRESENTATION_CONTEXT() REPRESENTATION_CONTEXT('2D SPACE',''
  ) );
#3614 = PCURVE('',#1605,#3615);
#3615 = DEFINITIONAL_REPRESENTATION('',(#3616),#3620);
#3616 = LINE('',#3617,#3618);
#3617 = CARTESIAN_POINT('',(0.5,-16.5));
#3618 = VECTOR('',#3619,1.);
#3619 = DIRECTION('',(0.,-1.));
#3620 = ( GEOMETRIC_REPRESENTATION_CONTEXT(2) 
PARAMETRIC_REPRESENTATION_CONTEXT() REPRESENTATION_CONTEXT('2D SPACE',''
  ) );
#3621 = ORIENTED_EDGE('',*,*,#3622,.F.);
#3622 = EDGE_CURVE('',#3550,#3600,#3623,.T.);
#3623 = SURFACE_CURVE('',#3624,(#3629,#3636),.PCURVE_S1.);
#3624 = CIRCLE('',#3625,0.5);
#3625 = AXIS2_PLACEMENT_3D('',#3626,#3627,#3628);
#3626 = CARTESIAN_POINT('',(7.75,3.5,17.8));
#3627 = DIRECTION('',(0.,0.,-1.));
#3628 = DIRECTION('',(0.,1.,0.));
#3629 = PCURVE('',#1517,#3630);
#3630 = DEFINITIONAL_REPRESENTATION('',(#3631),#3635);
#3631 = LINE('',#3632,#3633);
#3632 = CARTESIAN_POINT('',(-0.,1.3));
#3633 = VECTOR('',#3634,1.);
#3634 = DIRECTION('',(-1.,0.));
#3635 = ( GEOMETRIC_REPRESENTATION_CONTEXT(2) 
PARAMETRIC_REPRESENTATION_CONTEXT() REPRESENTATION_CONTEXT('2D SPACE',''
  ) );
#3636 = PCURVE('',#2717,#3637);
#3637 = DEFINITIONAL_REPRESENTATION('',(#3638),#3642);
#3638 = LINE('',#3639,#3640);
#3639 = CARTESIAN_POINT('',(-0.,3.14159265359));
#3640 = VECTOR('',#3641,1.);
#3641 = DIRECTION('',(-1.,0.));
#3642 = ( GEOMETRIC_REPRESENTATION_CONTEXT(2) 
PARAMETRIC_REPRESENTATION_CONTEXT() REPRESENTATION_CONTEXT('2D SPACE',''
  ) );
#3643 = ADVANCED_FACE('',(#3644),#1573,.F.);
#3644 = FACE_BOUND('',#3645,.F.);
#3645 = EDGE_LOOP('',(#3646,#3647,#3648,#3671));
#3646 = ORIENTED_EDGE('',*,*,#3471,.F.);
#3647 = ORIENTED_EDGE('',*,*,#1558,.F.);
#3648 = ORIENTED_EDGE('',*,*,#3649,.T.);
#3649 = EDGE_CURVE('',#1533,#3650,#3652,.T.);
#3650 = VERTEX_POINT('',#3651);
#3651 = CARTESIAN_POINT('',(16.,4.,17.8));
#3652 = SURFACE_CURVE('',#3653,(#3657,#3664),.PCURVE_S1.);
#3653 = LINE('',#3654,#3655);
#3654 = CARTESIAN_POINT('',(16.,4.,16.5));
#3655 = VECTOR('',#3656,1.);
#3656 = DIRECTION('',(0.,0.,1.));
#3657 = PCURVE('',#1573,#3658);
#3658 = DEFINITIONAL_REPRESENTATION('',(#3659),#3663);
#3659 = LINE('',#3660,#3661);
#3660 = CARTESIAN_POINT('',(1.570796326795,0.));
#3661 = VECTOR('',#3662,1.);
#3662 = DIRECTION('',(0.,1.));
#3663 = ( GEOMETRIC_REPRESENTATION_CONTEXT(2) 
PARAMETRIC_REPRESENTATION_CONTEXT() REPRESENTATION_CONTEXT('2D SPACE',''
  ) );
#3664 = PCURVE('',#1681,#3665);
#3665 = DEFINITIONAL_REPRESENTATION('',(#3666),#3670);
#3666 = LINE('',#3667,#3668);
#3667 = CARTESIAN_POINT('',(6.25,-16.5));
#3668 = VECTOR('',#3669,1.);
#3669 = DIRECTION('',(0.,-1.));
#3670 = ( GEOMETRIC_REPRESENTATION_CONTEXT(2) 
PARAMETRIC_REPRESENTATION_CONTEXT() REPRESENTATION_CONTEXT('2D SPACE',''
  ) );
#3671 = ORIENTED_EDGE('',*,*,#3672,.T.);
#3672 = EDGE_CURVE('',#3650,#3472,#3673,.T.);
#3673 = SURFACE_CURVE('',#3674,(#3679,#3686),.PCURVE_S1.);
#3674 = CIRCLE('',#3675,0.5);
#3675 = AXIS2_PLACEMENT_3D('',#3676,#3677,#3678);
#3676 = CARTESIAN_POINT('',(16.,3.5,17.8));
#3677 = DIRECTION('',(0.,0.,-1.));
#3678 = DIRECTION('',(0.,1.,0.));
#3679 = PCURVE('',#1573,#3680);
#3680 = DEFINITIONAL_REPRESENTATION('',(#3681),#3685);
#3681 = LINE('',#3682,#3683);
#3682 = CARTESIAN_POINT('',(1.570796326795,1.3));
#3683 = VECTOR('',#3684,1.);
#3684 = DIRECTION('',(-1.,-0.));
#3685 = ( GEOMETRIC_REPRESENTATION_CONTEXT(2) 
PARAMETRIC_REPRESENTATION_CONTEXT() REPRESENTATION_CONTEXT('2D SPACE',''
  ) );
#3686 = PCURVE('',#2856,#3687);
#3687 = DEFINITIONAL_REPRESENTATION('',(#3688),#3692);
#3688 = LINE('',#3689,#3690);
#3689 = CARTESIAN_POINT('',(-0.,3.14159265359));
#3690 = VECTOR('',#3691,1.);
#3691 = DIRECTION('',(-1.,0.));
#3692 = ( GEOMETRIC_REPRESENTATION_CONTEXT(2) 
PARAMETRIC_REPRESENTATION_CONTEXT() REPRESENTATION_CONTEXT('2D SPACE',''
  ) );
#3693 = ADVANCED_FACE('',(#3694),#1605,.F.);
#3694 = FACE_BOUND('',#3695,.F.);
#3695 = EDGE_LOOP('',(#3696,#3697,#3718,#3719));
#3696 = ORIENTED_EDGE('',*,*,#3599,.T.);
#3697 = ORIENTED_EDGE('',*,*,#3698,.T.);
#3698 = EDGE_CURVE('',#3600,#1701,#3699,.T.);
#3699 = SURFACE_CURVE('',#3700,(#3704,#3711),.PCURVE_S1.);
#3700 = LINE('',#3701,#3702);
#3701 = CARTESIAN_POINT('',(8.25,3.5,17.8));
#3702 = VECTOR('',#3703,1.);
#3703 = DIRECTION('',(0.,-1.,0.));
#3704 = PCURVE('',#1605,#3705);
#3705 = DEFINITIONAL_REPRESENTATION('',(#3706),#3710);
#3706 = LINE('',#3707,#3708);
#3707 = CARTESIAN_POINT('',(0.5,-17.8));
#3708 = VECTOR('',#3709,1.);
#3709 = DIRECTION('',(1.,0.));
#3710 = ( GEOMETRIC_REPRESENTATION_CONTEXT(2) 
PARAMETRIC_REPRESENTATION_CONTEXT() REPRESENTATION_CONTEXT('2D SPACE',''
  ) );
#3711 = PCURVE('',#1744,#3712);
#3712 = DEFINITIONAL_REPRESENTATION('',(#3713),#3717);
#3713 = LINE('',#3714,#3715);
#3714 = CARTESIAN_POINT('',(1.570796326795,0.));
#3715 = VECTOR('',#3716,1.);
#3716 = DIRECTION('',(0.,1.));
#3717 = ( GEOMETRIC_REPRESENTATION_CONTEXT(2) 
PARAMETRIC_REPRESENTATION_CONTEXT() REPRESENTATION_CONTEXT('2D SPACE',''
  ) );
#3718 = ORIENTED_EDGE('',*,*,#1700,.F.);
#3719 = ORIENTED_EDGE('',*,*,#1589,.F.);
#3720 = ADVANCED_FACE('',(#3721),#1681,.F.);
#3721 = FACE_BOUND('',#3722,.F.);
#3722 = EDGE_LOOP('',(#3723,#3746,#3767,#3768));
#3723 = ORIENTED_EDGE('',*,*,#3724,.T.);
#3724 = EDGE_CURVE('',#1644,#3725,#3727,.T.);
#3725 = VERTEX_POINT('',#3726);
#3726 = CARTESIAN_POINT('',(10.25,4.,17.8));
#3727 = SURFACE_CURVE('',#3728,(#3732,#3739),.PCURVE_S1.);
#3728 = LINE('',#3729,#3730);
#3729 = CARTESIAN_POINT('',(10.25,4.,16.5));
#3730 = VECTOR('',#3731,1.);
#3731 = DIRECTION('',(0.,0.,1.));
#3732 = PCURVE('',#1681,#3733);
#3733 = DEFINITIONAL_REPRESENTATION('',(#3734),#3738);
#3734 = LINE('',#3735,#3736);
#3735 = CARTESIAN_POINT('',(0.5,-16.5));
#3736 = VECTOR('',#3737,1.);
#3737 = DIRECTION('',(0.,-1.));
#3738 = ( GEOMETRIC_REPRESENTATION_CONTEXT(2) 
PARAMETRIC_REPRESENTATION_CONTEXT() REPRESENTATION_CONTEXT('2D SPACE',''
  ) );
#3739 = PCURVE('',#1906,#3740);
#3740 = DEFINITIONAL_REPRESENTATION('',(#3741),#3745);
#3741 = LINE('',#3742,#3743);
#3742 = CARTESIAN_POINT('',(0.,0.));
#3743 = VECTOR('',#3744,1.);
#3744 = DIRECTION('',(0.,1.));
#3745 = ( GEOMETRIC_REPRESENTATION_CONTEXT(2) 
PARAMETRIC_REPRESENTATION_CONTEXT() REPRESENTATION_CONTEXT('2D SPACE',''
  ) );
#3746 = ORIENTED_EDGE('',*,*,#3747,.T.);
#3747 = EDGE_CURVE('',#3725,#3650,#3748,.T.);
#3748 = SURFACE_CURVE('',#3749,(#3753,#3760),.PCURVE_S1.);
#3749 = LINE('',#3750,#3751);
#3750 = CARTESIAN_POINT('',(10.25,4.,17.8));
#3751 = VECTOR('',#3752,1.);
#3752 = DIRECTION('',(1.,0.,0.));
#3753 = PCURVE('',#1681,#3754);
#3754 = DEFINITIONAL_REPRESENTATION('',(#3755),#3759);
#3755 = LINE('',#3756,#3757);
#3756 = CARTESIAN_POINT('',(0.5,-17.8));
#3757 = VECTOR('',#3758,1.);
#3758 = DIRECTION('',(1.,0.));
#3759 = ( GEOMETRIC_REPRESENTATION_CONTEXT(2) 
PARAMETRIC_REPRESENTATION_CONTEXT() REPRESENTATION_CONTEXT('2D SPACE',''
  ) );
#3760 = PCURVE('',#2823,#3761);
#3761 = DEFINITIONAL_REPRESENTATION('',(#3762),#3766);
#3762 = LINE('',#3763,#3764);
#3763 = CARTESIAN_POINT('',(1.570796326795,0.));
#3764 = VECTOR('',#3765,1.);
#3765 = DIRECTION('',(0.,1.));
#3766 = ( GEOMETRIC_REPRESENTATION_CONTEXT(2) 
PARAMETRIC_REPRESENTATION_CONTEXT() REPRESENTATION_CONTEXT('2D SPACE',''
  ) );
#3767 = ORIENTED_EDGE('',*,*,#3649,.F.);
#3768 = ORIENTED_EDGE('',*,*,#1667,.F.);
#3769 = ADVANCED_FACE('',(#3770),#1824,.F.);
#3770 = FACE_BOUND('',#3771,.F.);
#3771 = EDGE_LOOP('',(#3772,#3795,#3796,#3797));
#3772 = ORIENTED_EDGE('',*,*,#3773,.F.);
#3773 = EDGE_CURVE('',#1866,#3774,#3776,.T.);
#3774 = VERTEX_POINT('',#3775);
#3775 = CARTESIAN_POINT('',(9.75,3.5,17.8));
#3776 = SURFACE_CURVE('',#3777,(#3781,#3788),.PCURVE_S1.);
#3777 = LINE('',#3778,#3779);
#3778 = CARTESIAN_POINT('',(9.75,3.5,16.5));
#3779 = VECTOR('',#3780,1.);
#3780 = DIRECTION('',(0.,0.,1.));
#3781 = PCURVE('',#1824,#3782);
#3782 = DEFINITIONAL_REPRESENTATION('',(#3783),#3787);
#3783 = LINE('',#3784,#3785);
#3784 = CARTESIAN_POINT('',(3.5,-16.5));
#3785 = VECTOR('',#3786,1.);
#3786 = DIRECTION('',(0.,-1.));
#3787 = ( GEOMETRIC_REPRESENTATION_CONTEXT(2) 
PARAMETRIC_REPRESENTATION_CONTEXT() REPRESENTATION_CONTEXT('2D SPACE',''
  ) );
#3788 = PCURVE('',#1906,#3789);
#3789 = DEFINITIONAL_REPRESENTATION('',(#3790),#3794);
#3790 = LINE('',#3791,#3792);
#3791 = CARTESIAN_POINT('',(1.570796326795,0.));
#3792 = VECTOR('',#3793,1.);
#3793 = DIRECTION('',(0.,1.));
#3794 = ( GEOMETRIC_REPRESENTATION_CONTEXT(2) 
PARAMETRIC_REPRESENTATION_CONTEXT() REPRESENTATION_CONTEXT('2D SPACE',''
  ) );
#3795 = ORIENTED_EDGE('',*,*,#1922,.F.);
#3796 = ORIENTED_EDGE('',*,*,#1808,.T.);
#3797 = ORIENTED_EDGE('',*,*,#3798,.T.);
#3798 = EDGE_CURVE('',#1780,#3774,#3799,.T.);
#3799 = SURFACE_CURVE('',#3800,(#3804,#3811),.PCURVE_S1.);
#3800 = LINE('',#3801,#3802);
#3801 = CARTESIAN_POINT('',(9.75,0.,17.8));
#3802 = VECTOR('',#3803,1.);
#3803 = DIRECTION('',(0.,1.,0.));
#3804 = PCURVE('',#1824,#3805);
#3805 = DEFINITIONAL_REPRESENTATION('',(#3806),#3810);
#3806 = LINE('',#3807,#3808);
#3807 = CARTESIAN_POINT('',(0.,-17.8));
#3808 = VECTOR('',#3809,1.);
#3809 = DIRECTION('',(1.,0.));
#3810 = ( GEOMETRIC_REPRESENTATION_CONTEXT(2) 
PARAMETRIC_REPRESENTATION_CONTEXT() REPRESENTATION_CONTEXT('2D SPACE',''
  ) );
#3811 = PCURVE('',#1796,#3812);
#3812 = DEFINITIONAL_REPRESENTATION('',(#3813),#3817);
#3813 = LINE('',#3814,#3815);
#3814 = CARTESIAN_POINT('',(1.570796326795,0.));
#3815 = VECTOR('',#3816,1.);
#3816 = DIRECTION('',(0.,1.));
#3817 = ( GEOMETRIC_REPRESENTATION_CONTEXT(2) 
PARAMETRIC_REPRESENTATION_CONTEXT() REPRESENTATION_CONTEXT('2D SPACE',''
  ) );
#3818 = ADVANCED_FACE('',(#3819),#1796,.T.);
#3819 = FACE_BOUND('',#3820,.T.);
#3820 = EDGE_LOOP('',(#3821,#3822,#3823,#3845));
#3821 = ORIENTED_EDGE('',*,*,#1779,.T.);
#3822 = ORIENTED_EDGE('',*,*,#3798,.T.);
#3823 = ORIENTED_EDGE('',*,*,#3824,.F.);
#3824 = EDGE_CURVE('',#2752,#3774,#3825,.T.);
#3825 = SURFACE_CURVE('',#3826,(#3831,#3838),.PCURVE_S1.);
#3826 = CIRCLE('',#3827,0.2);
#3827 = AXIS2_PLACEMENT_3D('',#3828,#3829,#3830);
#3828 = CARTESIAN_POINT('',(9.55,3.5,17.8));
#3829 = DIRECTION('',(0.,1.,0.));
#3830 = DIRECTION('',(0.,0.,1.));
#3831 = PCURVE('',#1796,#3832);
#3832 = DEFINITIONAL_REPRESENTATION('',(#3833),#3837);
#3833 = LINE('',#3834,#3835);
#3834 = CARTESIAN_POINT('',(0.,3.5));
#3835 = VECTOR('',#3836,1.);
#3836 = DIRECTION('',(1.,0.));
#3837 = ( GEOMETRIC_REPRESENTATION_CONTEXT(2) 
PARAMETRIC_REPRESENTATION_CONTEXT() REPRESENTATION_CONTEXT('2D SPACE',''
  ) );
#3838 = PCURVE('',#2795,#3839);
#3839 = DEFINITIONAL_REPRESENTATION('',(#3840),#3844);
#3840 = LINE('',#3841,#3842);
#3841 = CARTESIAN_POINT('',(-0.,1.570796326795));
#3842 = VECTOR('',#3843,1.);
#3843 = DIRECTION('',(-0.,1.));
#3844 = ( GEOMETRIC_REPRESENTATION_CONTEXT(2) 
PARAMETRIC_REPRESENTATION_CONTEXT() REPRESENTATION_CONTEXT('2D SPACE',''
  ) );
#3845 = ORIENTED_EDGE('',*,*,#2751,.F.);
#3846 = ADVANCED_FACE('',(#3847),#1744,.T.);
#3847 = FACE_BOUND('',#3848,.T.);
#3848 = EDGE_LOOP('',(#3849,#3871,#3872,#3873));
#3849 = ORIENTED_EDGE('',*,*,#3850,.T.);
#3850 = EDGE_CURVE('',#2697,#3600,#3851,.T.);
#3851 = SURFACE_CURVE('',#3852,(#3857,#3864),.PCURVE_S1.);
#3852 = CIRCLE('',#3853,0.2);
#3853 = AXIS2_PLACEMENT_3D('',#3854,#3855,#3856);
#3854 = CARTESIAN_POINT('',(8.45,3.5,17.8));
#3855 = DIRECTION('',(6.123233995737E-17,-1.,0.));
#3856 = DIRECTION('',(1.,6.123233995737E-17,0.));
#3857 = PCURVE('',#1744,#3858);
#3858 = DEFINITIONAL_REPRESENTATION('',(#3859),#3863);
#3859 = LINE('',#3860,#3861);
#3860 = CARTESIAN_POINT('',(-1.570796326795,0.));
#3861 = VECTOR('',#3862,1.);
#3862 = DIRECTION('',(1.,0.));
#3863 = ( GEOMETRIC_REPRESENTATION_CONTEXT(2) 
PARAMETRIC_REPRESENTATION_CONTEXT() REPRESENTATION_CONTEXT('2D SPACE',''
  ) );
#3864 = PCURVE('',#2717,#3865);
#3865 = DEFINITIONAL_REPRESENTATION('',(#3866),#3870);
#3866 = LINE('',#3867,#3868);
#3867 = CARTESIAN_POINT('',(-1.570796326795,0.));
#3868 = VECTOR('',#3869,1.);
#3869 = DIRECTION('',(-0.,1.));
#3870 = ( GEOMETRIC_REPRESENTATION_CONTEXT(2) 
PARAMETRIC_REPRESENTATION_CONTEXT() REPRESENTATION_CONTEXT('2D SPACE',''
  ) );
#3871 = ORIENTED_EDGE('',*,*,#3698,.T.);
#3872 = ORIENTED_EDGE('',*,*,#1723,.F.);
#3873 = ORIENTED_EDGE('',*,*,#2729,.F.);
#3874 = ADVANCED_FACE('',(#3875),#1906,.F.);
#3875 = FACE_BOUND('',#3876,.F.);
#3876 = EDGE_LOOP('',(#3877,#3878,#3879,#3880));
#3877 = ORIENTED_EDGE('',*,*,#3724,.F.);
#3878 = ORIENTED_EDGE('',*,*,#1891,.F.);
#3879 = ORIENTED_EDGE('',*,*,#3773,.T.);
#3880 = ORIENTED_EDGE('',*,*,#3881,.T.);
#3881 = EDGE_CURVE('',#3774,#3725,#3882,.T.);
#3882 = SURFACE_CURVE('',#3883,(#3888,#3895),.PCURVE_S1.);
#3883 = CIRCLE('',#3884,0.5);
#3884 = AXIS2_PLACEMENT_3D('',#3885,#3886,#3887);
#3885 = CARTESIAN_POINT('',(10.25,3.5,17.8));
#3886 = DIRECTION('',(0.,0.,-1.));
#3887 = DIRECTION('',(-1.,0.,0.));
#3888 = PCURVE('',#1906,#3889);
#3889 = DEFINITIONAL_REPRESENTATION('',(#3890),#3894);
#3890 = LINE('',#3891,#3892);
#3891 = CARTESIAN_POINT('',(1.570796326795,1.3));
#3892 = VECTOR('',#3893,1.);
#3893 = DIRECTION('',(-1.,-0.));
#3894 = ( GEOMETRIC_REPRESENTATION_CONTEXT(2) 
PARAMETRIC_REPRESENTATION_CONTEXT() REPRESENTATION_CONTEXT('2D SPACE',''
  ) );
#3895 = PCURVE('',#2795,#3896);
#3896 = DEFINITIONAL_REPRESENTATION('',(#3897),#3901);
#3897 = LINE('',#3898,#3899);
#3898 = CARTESIAN_POINT('',(-0.,3.14159265359));
#3899 = VECTOR('',#3900,1.);
#3900 = DIRECTION('',(-1.,0.));
#3901 = ( GEOMETRIC_REPRESENTATION_CONTEXT(2) 
PARAMETRIC_REPRESENTATION_CONTEXT() REPRESENTATION_CONTEXT('2D SPACE',''
  ) );
#3902 = ADVANCED_FACE('',(#3903),#1965,.T.);
#3903 = FACE_BOUND('',#3904,.F.);
#3904 = EDGE_LOOP('',(#3905,#3927,#3928,#3929));
#3905 = ORIENTED_EDGE('',*,*,#3906,.T.);
#3906 = EDGE_CURVE('',#2007,#2273,#3907,.T.);
#3907 = SURFACE_CURVE('',#3908,(#3913,#3920),.PCURVE_S1.);
#3908 = CIRCLE('',#3909,0.2);
#3909 = AXIS2_PLACEMENT_3D('',#3910,#3911,#3912);
#3910 = CARTESIAN_POINT('',(0.2,14.7,3.));
#3911 = DIRECTION('',(0.,-6.123233995737E-17,-1.));
#3912 = DIRECTION('',(0.,1.,-6.123233995737E-17));
#3913 = PCURVE('',#1965,#3914);
#3914 = DEFINITIONAL_REPRESENTATION('',(#3915),#3919);
#3915 = LINE('',#3916,#3917);
#3916 = CARTESIAN_POINT('',(3.14159265359,-0.));
#3917 = VECTOR('',#3918,1.);
#3918 = DIRECTION('',(-1.,0.));
#3919 = ( GEOMETRIC_REPRESENTATION_CONTEXT(2) 
PARAMETRIC_REPRESENTATION_CONTEXT() REPRESENTATION_CONTEXT('2D SPACE',''
  ) );
#3920 = PCURVE('',#2312,#3921);
#3921 = DEFINITIONAL_REPRESENTATION('',(#3922),#3926);
#3922 = LINE('',#3923,#3924);
#3923 = CARTESIAN_POINT('',(1.570796326795,0.));
#3924 = VECTOR('',#3925,1.);
#3925 = DIRECTION('',(0.,1.));
#3926 = ( GEOMETRIC_REPRESENTATION_CONTEXT(2) 
PARAMETRIC_REPRESENTATION_CONTEXT() REPRESENTATION_CONTEXT('2D SPACE',''
  ) );
#3927 = ORIENTED_EDGE('',*,*,#2272,.T.);
#3928 = ORIENTED_EDGE('',*,*,#1948,.F.);
#3929 = ORIENTED_EDGE('',*,*,#2034,.F.);
#3930 = ADVANCED_FACE('',(#3931),#2022,.F.);
#3931 = FACE_BOUND('',#3932,.F.);
#3932 = EDGE_LOOP('',(#3933,#3934,#3964,#3992));
#3933 = ORIENTED_EDGE('',*,*,#2004,.F.);
#3934 = ORIENTED_EDGE('',*,*,#3935,.T.);
#3935 = EDGE_CURVE('',#2005,#3936,#3938,.T.);
#3936 = VERTEX_POINT('',#3937);
#3937 = CARTESIAN_POINT('',(6.5,13.,1.5));
#3938 = SURFACE_CURVE('',#3939,(#3943,#3957),.PCURVE_S1.);
#3939 = ( BOUNDED_CURVE() B_SPLINE_CURVE(2,(#3940,#3941,#3942),
.UNSPECIFIED.,.F.,.F.) B_SPLINE_CURVE_WITH_KNOTS((3,3),(0.,5.),
.PIECEWISE_BEZIER_KNOTS.) CURVE() GEOMETRIC_REPRESENTATION_ITEM() 
RATIONAL_B_SPLINE_CURVE((1.,0.707106781187,1.)) REPRESENTATION_ITEM('') 
  );
#3940 = CARTESIAN_POINT('',(6.5,14.5,3.));
#3941 = CARTESIAN_POINT('',(6.5,14.5,1.5));
#3942 = CARTESIAN_POINT('',(6.5,13.,1.5));
#3943 = PCURVE('',#2022,#3944);
#3944 = DEFINITIONAL_REPRESENTATION('',(#3945),#3956);
#3945 = B_SPLINE_CURVE_WITH_KNOTS('',9,(#3946,#3947,#3948,#3949,#3950,
    #3951,#3952,#3953,#3954,#3955),.UNSPECIFIED.,.F.,.F.,(10,10),(0.,5.)
  ,.PIECEWISE_BEZIER_KNOTS.);
#3946 = CARTESIAN_POINT('',(-1.110223024625E-16,11.5));
#3947 = CARTESIAN_POINT('',(0.157134840264,11.5));
#3948 = CARTESIAN_POINT('',(0.325774716821,11.499999999998));
#3949 = CARTESIAN_POINT('',(0.50456638687,11.500000000003));
#3950 = CARTESIAN_POINT('',(0.690744851612,11.499999999996));
#3951 = CARTESIAN_POINT('',(0.880051475183,11.500000000004));
#3952 = CARTESIAN_POINT('',(1.066229939925,11.499999999997));
#3953 = CARTESIAN_POINT('',(1.245021609974,11.500000000001));
#3954 = CARTESIAN_POINT('',(1.413661486531,11.5));
#3955 = CARTESIAN_POINT('',(1.570796326795,11.5));
#3956 = ( GEOMETRIC_REPRESENTATION_CONTEXT(2) 
PARAMETRIC_REPRESENTATION_CONTEXT() REPRESENTATION_CONTEXT('2D SPACE',''
  ) );
#3957 = PCURVE('',#2498,#3958);
#3958 = DEFINITIONAL_REPRESENTATION('',(#3959),#3963);
#3959 = LINE('',#3960,#3961);
#3960 = CARTESIAN_POINT('',(5.,11.5));
#3961 = VECTOR('',#3962,1.);
#3962 = DIRECTION('',(-1.,-0.));
#3963 = ( GEOMETRIC_REPRESENTATION_CONTEXT(2) 
PARAMETRIC_REPRESENTATION_CONTEXT() REPRESENTATION_CONTEXT('2D SPACE',''
  ) );
#3964 = ORIENTED_EDGE('',*,*,#3965,.T.);
#3965 = EDGE_CURVE('',#3936,#3966,#3968,.T.);
#3966 = VERTEX_POINT('',#3967);
#3967 = CARTESIAN_POINT('',(0.2,13.,1.5));
#3968 = SURFACE_CURVE('',#3969,(#3973,#3980),.PCURVE_S1.);
#3969 = LINE('',#3970,#3971);
#3970 = CARTESIAN_POINT('',(18.,13.,1.5));
#3971 = VECTOR('',#3972,1.);
#3972 = DIRECTION('',(-1.,-0.,-0.));
#3973 = PCURVE('',#2022,#3974);
#3974 = DEFINITIONAL_REPRESENTATION('',(#3975),#3979);
#3975 = LINE('',#3976,#3977);
#3976 = CARTESIAN_POINT('',(1.570796326795,0.));
#3977 = VECTOR('',#3978,1.);
#3978 = DIRECTION('',(0.,1.));
#3979 = ( GEOMETRIC_REPRESENTATION_CONTEXT(2) 
PARAMETRIC_REPRESENTATION_CONTEXT() REPRESENTATION_CONTEXT('2D SPACE',''
  ) );
#3980 = PCURVE('',#3981,#3986);
#3981 = PLANE('',#3982);
#3982 = AXIS2_PLACEMENT_3D('',#3983,#3984,#3985);
#3983 = CARTESIAN_POINT('',(18.,0.,1.5));
#3984 = DIRECTION('',(0.,0.,-1.));
#3985 = DIRECTION('',(0.,1.,0.));
#3986 = DEFINITIONAL_REPRESENTATION('',(#3987),#3991);
#3987 = LINE('',#3988,#3989);
#3988 = CARTESIAN_POINT('',(13.,0.));
#3989 = VECTOR('',#3990,1.);
#3990 = DIRECTION('',(0.,-1.));
#3991 = ( GEOMETRIC_REPRESENTATION_CONTEXT(2) 
PARAMETRIC_REPRESENTATION_CONTEXT() REPRESENTATION_CONTEXT('2D SPACE',''
  ) );
#3992 = ORIENTED_EDGE('',*,*,#3993,.T.);
#3993 = EDGE_CURVE('',#3966,#2007,#3994,.T.);
#3994 = SURFACE_CURVE('',#3995,(#4000,#4007),.PCURVE_S1.);
#3995 = CIRCLE('',#3996,1.5);
#3996 = AXIS2_PLACEMENT_3D('',#3997,#3998,#3999);
#3997 = CARTESIAN_POINT('',(0.2,13.,3.));
#3998 = DIRECTION('',(1.,-0.,0.));
#3999 = DIRECTION('',(0.,0.,-1.));
#4000 = PCURVE('',#2022,#4001);
#4001 = DEFINITIONAL_REPRESENTATION('',(#4002),#4006);
#4002 = LINE('',#4003,#4004);
#4003 = CARTESIAN_POINT('',(1.570796326795,17.8));
#4004 = VECTOR('',#4005,1.);
#4005 = DIRECTION('',(-1.,-0.));
#4006 = ( GEOMETRIC_REPRESENTATION_CONTEXT(2) 
PARAMETRIC_REPRESENTATION_CONTEXT() REPRESENTATION_CONTEXT('2D SPACE',''
  ) );
#4007 = PCURVE('',#2312,#4008);
#4008 = DEFINITIONAL_REPRESENTATION('',(#4009),#4013);
#4009 = LINE('',#4010,#4011);
#4010 = CARTESIAN_POINT('',(0.,3.14159265359));
#4011 = VECTOR('',#4012,1.);
#4012 = DIRECTION('',(1.,0.));
#4013 = ( GEOMETRIC_REPRESENTATION_CONTEXT(2) 
PARAMETRIC_REPRESENTATION_CONTEXT() REPRESENTATION_CONTEXT('2D SPACE',''
  ) );
#4014 = ADVANCED_FACE('',(#4015),#2123,.T.);
#4015 = FACE_BOUND('',#4016,.F.);
#4016 = EDGE_LOOP('',(#4017,#4049,#4077,#4099));
#4017 = ORIENTED_EDGE('',*,*,#4018,.T.);
#4018 = EDGE_CURVE('',#2106,#4019,#4021,.T.);
#4019 = VERTEX_POINT('',#4020);
#4020 = CARTESIAN_POINT('',(0.2,0.,-2.775557561563E-17));
#4021 = SURFACE_CURVE('',#4022,(#4027,#4038),.PCURVE_S1.);
#4022 = ELLIPSE('',#4023,0.282842712475,0.2);
#4023 = AXIS2_PLACEMENT_3D('',#4024,#4025,#4026);
#4024 = CARTESIAN_POINT('',(0.2,0.2,0.2));
#4025 = DIRECTION('',(0.,-0.707106781187,0.707106781187));
#4026 = DIRECTION('',(0.,0.707106781187,0.707106781187));
#4027 = PCURVE('',#2123,#4028);
#4028 = DEFINITIONAL_REPRESENTATION('',(#4029),#4037);
#4029 = B_SPLINE_CURVE_WITH_KNOTS('',6,(#4030,#4031,#4032,#4033,#4034,
    #4035,#4036),.UNSPECIFIED.,.F.,.F.,(7,7),(1.570796326795,
    3.14159265359),.PIECEWISE_BEZIER_KNOTS.);
#4030 = CARTESIAN_POINT('',(-2.22044604925E-16,0.2));
#4031 = CARTESIAN_POINT('',(-0.261799387799,0.14764012244));
#4032 = CARTESIAN_POINT('',(-0.523597760808,9.528418306218E-02));
#4033 = CARTESIAN_POINT('',(-0.785397946622,4.936253123299E-02));
#4034 = CARTESIAN_POINT('',(-1.047198797763,1.644547644031E-02));
#4035 = CARTESIAN_POINT('',(-1.308996938996,-4.371503159462E-17));
#4036 = CARTESIAN_POINT('',(-1.570796326795,-4.163336342344E-17));
#4037 = ( GEOMETRIC_REPRESENTATION_CONTEXT(2) 
PARAMETRIC_REPRESENTATION_CONTEXT() REPRESENTATION_CONTEXT('2D SPACE',''
  ) );
#4038 = PCURVE('',#2366,#4039);
#4039 = DEFINITIONAL_REPRESENTATION('',(#4040),#4048);
#4040 = B_SPLINE_CURVE_WITH_KNOTS('',6,(#4041,#4042,#4043,#4044,#4045,
    #4046,#4047),.UNSPECIFIED.,.F.,.F.,(7,7),(1.570796326795,
    3.14159265359),.PIECEWISE_BEZIER_KNOTS.);
#4041 = CARTESIAN_POINT('',(2.22044604925E-16,0.2));
#4042 = CARTESIAN_POINT('',(0.261799387799,0.14764012244));
#4043 = CARTESIAN_POINT('',(0.523597760808,9.528418306218E-02));
#4044 = CARTESIAN_POINT('',(0.785397946622,4.936253123299E-02));
#4045 = CARTESIAN_POINT('',(1.047198797763,1.644547644031E-02));
#4046 = CARTESIAN_POINT('',(1.308996938996,-4.371503159462E-17));
#4047 = CARTESIAN_POINT('',(1.570796326795,-4.163336342344E-17));
#4048 = ( GEOMETRIC_REPRESENTATION_CONTEXT(2) 
PARAMETRIC_REPRESENTATION_CONTEXT() REPRESENTATION_CONTEXT('2D SPACE',''
  ) );
#4049 = ORIENTED_EDGE('',*,*,#4050,.T.);
#4050 = EDGE_CURVE('',#4019,#4051,#4053,.T.);
#4051 = VERTEX_POINT('',#4052);
#4052 = CARTESIAN_POINT('',(0.2,14.5,-2.775557561563E-17));
#4053 = SURFACE_CURVE('',#4054,(#4058,#4065),.PCURVE_S1.);
#4054 = LINE('',#4055,#4056);
#4055 = CARTESIAN_POINT('',(0.2,0.,-2.775557561563E-17));
#4056 = VECTOR('',#4057,1.);
#4057 = DIRECTION('',(0.,1.,0.));
#4058 = PCURVE('',#2123,#4059);
#4059 = DEFINITIONAL_REPRESENTATION('',(#4060),#4064);
#4060 = LINE('',#4061,#4062);
#4061 = CARTESIAN_POINT('',(-1.570796326795,0.));
#4062 = VECTOR('',#4063,1.);
#4063 = DIRECTION('',(-0.,1.));
#4064 = ( GEOMETRIC_REPRESENTATION_CONTEXT(2) 
PARAMETRIC_REPRESENTATION_CONTEXT() REPRESENTATION_CONTEXT('2D SPACE',''
  ) );
#4065 = PCURVE('',#4066,#4071);
#4066 = PLANE('',#4067);
#4067 = AXIS2_PLACEMENT_3D('',#4068,#4069,#4070);
#4068 = CARTESIAN_POINT('',(9.,7.5,0.));
#4069 = DIRECTION('',(0.,0.,1.));
#4070 = DIRECTION('',(1.,0.,0.));
#4071 = DEFINITIONAL_REPRESENTATION('',(#4072),#4076);
#4072 = LINE('',#4073,#4074);
#4073 = CARTESIAN_POINT('',(-8.8,-7.5));
#4074 = VECTOR('',#4075,1.);
#4075 = DIRECTION('',(0.,1.));
#4076 = ( GEOMETRIC_REPRESENTATION_CONTEXT(2) 
PARAMETRIC_REPRESENTATION_CONTEXT() REPRESENTATION_CONTEXT('2D SPACE',''
  ) );
#4077 = ORIENTED_EDGE('',*,*,#4078,.F.);
#4078 = EDGE_CURVE('',#2108,#4051,#4079,.T.);
#4079 = SURFACE_CURVE('',#4080,(#4085,#4092),.PCURVE_S1.);
#4080 = CIRCLE('',#4081,0.2);
#4081 = AXIS2_PLACEMENT_3D('',#4082,#4083,#4084);
#4082 = CARTESIAN_POINT('',(0.2,14.5,0.2));
#4083 = DIRECTION('',(-0.,-1.,-0.));
#4084 = DIRECTION('',(-1.,0.,0.));
#4085 = PCURVE('',#2123,#4086);
#4086 = DEFINITIONAL_REPRESENTATION('',(#4087),#4091);
#4087 = LINE('',#4088,#4089);
#4088 = CARTESIAN_POINT('',(-0.,14.5));
#4089 = VECTOR('',#4090,1.);
#4090 = DIRECTION('',(-1.,0.));
#4091 = ( GEOMETRIC_REPRESENTATION_CONTEXT(2) 
PARAMETRIC_REPRESENTATION_CONTEXT() REPRESENTATION_CONTEXT('2D SPACE',''
  ) );
#4092 = PCURVE('',#2152,#4093);
#4093 = DEFINITIONAL_REPRESENTATION('',(#4094),#4098);
#4094 = LINE('',#4095,#4096);
#4095 = CARTESIAN_POINT('',(0.,4.712388980385));
#4096 = VECTOR('',#4097,1.);
#4097 = DIRECTION('',(0.,1.));
#4098 = ( GEOMETRIC_REPRESENTATION_CONTEXT(2) 
PARAMETRIC_REPRESENTATION_CONTEXT() REPRESENTATION_CONTEXT('2D SPACE',''
  ) );
#4099 = ORIENTED_EDGE('',*,*,#2105,.F.);
#4100 = ADVANCED_FACE('',(#4101),#2366,.T.);
#4101 = FACE_BOUND('',#4102,.T.);
#4102 = EDGE_LOOP('',(#4103,#4104,#4132,#4162));
#4103 = ORIENTED_EDGE('',*,*,#4018,.T.);
#4104 = ORIENTED_EDGE('',*,*,#4105,.T.);
#4105 = EDGE_CURVE('',#4019,#4106,#4108,.T.);
#4106 = VERTEX_POINT('',#4107);
#4107 = CARTESIAN_POINT('',(0.2,0.,1.5));
#4108 = SURFACE_CURVE('',#4109,(#4113,#4120),.PCURVE_S1.);
#4109 = LINE('',#4110,#4111);
#4110 = CARTESIAN_POINT('',(0.2,-2.775557561563E-17,0.));
#4111 = VECTOR('',#4112,1.);
#4112 = DIRECTION('',(0.,0.,1.));
#4113 = PCURVE('',#2366,#4114);
#4114 = DEFINITIONAL_REPRESENTATION('',(#4115),#4119);
#4115 = LINE('',#4116,#4117);
#4116 = CARTESIAN_POINT('',(1.570796326795,0.));
#4117 = VECTOR('',#4118,1.);
#4118 = DIRECTION('',(0.,1.));
#4119 = ( GEOMETRIC_REPRESENTATION_CONTEXT(2) 
PARAMETRIC_REPRESENTATION_CONTEXT() REPRESENTATION_CONTEXT('2D SPACE',''
  ) );
#4120 = PCURVE('',#4121,#4126);
#4121 = PLANE('',#4122);
#4122 = AXIS2_PLACEMENT_3D('',#4123,#4124,#4125);
#4123 = CARTESIAN_POINT('',(0.,0.,0.));
#4124 = DIRECTION('',(0.,1.,0.));
#4125 = DIRECTION('',(1.,0.,0.));
#4126 = DEFINITIONAL_REPRESENTATION('',(#4127),#4131);
#4127 = LINE('',#4128,#4129);
#4128 = CARTESIAN_POINT('',(0.2,0.));
#4129 = VECTOR('',#4130,1.);
#4130 = DIRECTION('',(0.,-1.));
#4131 = ( GEOMETRIC_REPRESENTATION_CONTEXT(2) 
PARAMETRIC_REPRESENTATION_CONTEXT() REPRESENTATION_CONTEXT('2D SPACE',''
  ) );
#4132 = ORIENTED_EDGE('',*,*,#4133,.T.);
#4133 = EDGE_CURVE('',#4106,#2325,#4134,.T.);
#4134 = SURFACE_CURVE('',#4135,(#4140,#4151),.PCURVE_S1.);
#4135 = ELLIPSE('',#4136,0.282842712475,0.2);
#4136 = AXIS2_PLACEMENT_3D('',#4137,#4138,#4139);
#4137 = CARTESIAN_POINT('',(0.2,0.2,1.3));
#4138 = DIRECTION('',(0.,-0.707106781187,-0.707106781187));
#4139 = DIRECTION('',(0.,0.707106781187,-0.707106781187));
#4140 = PCURVE('',#2366,#4141);
#4141 = DEFINITIONAL_REPRESENTATION('',(#4142),#4150);
#4142 = B_SPLINE_CURVE_WITH_KNOTS('',6,(#4143,#4144,#4145,#4146,#4147,
    #4148,#4149),.UNSPECIFIED.,.F.,.F.,(7,7),(3.14159265359,
    4.712388980385),.PIECEWISE_BEZIER_KNOTS.);
#4143 = CARTESIAN_POINT('',(1.570796326795,1.5));
#4144 = CARTESIAN_POINT('',(1.308996938996,1.5));
#4145 = CARTESIAN_POINT('',(1.047198797763,1.48355452356));
#4146 = CARTESIAN_POINT('',(0.785397946623,1.450637468767));
#4147 = CARTESIAN_POINT('',(0.523597760808,1.404715816938));
#4148 = CARTESIAN_POINT('',(0.261799387799,1.35235987756));
#4149 = CARTESIAN_POINT('',(-9.481100726451E-17,1.3));
#4150 = ( GEOMETRIC_REPRESENTATION_CONTEXT(2) 
PARAMETRIC_REPRESENTATION_CONTEXT() REPRESENTATION_CONTEXT('2D SPACE',''
  ) );
#4151 = PCURVE('',#2340,#4152);
#4152 = DEFINITIONAL_REPRESENTATION('',(#4153),#4161);
#4153 = B_SPLINE_CURVE_WITH_KNOTS('',6,(#4154,#4155,#4156,#4157,#4158,
    #4159,#4160),.UNSPECIFIED.,.F.,.F.,(7,7),(3.14159265359,
    4.712388980385),.PIECEWISE_BEZIER_KNOTS.);
#4154 = CARTESIAN_POINT('',(-2.22044604925E-16,0.));
#4155 = CARTESIAN_POINT('',(-0.261799387799,3.507194534791E-16));
#4156 = CARTESIAN_POINT('',(-0.523597529032,1.644547644031E-02));
#4157 = CARTESIAN_POINT('',(-0.785398380172,4.9362531233E-02));
#4158 = CARTESIAN_POINT('',(-1.047198565987,9.528418306217E-02));
#4159 = CARTESIAN_POINT('',(-1.308996938996,0.14764012244));
#4160 = CARTESIAN_POINT('',(-1.570796326795,0.2));
#4161 = ( GEOMETRIC_REPRESENTATION_CONTEXT(2) 
PARAMETRIC_REPRESENTATION_CONTEXT() REPRESENTATION_CONTEXT('2D SPACE',''
  ) );
#4162 = ORIENTED_EDGE('',*,*,#2352,.F.);
#4163 = ADVANCED_FACE('',(#4164),#2152,.T.);
#4164 = FACE_BOUND('',#4165,.T.);
#4165 = EDGE_LOOP('',(#4166,#4167,#4168,#4192));
#4166 = ORIENTED_EDGE('',*,*,#4078,.F.);
#4167 = ORIENTED_EDGE('',*,*,#2135,.T.);
#4168 = ORIENTED_EDGE('',*,*,#4169,.T.);
#4169 = EDGE_CURVE('',#2136,#4170,#4172,.T.);
#4170 = VERTEX_POINT('',#4171);
#4171 = CARTESIAN_POINT('',(0.2,16.,1.5));
#4172 = SURFACE_CURVE('',#4173,(#4178,#4185),.PCURVE_S1.);
#4173 = CIRCLE('',#4174,0.2);
#4174 = AXIS2_PLACEMENT_3D('',#4175,#4176,#4177);
#4175 = CARTESIAN_POINT('',(0.2,15.8,1.5));
#4176 = DIRECTION('',(0.,-6.123233995737E-17,-1.));
#4177 = DIRECTION('',(0.,1.,-6.123233995737E-17));
#4178 = PCURVE('',#2152,#4179);
#4179 = DEFINITIONAL_REPRESENTATION('',(#4180),#4184);
#4180 = LINE('',#4181,#4182);
#4181 = CARTESIAN_POINT('',(1.570796326795,0.));
#4182 = VECTOR('',#4183,1.);
#4183 = DIRECTION('',(0.,1.));
#4184 = ( GEOMETRIC_REPRESENTATION_CONTEXT(2) 
PARAMETRIC_REPRESENTATION_CONTEXT() REPRESENTATION_CONTEXT('2D SPACE',''
  ) );
#4185 = PCURVE('',#2180,#4186);
#4186 = DEFINITIONAL_REPRESENTATION('',(#4187),#4191);
#4187 = LINE('',#4188,#4189);
#4188 = CARTESIAN_POINT('',(4.712388980385,-0.));
#4189 = VECTOR('',#4190,1.);
#4190 = DIRECTION('',(-1.,0.));
#4191 = ( GEOMETRIC_REPRESENTATION_CONTEXT(2) 
PARAMETRIC_REPRESENTATION_CONTEXT() REPRESENTATION_CONTEXT('2D SPACE',''
  ) );
#4192 = ORIENTED_EDGE('',*,*,#4193,.F.);
#4193 = EDGE_CURVE('',#4051,#4170,#4194,.T.);
#4194 = SURFACE_CURVE('',#4195,(#4200,#4207),.PCURVE_S1.);
#4195 = CIRCLE('',#4196,1.5);
#4196 = AXIS2_PLACEMENT_3D('',#4197,#4198,#4199);
#4197 = CARTESIAN_POINT('',(0.2,14.5,1.5));
#4198 = DIRECTION('',(1.,-0.,0.));
#4199 = DIRECTION('',(0.,0.,-1.));
#4200 = PCURVE('',#2152,#4201);
#4201 = DEFINITIONAL_REPRESENTATION('',(#4202),#4206);
#4202 = LINE('',#4203,#4204);
#4203 = CARTESIAN_POINT('',(0.,6.28318530718));
#4204 = VECTOR('',#4205,1.);
#4205 = DIRECTION('',(1.,0.));
#4206 = ( GEOMETRIC_REPRESENTATION_CONTEXT(2) 
PARAMETRIC_REPRESENTATION_CONTEXT() REPRESENTATION_CONTEXT('2D SPACE',''
  ) );
#4207 = PCURVE('',#4208,#4213);
#4208 = CYLINDRICAL_SURFACE('',#4209,1.5);
#4209 = AXIS2_PLACEMENT_3D('',#4210,#4211,#4212);
#4210 = CARTESIAN_POINT('',(18.,14.5,1.5));
#4211 = DIRECTION('',(-1.,0.,0.));
#4212 = DIRECTION('',(0.,1.,0.));
#4213 = DEFINITIONAL_REPRESENTATION('',(#4214),#4218);
#4214 = LINE('',#4215,#4216);
#4215 = CARTESIAN_POINT('',(1.570796326795,17.8));
#4216 = VECTOR('',#4217,1.);
#4217 = DIRECTION('',(-1.,-0.));
#4218 = ( GEOMETRIC_REPRESENTATION_CONTEXT(2) 
PARAMETRIC_REPRESENTATION_CONTEXT() REPRESENTATION_CONTEXT('2D SPACE',''
  ) );
#4219 = ADVANCED_FACE('',(#4220),#2340,.T.);
#4220 = FACE_BOUND('',#4221,.F.);
#4221 = EDGE_LOOP('',(#4222,#4223,#4224,#4246));
#4222 = ORIENTED_EDGE('',*,*,#4133,.T.);
#4223 = ORIENTED_EDGE('',*,*,#2324,.T.);
#4224 = ORIENTED_EDGE('',*,*,#4225,.F.);
#4225 = EDGE_CURVE('',#3966,#2296,#4226,.T.);
#4226 = SURFACE_CURVE('',#4227,(#4232,#4239),.PCURVE_S1.);
#4227 = CIRCLE('',#4228,0.2);
#4228 = AXIS2_PLACEMENT_3D('',#4229,#4230,#4231);
#4229 = CARTESIAN_POINT('',(0.2,13.,1.3));
#4230 = DIRECTION('',(0.,-1.,0.));
#4231 = DIRECTION('',(0.,0.,1.));
#4232 = PCURVE('',#2340,#4233);
#4233 = DEFINITIONAL_REPRESENTATION('',(#4234),#4238);
#4234 = LINE('',#4235,#4236);
#4235 = CARTESIAN_POINT('',(-0.,13.));
#4236 = VECTOR('',#4237,1.);
#4237 = DIRECTION('',(-1.,0.));
#4238 = ( GEOMETRIC_REPRESENTATION_CONTEXT(2) 
PARAMETRIC_REPRESENTATION_CONTEXT() REPRESENTATION_CONTEXT('2D SPACE',''
  ) );
#4239 = PCURVE('',#2312,#4240);
#4240 = DEFINITIONAL_REPRESENTATION('',(#4241),#4245);
#4241 = LINE('',#4242,#4243);
#4242 = CARTESIAN_POINT('',(0.,3.14159265359));
#4243 = VECTOR('',#4244,1.);
#4244 = DIRECTION('',(0.,1.));
#4245 = ( GEOMETRIC_REPRESENTATION_CONTEXT(2) 
PARAMETRIC_REPRESENTATION_CONTEXT() REPRESENTATION_CONTEXT('2D SPACE',''
  ) );
#4246 = ORIENTED_EDGE('',*,*,#4247,.F.);
#4247 = EDGE_CURVE('',#4106,#3966,#4248,.T.);
#4248 = SURFACE_CURVE('',#4249,(#4253,#4260),.PCURVE_S1.);
#4249 = LINE('',#4250,#4251);
#4250 = CARTESIAN_POINT('',(0.2,0.,1.5));
#4251 = VECTOR('',#4252,1.);
#4252 = DIRECTION('',(0.,1.,0.));
#4253 = PCURVE('',#2340,#4254);
#4254 = DEFINITIONAL_REPRESENTATION('',(#4255),#4259);
#4255 = LINE('',#4256,#4257);
#4256 = CARTESIAN_POINT('',(-0.,0.));
#4257 = VECTOR('',#4258,1.);
#4258 = DIRECTION('',(-0.,1.));
#4259 = ( GEOMETRIC_REPRESENTATION_CONTEXT(2) 
PARAMETRIC_REPRESENTATION_CONTEXT() REPRESENTATION_CONTEXT('2D SPACE',''
  ) );
#4260 = PCURVE('',#3981,#4261);
#4261 = DEFINITIONAL_REPRESENTATION('',(#4262),#4266);
#4262 = LINE('',#4263,#4264);
#4263 = CARTESIAN_POINT('',(0.,-17.8));
#4264 = VECTOR('',#4265,1.);
#4265 = DIRECTION('',(1.,0.));
#4266 = ( GEOMETRIC_REPRESENTATION_CONTEXT(2) 
PARAMETRIC_REPRESENTATION_CONTEXT() REPRESENTATION_CONTEXT('2D SPACE',''
  ) );
#4267 = ADVANCED_FACE('',(#4268),#2180,.T.);
#4268 = FACE_BOUND('',#4269,.F.);
#4269 = EDGE_LOOP('',(#4270,#4271,#4299,#4321));
#4270 = ORIENTED_EDGE('',*,*,#4169,.T.);
#4271 = ORIENTED_EDGE('',*,*,#4272,.T.);
#4272 = EDGE_CURVE('',#4170,#4273,#4275,.T.);
#4273 = VERTEX_POINT('',#4274);
#4274 = CARTESIAN_POINT('',(0.2,16.,16.5));
#4275 = SURFACE_CURVE('',#4276,(#4280,#4287),.PCURVE_S1.);
#4276 = LINE('',#4277,#4278);
#4277 = CARTESIAN_POINT('',(0.2,16.,1.5));
#4278 = VECTOR('',#4279,1.);
#4279 = DIRECTION('',(0.,0.,1.));
#4280 = PCURVE('',#2180,#4281);
#4281 = DEFINITIONAL_REPRESENTATION('',(#4282),#4286);
#4282 = LINE('',#4283,#4284);
#4283 = CARTESIAN_POINT('',(-1.570796326795,0.));
#4284 = VECTOR('',#4285,1.);
#4285 = DIRECTION('',(-0.,1.));
#4286 = ( GEOMETRIC_REPRESENTATION_CONTEXT(2) 
PARAMETRIC_REPRESENTATION_CONTEXT() REPRESENTATION_CONTEXT('2D SPACE',''
  ) );
#4287 = PCURVE('',#4288,#4293);
#4288 = PLANE('',#4289);
#4289 = AXIS2_PLACEMENT_3D('',#4290,#4291,#4292);
#4290 = CARTESIAN_POINT('',(9.,16.,9.));
#4291 = DIRECTION('',(0.,1.,0.));
#4292 = DIRECTION('',(0.,0.,1.));
#4293 = DEFINITIONAL_REPRESENTATION('',(#4294),#4298);
#4294 = LINE('',#4295,#4296);
#4295 = CARTESIAN_POINT('',(-7.5,-8.8));
#4296 = VECTOR('',#4297,1.);
#4297 = DIRECTION('',(1.,0.));
#4298 = ( GEOMETRIC_REPRESENTATION_CONTEXT(2) 
PARAMETRIC_REPRESENTATION_CONTEXT() REPRESENTATION_CONTEXT('2D SPACE',''
  ) );
#4299 = ORIENTED_EDGE('',*,*,#4300,.F.);
#4300 = EDGE_CURVE('',#2165,#4273,#4301,.T.);
#4301 = SURFACE_CURVE('',#4302,(#4307,#4314),.PCURVE_S1.);
#4302 = CIRCLE('',#4303,0.2);
#4303 = AXIS2_PLACEMENT_3D('',#4304,#4305,#4306);
#4304 = CARTESIAN_POINT('',(0.2,15.8,16.5));
#4305 = DIRECTION('',(0.,0.,-1.));
#4306 = DIRECTION('',(-1.,0.,0.));
#4307 = PCURVE('',#2180,#4308);
#4308 = DEFINITIONAL_REPRESENTATION('',(#4309),#4313);
#4309 = LINE('',#4310,#4311);
#4310 = CARTESIAN_POINT('',(-0.,15.));
#4311 = VECTOR('',#4312,1.);
#4312 = DIRECTION('',(-1.,0.));
#4313 = ( GEOMETRIC_REPRESENTATION_CONTEXT(2) 
PARAMETRIC_REPRESENTATION_CONTEXT() REPRESENTATION_CONTEXT('2D SPACE',''
  ) );
#4314 = PCURVE('',#2209,#4315);
#4315 = DEFINITIONAL_REPRESENTATION('',(#4316),#4320);
#4316 = LINE('',#4317,#4318);
#4317 = CARTESIAN_POINT('',(0.,4.712388980385));
#4318 = VECTOR('',#4319,1.);
#4319 = DIRECTION('',(0.,1.));
#4320 = ( GEOMETRIC_REPRESENTATION_CONTEXT(2) 
PARAMETRIC_REPRESENTATION_CONTEXT() REPRESENTATION_CONTEXT('2D SPACE',''
  ) );
#4321 = ORIENTED_EDGE('',*,*,#2164,.F.);
#4322 = ADVANCED_FACE('',(#4323),#2312,.T.);
#4323 = FACE_BOUND('',#4324,.T.);
#4324 = EDGE_LOOP('',(#4325,#4326,#4327,#4328));
#4325 = ORIENTED_EDGE('',*,*,#4225,.F.);
#4326 = ORIENTED_EDGE('',*,*,#3993,.T.);
#4327 = ORIENTED_EDGE('',*,*,#3906,.T.);
#4328 = ORIENTED_EDGE('',*,*,#2295,.F.);
#4329 = ADVANCED_FACE('',(#4330),#2209,.T.);
#4330 = FACE_BOUND('',#4331,.T.);
#4331 = EDGE_LOOP('',(#4332,#4333,#4334,#4356));
#4332 = ORIENTED_EDGE('',*,*,#4300,.F.);
#4333 = ORIENTED_EDGE('',*,*,#2192,.T.);
#4334 = ORIENTED_EDGE('',*,*,#4335,.T.);
#4335 = EDGE_CURVE('',#2193,#2563,#4336,.T.);
#4336 = SURFACE_CURVE('',#4337,(#4342,#4349),.PCURVE_S1.);
#4337 = CIRCLE('',#4338,0.2);
#4338 = AXIS2_PLACEMENT_3D('',#4339,#4340,#4341);
#4339 = CARTESIAN_POINT('',(0.2,14.5,17.8));
#4340 = DIRECTION('',(0.,1.,-6.123233995737E-17));
#4341 = DIRECTION('',(0.,6.123233995737E-17,1.));
#4342 = PCURVE('',#2209,#4343);
#4343 = DEFINITIONAL_REPRESENTATION('',(#4344),#4348);
#4344 = LINE('',#4345,#4346);
#4345 = CARTESIAN_POINT('',(1.570796326795,0.));
#4346 = VECTOR('',#4347,1.);
#4347 = DIRECTION('',(0.,1.));
#4348 = ( GEOMETRIC_REPRESENTATION_CONTEXT(2) 
PARAMETRIC_REPRESENTATION_CONTEXT() REPRESENTATION_CONTEXT('2D SPACE',''
  ) );
#4349 = PCURVE('',#2237,#4350);
#4350 = DEFINITIONAL_REPRESENTATION('',(#4351),#4355);
#4351 = LINE('',#4352,#4353);
#4352 = CARTESIAN_POINT('',(4.712388980385,-0.));
#4353 = VECTOR('',#4354,1.);
#4354 = DIRECTION('',(-1.,0.));
#4355 = ( GEOMETRIC_REPRESENTATION_CONTEXT(2) 
PARAMETRIC_REPRESENTATION_CONTEXT() REPRESENTATION_CONTEXT('2D SPACE',''
  ) );
#4356 = ORIENTED_EDGE('',*,*,#4357,.F.);
#4357 = EDGE_CURVE('',#4273,#2563,#4358,.T.);
#4358 = SURFACE_CURVE('',#4359,(#4364,#4371),.PCURVE_S1.);
#4359 = CIRCLE('',#4360,1.5);
#4360 = AXIS2_PLACEMENT_3D('',#4361,#4362,#4363);
#4361 = CARTESIAN_POINT('',(0.2,14.5,16.5));
#4362 = DIRECTION('',(1.,0.,0.));
#4363 = DIRECTION('',(0.,1.,0.));
#4364 = PCURVE('',#2209,#4365);
#4365 = DEFINITIONAL_REPRESENTATION('',(#4366),#4370);
#4366 = LINE('',#4367,#4368);
#4367 = CARTESIAN_POINT('',(0.,6.28318530718));
#4368 = VECTOR('',#4369,1.);
#4369 = DIRECTION('',(1.,0.));
#4370 = ( GEOMETRIC_REPRESENTATION_CONTEXT(2) 
PARAMETRIC_REPRESENTATION_CONTEXT() REPRESENTATION_CONTEXT('2D SPACE',''
  ) );
#4371 = PCURVE('',#2578,#4372);
#4372 = DEFINITIONAL_REPRESENTATION('',(#4373),#4377);
#4373 = LINE('',#4374,#4375);
#4374 = CARTESIAN_POINT('',(1.570796326795,17.8));
#4375 = VECTOR('',#4376,1.);
#4376 = DIRECTION('',(-1.,-0.));
#4377 = ( GEOMETRIC_REPRESENTATION_CONTEXT(2) 
PARAMETRIC_REPRESENTATION_CONTEXT() REPRESENTATION_CONTEXT('2D SPACE',''
  ) );
#4378 = ADVANCED_FACE('',(#4379),#2237,.T.);
#4379 = FACE_BOUND('',#4380,.F.);
#4380 = EDGE_LOOP('',(#4381,#4382,#4383,#4384));
#4381 = ORIENTED_EDGE('',*,*,#4335,.T.);
#4382 = ORIENTED_EDGE('',*,*,#2590,.T.);
#4383 = ORIENTED_EDGE('',*,*,#2383,.F.);
#4384 = ORIENTED_EDGE('',*,*,#2221,.F.);
#4385 = ADVANCED_FACE('',(#4386),#2455,.T.);
#4386 = FACE_BOUND('',#4387,.F.);
#4387 = EDGE_LOOP('',(#4388,#4412,#4413,#4414));
#4388 = ORIENTED_EDGE('',*,*,#4389,.F.);
#4389 = EDGE_CURVE('',#2418,#4390,#4392,.T.);
#4390 = VERTEX_POINT('',#4391);
#4391 = CARTESIAN_POINT('',(3.5,11.,9.));
#4392 = SEAM_CURVE('',#4393,(#4398,#4405),.PCURVE_S1.);
#4393 = CIRCLE('',#4394,1.);
#4394 = AXIS2_PLACEMENT_3D('',#4395,#4396,#4397);
#4395 = CARTESIAN_POINT('',(3.5,12.,9.));
#4396 = DIRECTION('',(-4.854817038601E-17,3.155631075091E-16,1.));
#4397 = DIRECTION('',(-1.,-1.532001151089E-32,-4.854817038601E-17));
#4398 = PCURVE('',#2455,#4399);
#4399 = DEFINITIONAL_REPRESENTATION('',(#4400),#4404);
#4400 = LINE('',#4401,#4402);
#4401 = CARTESIAN_POINT('',(-0.,0.));
#4402 = VECTOR('',#4403,1.);
#4403 = DIRECTION('',(-0.,1.));
#4404 = ( GEOMETRIC_REPRESENTATION_CONTEXT(2) 
PARAMETRIC_REPRESENTATION_CONTEXT() REPRESENTATION_CONTEXT('2D SPACE',''
  ) );
#4405 = PCURVE('',#2455,#4406);
#4406 = DEFINITIONAL_REPRESENTATION('',(#4407),#4411);
#4407 = LINE('',#4408,#4409);
#4408 = CARTESIAN_POINT('',(-6.28318530718,0.));
#4409 = VECTOR('',#4410,1.);
#4410 = DIRECTION('',(-0.,1.));
#4411 = ( GEOMETRIC_REPRESENTATION_CONTEXT(2) 
PARAMETRIC_REPRESENTATION_CONTEXT() REPRESENTATION_CONTEXT('2D SPACE',''
  ) );
#4412 = ORIENTED_EDGE('',*,*,#2440,.F.);
#4413 = ORIENTED_EDGE('',*,*,#4389,.T.);
#4414 = ORIENTED_EDGE('',*,*,#4415,.T.);
#4415 = EDGE_CURVE('',#4390,#4390,#4416,.T.);
#4416 = SURFACE_CURVE('',#4417,(#4422,#4429),.PCURVE_S1.);
#4417 = CIRCLE('',#4418,5.5);
#4418 = AXIS2_PLACEMENT_3D('',#4419,#4420,#4421);
#4419 = CARTESIAN_POINT('',(9.,11.,9.));
#4420 = DIRECTION('',(0.,1.,-3.155631075091E-16));
#4421 = DIRECTION('',(-1.,-1.532001151089E-32,-4.854817038601E-17));
#4422 = PCURVE('',#2455,#4423);
#4423 = DEFINITIONAL_REPRESENTATION('',(#4424),#4428);
#4424 = LINE('',#4425,#4426);
#4425 = CARTESIAN_POINT('',(-0.,1.570796326795));
#4426 = VECTOR('',#4427,1.);
#4427 = DIRECTION('',(-1.,0.));
#4428 = ( GEOMETRIC_REPRESENTATION_CONTEXT(2) 
PARAMETRIC_REPRESENTATION_CONTEXT() REPRESENTATION_CONTEXT('2D SPACE',''
  ) );
#4429 = PCURVE('',#4430,#4435);
#4430 = PLANE('',#4431);
#4431 = AXIS2_PLACEMENT_3D('',#4432,#4433,#4434);
#4432 = CARTESIAN_POINT('',(9.,11.,9.));
#4433 = DIRECTION('',(0.,1.,-3.155631075091E-16));
#4434 = DIRECTION('',(0.,3.155631075091E-16,1.));
#4435 = DEFINITIONAL_REPRESENTATION('',(#4436),#4440);
#4436 = CIRCLE('',#4437,5.5);
#4437 = AXIS2_PLACEMENT_2D('',#4438,#4439);
#4438 = CARTESIAN_POINT('',(0.,0.));
#4439 = DIRECTION('',(-4.854817038601E-17,-1.));
#4440 = ( GEOMETRIC_REPRESENTATION_CONTEXT(2) 
PARAMETRIC_REPRESENTATION_CONTEXT() REPRESENTATION_CONTEXT('2D SPACE',''
  ) );
#4441 = ADVANCED_FACE('',(#4442),#2498,.T.);
#4442 = FACE_BOUND('',#4443,.T.);
#4443 = EDGE_LOOP('',(#4444,#4475,#4476,#4477));
#4444 = ORIENTED_EDGE('',*,*,#4445,.F.);
#4445 = EDGE_CURVE('',#2470,#4446,#4448,.T.);
#4446 = VERTEX_POINT('',#4447);
#4447 = CARTESIAN_POINT('',(11.5,13.,1.5));
#4448 = SURFACE_CURVE('',#4449,(#4454,#4468),.PCURVE_S1.);
#4449 = CIRCLE('',#4450,1.5);
#4450 = AXIS2_PLACEMENT_3D('',#4451,#4452,#4453);
#4451 = CARTESIAN_POINT('',(11.5,13.,3.));
#4452 = DIRECTION('',(-1.,0.,0.));
#4453 = DIRECTION('',(0.,1.,0.));
#4454 = PCURVE('',#2498,#4455);
#4455 = DEFINITIONAL_REPRESENTATION('',(#4456),#4467);
#4456 = B_SPLINE_CURVE_WITH_KNOTS('',9,(#4457,#4458,#4459,#4460,#4461,
    #4462,#4463,#4464,#4465,#4466),.UNSPECIFIED.,.F.,.F.,(10,10),(0.,
    1.570796326795),.PIECEWISE_BEZIER_KNOTS.);
#4457 = CARTESIAN_POINT('',(5.,6.5));
#4458 = CARTESIAN_POINT('',(4.382932925256,6.5));
#4459 = CARTESIAN_POINT('',(3.816051827868,6.5));
#4460 = CARTESIAN_POINT('',(3.278769421554,6.499999999999));
#4461 = CARTESIAN_POINT('',(2.757889325399,6.500000000001));
#4462 = CARTESIAN_POINT('',(2.242110674601,6.499999999999));
#4463 = CARTESIAN_POINT('',(1.721230578446,6.500000000001));
#4464 = CARTESIAN_POINT('',(1.183948172132,6.5));
#4465 = CARTESIAN_POINT('',(0.617067074744,6.5));
#4466 = CARTESIAN_POINT('',(0.,6.5));
#4467 = ( GEOMETRIC_REPRESENTATION_CONTEXT(2) 
PARAMETRIC_REPRESENTATION_CONTEXT() REPRESENTATION_CONTEXT('2D SPACE',''
  ) );
#4468 = PCURVE('',#3072,#4469);
#4469 = DEFINITIONAL_REPRESENTATION('',(#4470),#4474);
#4470 = LINE('',#4471,#4472);
#4471 = CARTESIAN_POINT('',(0.,6.5));
#4472 = VECTOR('',#4473,1.);
#4473 = DIRECTION('',(1.,0.));
#4474 = ( GEOMETRIC_REPRESENTATION_CONTEXT(2) 
PARAMETRIC_REPRESENTATION_CONTEXT() REPRESENTATION_CONTEXT('2D SPACE',''
  ) );
#4475 = ORIENTED_EDGE('',*,*,#2469,.T.);
#4476 = ORIENTED_EDGE('',*,*,#3935,.T.);
#4477 = ORIENTED_EDGE('',*,*,#4478,.F.);
#4478 = EDGE_CURVE('',#4446,#3936,#4479,.T.);
#4479 = SURFACE_CURVE('',#4480,(#4490,#4497),.PCURVE_S1.);
#4480 = ( BOUNDED_CURVE() B_SPLINE_CURVE(8,(#4481,#4482,#4483,#4484,
    #4485,#4486,#4487,#4488,#4489),.UNSPECIFIED.,.F.,.F.) 
B_SPLINE_CURVE_WITH_KNOTS((9,9),(6.5,11.5),.PIECEWISE_BEZIER_KNOTS.) 
CURVE() GEOMETRIC_REPRESENTATION_ITEM() RATIONAL_B_SPLINE_CURVE((1.,1.,
1.,1.,1.,1.,1.,1.,1.)) REPRESENTATION_ITEM('') );
#4481 = CARTESIAN_POINT('',(11.5,13.,1.5));
#4482 = CARTESIAN_POINT('',(10.875,13.,1.5));
#4483 = CARTESIAN_POINT('',(10.25,13.051646351076,1.5));
#4484 = CARTESIAN_POINT('',(9.625,13.094618665099,1.5));
#4485 = CARTESIAN_POINT('',(9.,13.121026192939,1.5));
#4486 = CARTESIAN_POINT('',(8.375,13.094618665099,1.5));
#4487 = CARTESIAN_POINT('',(7.75,13.051646351076,1.5));
#4488 = CARTESIAN_POINT('',(7.125,13.,1.5));
#4489 = CARTESIAN_POINT('',(6.5,13.,1.5));
#4490 = PCURVE('',#2498,#4491);
#4491 = DEFINITIONAL_REPRESENTATION('',(#4492),#4496);
#4492 = LINE('',#4493,#4494);
#4493 = CARTESIAN_POINT('',(0.,0.));
#4494 = VECTOR('',#4495,1.);
#4495 = DIRECTION('',(0.,1.));
#4496 = ( GEOMETRIC_REPRESENTATION_CONTEXT(2) 
PARAMETRIC_REPRESENTATION_CONTEXT() REPRESENTATION_CONTEXT('2D SPACE',''
  ) );
#4497 = PCURVE('',#3981,#4498);
#4498 = DEFINITIONAL_REPRESENTATION('',(#4499),#4509);
#4499 = ( BOUNDED_CURVE() B_SPLINE_CURVE(8,(#4500,#4501,#4502,#4503,
    #4504,#4505,#4506,#4507,#4508),.UNSPECIFIED.,.F.,.F.) 
B_SPLINE_CURVE_WITH_KNOTS((9,9),(6.5,11.5),.PIECEWISE_BEZIER_KNOTS.) 
CURVE() GEOMETRIC_REPRESENTATION_ITEM() RATIONAL_B_SPLINE_CURVE((1.,1.,
1.,1.,1.,1.,1.,1.,1.)) REPRESENTATION_ITEM('') );
#4500 = CARTESIAN_POINT('',(13.,-6.5));
#4501 = CARTESIAN_POINT('',(13.,-7.125));
#4502 = CARTESIAN_POINT('',(13.051646351076,-7.75));
#4503 = CARTESIAN_POINT('',(13.094618665099,-8.375));
#4504 = CARTESIAN_POINT('',(13.121026192939,-9.));
#4505 = CARTESIAN_POINT('',(13.094618665099,-9.625));
#4506 = CARTESIAN_POINT('',(13.051646351076,-10.25));
#4507 = CARTESIAN_POINT('',(13.,-10.875));
#4508 = CARTESIAN_POINT('',(13.,-11.5));
#4509 = ( GEOMETRIC_REPRESENTATION_CONTEXT(2) 
PARAMETRIC_REPRESENTATION_CONTEXT() REPRESENTATION_CONTEXT('2D SPACE',''
  ) );
#4510 = ADVANCED_FACE('',(#4511),#2578,.T.);
#4511 = FACE_BOUND('',#4512,.T.);
#4512 = EDGE_LOOP('',(#4513,#4514,#4538,#4559));
#4513 = ORIENTED_EDGE('',*,*,#2560,.F.);
#4514 = ORIENTED_EDGE('',*,*,#4515,.T.);
#4515 = EDGE_CURVE('',#2561,#4516,#4518,.T.);
#4516 = VERTEX_POINT('',#4517);
#4517 = CARTESIAN_POINT('',(17.8,16.,16.5));
#4518 = SURFACE_CURVE('',#4519,(#4524,#4531),.PCURVE_S1.);
#4519 = CIRCLE('',#4520,1.5);
#4520 = AXIS2_PLACEMENT_3D('',#4521,#4522,#4523);
#4521 = CARTESIAN_POINT('',(17.8,14.5,16.5));
#4522 = DIRECTION('',(-1.,0.,0.));
#4523 = DIRECTION('',(0.,0.,1.));
#4524 = PCURVE('',#2578,#4525);
#4525 = DEFINITIONAL_REPRESENTATION('',(#4526),#4530);
#4526 = LINE('',#4527,#4528);
#4527 = CARTESIAN_POINT('',(0.,0.2));
#4528 = VECTOR('',#4529,1.);
#4529 = DIRECTION('',(1.,0.));
#4530 = ( GEOMETRIC_REPRESENTATION_CONTEXT(2) 
PARAMETRIC_REPRESENTATION_CONTEXT() REPRESENTATION_CONTEXT('2D SPACE',''
  ) );
#4531 = PCURVE('',#3152,#4532);
#4532 = DEFINITIONAL_REPRESENTATION('',(#4533),#4537);
#4533 = LINE('',#4534,#4535);
#4534 = CARTESIAN_POINT('',(0.,6.28318530718));
#4535 = VECTOR('',#4536,1.);
#4536 = DIRECTION('',(1.,0.));
#4537 = ( GEOMETRIC_REPRESENTATION_CONTEXT(2) 
PARAMETRIC_REPRESENTATION_CONTEXT() REPRESENTATION_CONTEXT('2D SPACE',''
  ) );
#4538 = ORIENTED_EDGE('',*,*,#4539,.T.);
#4539 = EDGE_CURVE('',#4516,#4273,#4540,.T.);
#4540 = SURFACE_CURVE('',#4541,(#4545,#4552),.PCURVE_S1.);
#4541 = LINE('',#4542,#4543);
#4542 = CARTESIAN_POINT('',(18.,16.,16.5));
#4543 = VECTOR('',#4544,1.);
#4544 = DIRECTION('',(-1.,0.,0.));
#4545 = PCURVE('',#2578,#4546);
#4546 = DEFINITIONAL_REPRESENTATION('',(#4547),#4551);
#4547 = LINE('',#4548,#4549);
#4548 = CARTESIAN_POINT('',(1.570796326795,0.));
#4549 = VECTOR('',#4550,1.);
#4550 = DIRECTION('',(0.,1.));
#4551 = ( GEOMETRIC_REPRESENTATION_CONTEXT(2) 
PARAMETRIC_REPRESENTATION_CONTEXT() REPRESENTATION_CONTEXT('2D SPACE',''
  ) );
#4552 = PCURVE('',#4288,#4553);
#4553 = DEFINITIONAL_REPRESENTATION('',(#4554),#4558);
#4554 = LINE('',#4555,#4556);
#4555 = CARTESIAN_POINT('',(7.5,9.));
#4556 = VECTOR('',#4557,1.);
#4557 = DIRECTION('',(0.,-1.));
#4558 = ( GEOMETRIC_REPRESENTATION_CONTEXT(2) 
PARAMETRIC_REPRESENTATION_CONTEXT() REPRESENTATION_CONTEXT('2D SPACE',''
  ) );
#4559 = ORIENTED_EDGE('',*,*,#4357,.T.);
#4560 = ADVANCED_FACE('',(#4561),#2904,.T.);
#4561 = FACE_BOUND('',#4562,.F.);
#4562 = EDGE_LOOP('',(#4563,#4564,#4565,#4587));
#4563 = ORIENTED_EDGE('',*,*,#3387,.T.);
#4564 = ORIENTED_EDGE('',*,*,#2890,.T.);
#4565 = ORIENTED_EDGE('',*,*,#4566,.F.);
#4566 = EDGE_CURVE('',#3113,#2561,#4567,.T.);
#4567 = SURFACE_CURVE('',#4568,(#4573,#4580),.PCURVE_S1.);
#4568 = CIRCLE('',#4569,0.2);
#4569 = AXIS2_PLACEMENT_3D('',#4570,#4571,#4572);
#4570 = CARTESIAN_POINT('',(17.8,14.5,17.8));
#4571 = DIRECTION('',(0.,-1.,0.));
#4572 = DIRECTION('',(1.,0.,0.));
#4573 = PCURVE('',#2904,#4574);
#4574 = DEFINITIONAL_REPRESENTATION('',(#4575),#4579);
#4575 = LINE('',#4576,#4577);
#4576 = CARTESIAN_POINT('',(-0.,14.5));
#4577 = VECTOR('',#4578,1.);
#4578 = DIRECTION('',(-1.,0.));
#4579 = ( GEOMETRIC_REPRESENTATION_CONTEXT(2) 
PARAMETRIC_REPRESENTATION_CONTEXT() REPRESENTATION_CONTEXT('2D SPACE',''
  ) );
#4580 = PCURVE('',#3152,#4581);
#4581 = DEFINITIONAL_REPRESENTATION('',(#4582),#4586);
#4582 = LINE('',#4583,#4584);
#4583 = CARTESIAN_POINT('',(0.,4.712388980385));
#4584 = VECTOR('',#4585,1.);
#4585 = DIRECTION('',(0.,1.));
#4586 = ( GEOMETRIC_REPRESENTATION_CONTEXT(2) 
PARAMETRIC_REPRESENTATION_CONTEXT() REPRESENTATION_CONTEXT('2D SPACE',''
  ) );
#4587 = ORIENTED_EDGE('',*,*,#3110,.F.);
#4588 = ADVANCED_FACE('',(#4589),#2656,.T.);
#4589 = FACE_BOUND('',#4590,.F.);
#4590 = EDGE_LOOP('',(#4591,#4592,#4593,#4615));
#4591 = ORIENTED_EDGE('',*,*,#2970,.F.);
#4592 = ORIENTED_EDGE('',*,*,#2635,.T.);
#4593 = ORIENTED_EDGE('',*,*,#4594,.T.);
#4594 = EDGE_CURVE('',#2636,#3424,#4595,.T.);
#4595 = SURFACE_CURVE('',#4596,(#4601,#4608),.PCURVE_S1.);
#4596 = CIRCLE('',#4597,0.2);
#4597 = AXIS2_PLACEMENT_3D('',#4598,#4599,#4600);
#4598 = CARTESIAN_POINT('',(2.,4.2,17.8));
#4599 = DIRECTION('',(1.,6.123233995737E-17,-0.));
#4600 = DIRECTION('',(-6.123233995737E-17,1.,0.));
#4601 = PCURVE('',#2656,#4602);
#4602 = DEFINITIONAL_REPRESENTATION('',(#4603),#4607);
#4603 = LINE('',#4604,#4605);
#4604 = CARTESIAN_POINT('',(-1.570796326795,0.));
#4605 = VECTOR('',#4606,1.);
#4606 = DIRECTION('',(-0.,1.));
#4607 = ( GEOMETRIC_REPRESENTATION_CONTEXT(2) 
PARAMETRIC_REPRESENTATION_CONTEXT() REPRESENTATION_CONTEXT('2D SPACE',''
  ) );
#4608 = PCURVE('',#2684,#4609);
#4609 = DEFINITIONAL_REPRESENTATION('',(#4610),#4614);
#4610 = LINE('',#4611,#4612);
#4611 = CARTESIAN_POINT('',(-1.570796326795,0.));
#4612 = VECTOR('',#4613,1.);
#4613 = DIRECTION('',(1.,0.));
#4614 = ( GEOMETRIC_REPRESENTATION_CONTEXT(2) 
PARAMETRIC_REPRESENTATION_CONTEXT() REPRESENTATION_CONTEXT('2D SPACE',''
  ) );
#4615 = ORIENTED_EDGE('',*,*,#3446,.F.);
#4616 = ADVANCED_FACE('',(#4617),#2856,.T.);
#4617 = FACE_BOUND('',#4618,.F.);
#4618 = EDGE_LOOP('',(#4619,#4641,#4642,#4643));
#4619 = ORIENTED_EDGE('',*,*,#4620,.F.);
#4620 = EDGE_CURVE('',#2808,#3650,#4621,.T.);
#4621 = SURFACE_CURVE('',#4622,(#4627,#4634),.PCURVE_S1.);
#4622 = CIRCLE('',#4623,0.2);
#4623 = AXIS2_PLACEMENT_3D('',#4624,#4625,#4626);
#4624 = CARTESIAN_POINT('',(16.,4.2,17.8));
#4625 = DIRECTION('',(1.,0.,-0.));
#4626 = DIRECTION('',(0.,0.,1.));
#4627 = PCURVE('',#2856,#4628);
#4628 = DEFINITIONAL_REPRESENTATION('',(#4629),#4633);
#4629 = LINE('',#4630,#4631);
#4630 = CARTESIAN_POINT('',(-0.,1.570796326795));
#4631 = VECTOR('',#4632,1.);
#4632 = DIRECTION('',(-0.,1.));
#4633 = ( GEOMETRIC_REPRESENTATION_CONTEXT(2) 
PARAMETRIC_REPRESENTATION_CONTEXT() REPRESENTATION_CONTEXT('2D SPACE',''
  ) );
#4634 = PCURVE('',#2823,#4635);
#4635 = DEFINITIONAL_REPRESENTATION('',(#4636),#4640);
#4636 = LINE('',#4637,#4638);
#4637 = CARTESIAN_POINT('',(0.,5.75));
#4638 = VECTOR('',#4639,1.);
#4639 = DIRECTION('',(1.,0.));
#4640 = ( GEOMETRIC_REPRESENTATION_CONTEXT(2) 
PARAMETRIC_REPRESENTATION_CONTEXT() REPRESENTATION_CONTEXT('2D SPACE',''
  ) );
#4641 = ORIENTED_EDGE('',*,*,#2835,.T.);
#4642 = ORIENTED_EDGE('',*,*,#3520,.T.);
#4643 = ORIENTED_EDGE('',*,*,#3672,.F.);
#4644 = ADVANCED_FACE('',(#4645),#2684,.T.);
#4645 = FACE_BOUND('',#4646,.T.);
#4646 = EDGE_LOOP('',(#4647,#4648,#4649,#4671));
#4647 = ORIENTED_EDGE('',*,*,#4594,.T.);
#4648 = ORIENTED_EDGE('',*,*,#3549,.T.);
#4649 = ORIENTED_EDGE('',*,*,#4650,.F.);
#4650 = EDGE_CURVE('',#2669,#3550,#4651,.T.);
#4651 = SURFACE_CURVE('',#4652,(#4657,#4664),.PCURVE_S1.);
#4652 = CIRCLE('',#4653,0.2);
#4653 = AXIS2_PLACEMENT_3D('',#4654,#4655,#4656);
#4654 = CARTESIAN_POINT('',(7.75,4.2,17.8));
#4655 = DIRECTION('',(1.,0.,-0.));
#4656 = DIRECTION('',(0.,0.,1.));
#4657 = PCURVE('',#2684,#4658);
#4658 = DEFINITIONAL_REPRESENTATION('',(#4659),#4663);
#4659 = LINE('',#4660,#4661);
#4660 = CARTESIAN_POINT('',(0.,5.75));
#4661 = VECTOR('',#4662,1.);
#4662 = DIRECTION('',(1.,0.));
#4663 = ( GEOMETRIC_REPRESENTATION_CONTEXT(2) 
PARAMETRIC_REPRESENTATION_CONTEXT() REPRESENTATION_CONTEXT('2D SPACE',''
  ) );
#4664 = PCURVE('',#2717,#4665);
#4665 = DEFINITIONAL_REPRESENTATION('',(#4666),#4670);
#4666 = LINE('',#4667,#4668);
#4667 = CARTESIAN_POINT('',(-0.,1.570796326795));
#4668 = VECTOR('',#4669,1.);
#4669 = DIRECTION('',(-0.,1.));
#4670 = ( GEOMETRIC_REPRESENTATION_CONTEXT(2) 
PARAMETRIC_REPRESENTATION_CONTEXT() REPRESENTATION_CONTEXT('2D SPACE',''
  ) );
#4671 = ORIENTED_EDGE('',*,*,#2668,.F.);
#4672 = ADVANCED_FACE('',(#4673),#2823,.T.);
#4673 = FACE_BOUND('',#4674,.T.);
#4674 = EDGE_LOOP('',(#4675,#4697,#4698,#4699));
#4675 = ORIENTED_EDGE('',*,*,#4676,.T.);
#4676 = EDGE_CURVE('',#2775,#3725,#4677,.T.);
#4677 = SURFACE_CURVE('',#4678,(#4683,#4690),.PCURVE_S1.);
#4678 = CIRCLE('',#4679,0.2);
#4679 = AXIS2_PLACEMENT_3D('',#4680,#4681,#4682);
#4680 = CARTESIAN_POINT('',(10.25,4.2,17.8));
#4681 = DIRECTION('',(1.,6.123233995737E-17,-0.));
#4682 = DIRECTION('',(-6.123233995737E-17,1.,0.));
#4683 = PCURVE('',#2823,#4684);
#4684 = DEFINITIONAL_REPRESENTATION('',(#4685),#4689);
#4685 = LINE('',#4686,#4687);
#4686 = CARTESIAN_POINT('',(-1.570796326795,0.));
#4687 = VECTOR('',#4688,1.);
#4688 = DIRECTION('',(1.,0.));
#4689 = ( GEOMETRIC_REPRESENTATION_CONTEXT(2) 
PARAMETRIC_REPRESENTATION_CONTEXT() REPRESENTATION_CONTEXT('2D SPACE',''
  ) );
#4690 = PCURVE('',#2795,#4691);
#4691 = DEFINITIONAL_REPRESENTATION('',(#4692),#4696);
#4692 = LINE('',#4693,#4694);
#4693 = CARTESIAN_POINT('',(-1.570796326795,0.));
#4694 = VECTOR('',#4695,1.);
#4695 = DIRECTION('',(-0.,1.));
#4696 = ( GEOMETRIC_REPRESENTATION_CONTEXT(2) 
PARAMETRIC_REPRESENTATION_CONTEXT() REPRESENTATION_CONTEXT('2D SPACE',''
  ) );
#4697 = ORIENTED_EDGE('',*,*,#3747,.T.);
#4698 = ORIENTED_EDGE('',*,*,#4620,.F.);
#4699 = ORIENTED_EDGE('',*,*,#2807,.F.);
#4700 = ADVANCED_FACE('',(#4701),#2717,.T.);
#4701 = FACE_BOUND('',#4702,.F.);
#4702 = EDGE_LOOP('',(#4703,#4704,#4705,#4706));
#4703 = ORIENTED_EDGE('',*,*,#4650,.F.);
#4704 = ORIENTED_EDGE('',*,*,#2696,.T.);
#4705 = ORIENTED_EDGE('',*,*,#3850,.T.);
#4706 = ORIENTED_EDGE('',*,*,#3622,.F.);
#4707 = ADVANCED_FACE('',(#4708),#2795,.T.);
#4708 = FACE_BOUND('',#4709,.F.);
#4709 = EDGE_LOOP('',(#4710,#4711,#4712,#4713));
#4710 = ORIENTED_EDGE('',*,*,#3824,.F.);
#4711 = ORIENTED_EDGE('',*,*,#2774,.T.);
#4712 = ORIENTED_EDGE('',*,*,#4676,.T.);
#4713 = ORIENTED_EDGE('',*,*,#3881,.F.);
#4714 = ADVANCED_FACE('',(#4715),#3013,.T.);
#4715 = FACE_BOUND('',#4716,.F.);
#4716 = EDGE_LOOP('',(#4717,#4739,#4740,#4741));
#4717 = ORIENTED_EDGE('',*,*,#4718,.T.);
#4718 = EDGE_CURVE('',#3306,#3057,#4719,.T.);
#4719 = SURFACE_CURVE('',#4720,(#4725,#4732),.PCURVE_S1.);
#4720 = CIRCLE('',#4721,0.2);
#4721 = AXIS2_PLACEMENT_3D('',#4722,#4723,#4724);
#4722 = CARTESIAN_POINT('',(17.8,14.7,3.));
#4723 = DIRECTION('',(0.,-6.123233995737E-17,-1.));
#4724 = DIRECTION('',(0.,1.,-6.123233995737E-17));
#4725 = PCURVE('',#3013,#4726);
#4726 = DEFINITIONAL_REPRESENTATION('',(#4727),#4731);
#4727 = LINE('',#4728,#4729);
#4728 = CARTESIAN_POINT('',(1.570796326795,-0.));
#4729 = VECTOR('',#4730,1.);
#4730 = DIRECTION('',(-1.,0.));
#4731 = ( GEOMETRIC_REPRESENTATION_CONTEXT(2) 
PARAMETRIC_REPRESENTATION_CONTEXT() REPRESENTATION_CONTEXT('2D SPACE',''
  ) );
#4732 = PCURVE('',#3326,#4733);
#4733 = DEFINITIONAL_REPRESENTATION('',(#4734),#4738);
#4734 = LINE('',#4735,#4736);
#4735 = CARTESIAN_POINT('',(1.570796326795,0.));
#4736 = VECTOR('',#4737,1.);
#4737 = DIRECTION('',(0.,1.));
#4738 = ( GEOMETRIC_REPRESENTATION_CONTEXT(2) 
PARAMETRIC_REPRESENTATION_CONTEXT() REPRESENTATION_CONTEXT('2D SPACE',''
  ) );
#4739 = ORIENTED_EDGE('',*,*,#3086,.T.);
#4740 = ORIENTED_EDGE('',*,*,#2996,.F.);
#4741 = ORIENTED_EDGE('',*,*,#3338,.F.);
#4742 = ADVANCED_FACE('',(#4743),#3072,.F.);
#4743 = FACE_BOUND('',#4744,.F.);
#4744 = EDGE_LOOP('',(#4745,#4746,#4770,#4791));
#4745 = ORIENTED_EDGE('',*,*,#3056,.F.);
#4746 = ORIENTED_EDGE('',*,*,#4747,.F.);
#4747 = EDGE_CURVE('',#4748,#3057,#4750,.T.);
#4748 = VERTEX_POINT('',#4749);
#4749 = CARTESIAN_POINT('',(17.8,13.,1.5));
#4750 = SURFACE_CURVE('',#4751,(#4756,#4763),.PCURVE_S1.);
#4751 = CIRCLE('',#4752,1.5);
#4752 = AXIS2_PLACEMENT_3D('',#4753,#4754,#4755);
#4753 = CARTESIAN_POINT('',(17.8,13.,3.));
#4754 = DIRECTION('',(1.,-0.,0.));
#4755 = DIRECTION('',(0.,0.,-1.));
#4756 = PCURVE('',#3072,#4757);
#4757 = DEFINITIONAL_REPRESENTATION('',(#4758),#4762);
#4758 = LINE('',#4759,#4760);
#4759 = CARTESIAN_POINT('',(1.570796326795,0.2));
#4760 = VECTOR('',#4761,1.);
#4761 = DIRECTION('',(-1.,-0.));
#4762 = ( GEOMETRIC_REPRESENTATION_CONTEXT(2) 
PARAMETRIC_REPRESENTATION_CONTEXT() REPRESENTATION_CONTEXT('2D SPACE',''
  ) );
#4763 = PCURVE('',#3326,#4764);
#4764 = DEFINITIONAL_REPRESENTATION('',(#4765),#4769);
#4765 = LINE('',#4766,#4767);
#4766 = CARTESIAN_POINT('',(0.,3.14159265359));
#4767 = VECTOR('',#4768,1.);
#4768 = DIRECTION('',(1.,0.));
#4769 = ( GEOMETRIC_REPRESENTATION_CONTEXT(2) 
PARAMETRIC_REPRESENTATION_CONTEXT() REPRESENTATION_CONTEXT('2D SPACE',''
  ) );
#4770 = ORIENTED_EDGE('',*,*,#4771,.T.);
#4771 = EDGE_CURVE('',#4748,#4446,#4772,.T.);
#4772 = SURFACE_CURVE('',#4773,(#4777,#4784),.PCURVE_S1.);
#4773 = LINE('',#4774,#4775);
#4774 = CARTESIAN_POINT('',(18.,13.,1.5));
#4775 = VECTOR('',#4776,1.);
#4776 = DIRECTION('',(-1.,-0.,-0.));
#4777 = PCURVE('',#3072,#4778);
#4778 = DEFINITIONAL_REPRESENTATION('',(#4779),#4783);
#4779 = LINE('',#4780,#4781);
#4780 = CARTESIAN_POINT('',(1.570796326795,0.));
#4781 = VECTOR('',#4782,1.);
#4782 = DIRECTION('',(0.,1.));
#4783 = ( GEOMETRIC_REPRESENTATION_CONTEXT(2) 
PARAMETRIC_REPRESENTATION_CONTEXT() REPRESENTATION_CONTEXT('2D SPACE',''
  ) );
#4784 = PCURVE('',#3981,#4785);
#4785 = DEFINITIONAL_REPRESENTATION('',(#4786),#4790);
#4786 = LINE('',#4787,#4788);
#4787 = CARTESIAN_POINT('',(13.,0.));
#4788 = VECTOR('',#4789,1.);
#4789 = DIRECTION('',(0.,-1.));
#4790 = ( GEOMETRIC_REPRESENTATION_CONTEXT(2) 
PARAMETRIC_REPRESENTATION_CONTEXT() REPRESENTATION_CONTEXT('2D SPACE',''
  ) );
#4791 = ORIENTED_EDGE('',*,*,#4445,.F.);
#4792 = ADVANCED_FACE('',(#4793),#3152,.T.);
#4793 = FACE_BOUND('',#4794,.T.);
#4794 = EDGE_LOOP('',(#4795,#4796,#4797,#4819));
#4795 = ORIENTED_EDGE('',*,*,#4566,.F.);
#4796 = ORIENTED_EDGE('',*,*,#3135,.T.);
#4797 = ORIENTED_EDGE('',*,*,#4798,.T.);
#4798 = EDGE_CURVE('',#3136,#4516,#4799,.T.);
#4799 = SURFACE_CURVE('',#4800,(#4805,#4812),.PCURVE_S1.);
#4800 = CIRCLE('',#4801,0.2);
#4801 = AXIS2_PLACEMENT_3D('',#4802,#4803,#4804);
#4802 = CARTESIAN_POINT('',(17.8,15.8,16.5));
#4803 = DIRECTION('',(0.,-6.123233995737E-17,1.));
#4804 = DIRECTION('',(0.,1.,6.123233995737E-17));
#4805 = PCURVE('',#3152,#4806);
#4806 = DEFINITIONAL_REPRESENTATION('',(#4807),#4811);
#4807 = LINE('',#4808,#4809);
#4808 = CARTESIAN_POINT('',(1.570796326795,0.));
#4809 = VECTOR('',#4810,1.);
#4810 = DIRECTION('',(0.,1.));
#4811 = ( GEOMETRIC_REPRESENTATION_CONTEXT(2) 
PARAMETRIC_REPRESENTATION_CONTEXT() REPRESENTATION_CONTEXT('2D SPACE',''
  ) );
#4812 = PCURVE('',#3180,#4813);
#4813 = DEFINITIONAL_REPRESENTATION('',(#4814),#4818);
#4814 = LINE('',#4815,#4816);
#4815 = CARTESIAN_POINT('',(4.712388980385,-0.));
#4816 = VECTOR('',#4817,1.);
#4817 = DIRECTION('',(-1.,0.));
#4818 = ( GEOMETRIC_REPRESENTATION_CONTEXT(2) 
PARAMETRIC_REPRESENTATION_CONTEXT() REPRESENTATION_CONTEXT('2D SPACE',''
  ) );
#4819 = ORIENTED_EDGE('',*,*,#4515,.F.);
#4820 = ADVANCED_FACE('',(#4821),#3180,.T.);
#4821 = FACE_BOUND('',#4822,.F.);
#4822 = EDGE_LOOP('',(#4823,#4824,#4847,#4869));
#4823 = ORIENTED_EDGE('',*,*,#4798,.T.);
#4824 = ORIENTED_EDGE('',*,*,#4825,.T.);
#4825 = EDGE_CURVE('',#4516,#4826,#4828,.T.);
#4826 = VERTEX_POINT('',#4827);
#4827 = CARTESIAN_POINT('',(17.8,16.,1.5));
#4828 = SURFACE_CURVE('',#4829,(#4833,#4840),.PCURVE_S1.);
#4829 = LINE('',#4830,#4831);
#4830 = CARTESIAN_POINT('',(17.8,16.,16.5));
#4831 = VECTOR('',#4832,1.);
#4832 = DIRECTION('',(-0.,-0.,-1.));
#4833 = PCURVE('',#3180,#4834);
#4834 = DEFINITIONAL_REPRESENTATION('',(#4835),#4839);
#4835 = LINE('',#4836,#4837);
#4836 = CARTESIAN_POINT('',(-1.570796326795,0.));
#4837 = VECTOR('',#4838,1.);
#4838 = DIRECTION('',(-0.,1.));
#4839 = ( GEOMETRIC_REPRESENTATION_CONTEXT(2) 
PARAMETRIC_REPRESENTATION_CONTEXT() REPRESENTATION_CONTEXT('2D SPACE',''
  ) );
#4840 = PCURVE('',#4288,#4841);
#4841 = DEFINITIONAL_REPRESENTATION('',(#4842),#4846);
#4842 = LINE('',#4843,#4844);
#4843 = CARTESIAN_POINT('',(7.5,8.8));
#4844 = VECTOR('',#4845,1.);
#4845 = DIRECTION('',(-1.,0.));
#4846 = ( GEOMETRIC_REPRESENTATION_CONTEXT(2) 
PARAMETRIC_REPRESENTATION_CONTEXT() REPRESENTATION_CONTEXT('2D SPACE',''
  ) );
#4847 = ORIENTED_EDGE('',*,*,#4848,.F.);
#4848 = EDGE_CURVE('',#3165,#4826,#4849,.T.);
#4849 = SURFACE_CURVE('',#4850,(#4855,#4862),.PCURVE_S1.);
#4850 = CIRCLE('',#4851,0.2);
#4851 = AXIS2_PLACEMENT_3D('',#4852,#4853,#4854);
#4852 = CARTESIAN_POINT('',(17.8,15.8,1.5));
#4853 = DIRECTION('',(0.,0.,1.));
#4854 = DIRECTION('',(1.,0.,0.));
#4855 = PCURVE('',#3180,#4856);
#4856 = DEFINITIONAL_REPRESENTATION('',(#4857),#4861);
#4857 = LINE('',#4858,#4859);
#4858 = CARTESIAN_POINT('',(-0.,15.));
#4859 = VECTOR('',#4860,1.);
#4860 = DIRECTION('',(-1.,0.));
#4861 = ( GEOMETRIC_REPRESENTATION_CONTEXT(2) 
PARAMETRIC_REPRESENTATION_CONTEXT() REPRESENTATION_CONTEXT('2D SPACE',''
  ) );
#4862 = PCURVE('',#3209,#4863);
#4863 = DEFINITIONAL_REPRESENTATION('',(#4864),#4868);
#4864 = LINE('',#4865,#4866);
#4865 = CARTESIAN_POINT('',(0.,4.712388980385));
#4866 = VECTOR('',#4867,1.);
#4867 = DIRECTION('',(0.,1.));
#4868 = ( GEOMETRIC_REPRESENTATION_CONTEXT(2) 
PARAMETRIC_REPRESENTATION_CONTEXT() REPRESENTATION_CONTEXT('2D SPACE',''
  ) );
#4869 = ORIENTED_EDGE('',*,*,#3164,.F.);
#4870 = ADVANCED_FACE('',(#4871),#3209,.T.);
#4871 = FACE_BOUND('',#4872,.T.);
#4872 = EDGE_LOOP('',(#4873,#4874,#4875,#4899));
#4873 = ORIENTED_EDGE('',*,*,#4848,.F.);
#4874 = ORIENTED_EDGE('',*,*,#3192,.T.);
#4875 = ORIENTED_EDGE('',*,*,#4876,.T.);
#4876 = EDGE_CURVE('',#3193,#4877,#4879,.T.);
#4877 = VERTEX_POINT('',#4878);
#4878 = CARTESIAN_POINT('',(17.8,14.5,-2.22044604925E-16));
#4879 = SURFACE_CURVE('',#4880,(#4885,#4892),.PCURVE_S1.);
#4880 = CIRCLE('',#4881,0.2);
#4881 = AXIS2_PLACEMENT_3D('',#4882,#4883,#4884);
#4882 = CARTESIAN_POINT('',(17.8,14.5,0.2));
#4883 = DIRECTION('',(0.,1.,6.123233995737E-17));
#4884 = DIRECTION('',(0.,6.123233995737E-17,-1.));
#4885 = PCURVE('',#3209,#4886);
#4886 = DEFINITIONAL_REPRESENTATION('',(#4887),#4891);
#4887 = LINE('',#4888,#4889);
#4888 = CARTESIAN_POINT('',(1.570796326795,0.));
#4889 = VECTOR('',#4890,1.);
#4890 = DIRECTION('',(0.,1.));
#4891 = ( GEOMETRIC_REPRESENTATION_CONTEXT(2) 
PARAMETRIC_REPRESENTATION_CONTEXT() REPRESENTATION_CONTEXT('2D SPACE',''
  ) );
#4892 = PCURVE('',#3237,#4893);
#4893 = DEFINITIONAL_REPRESENTATION('',(#4894),#4898);
#4894 = LINE('',#4895,#4896);
#4895 = CARTESIAN_POINT('',(4.712388980385,-0.));
#4896 = VECTOR('',#4897,1.);
#4897 = DIRECTION('',(-1.,0.));
#4898 = ( GEOMETRIC_REPRESENTATION_CONTEXT(2) 
PARAMETRIC_REPRESENTATION_CONTEXT() REPRESENTATION_CONTEXT('2D SPACE',''
  ) );
#4899 = ORIENTED_EDGE('',*,*,#4900,.F.);
#4900 = EDGE_CURVE('',#4826,#4877,#4901,.T.);
#4901 = SURFACE_CURVE('',#4902,(#4907,#4914),.PCURVE_S1.);
#4902 = CIRCLE('',#4903,1.5);
#4903 = AXIS2_PLACEMENT_3D('',#4904,#4905,#4906);
#4904 = CARTESIAN_POINT('',(17.8,14.5,1.5));
#4905 = DIRECTION('',(-1.,0.,0.));
#4906 = DIRECTION('',(0.,1.,0.));
#4907 = PCURVE('',#3209,#4908);
#4908 = DEFINITIONAL_REPRESENTATION('',(#4909),#4913);
#4909 = LINE('',#4910,#4911);
#4910 = CARTESIAN_POINT('',(0.,6.28318530718));
#4911 = VECTOR('',#4912,1.);
#4912 = DIRECTION('',(1.,0.));
#4913 = ( GEOMETRIC_REPRESENTATION_CONTEXT(2) 
PARAMETRIC_REPRESENTATION_CONTEXT() REPRESENTATION_CONTEXT('2D SPACE',''
  ) );
#4914 = PCURVE('',#4208,#4915);
#4915 = DEFINITIONAL_REPRESENTATION('',(#4916),#4920);
#4916 = LINE('',#4917,#4918);
#4917 = CARTESIAN_POINT('',(0.,0.2));
#4918 = VECTOR('',#4919,1.);
#4919 = DIRECTION('',(1.,0.));
#4920 = ( GEOMETRIC_REPRESENTATION_CONTEXT(2) 
PARAMETRIC_REPRESENTATION_CONTEXT() REPRESENTATION_CONTEXT('2D SPACE',''
  ) );
#4921 = ADVANCED_FACE('',(#4922),#3237,.T.);
#4922 = FACE_BOUND('',#4923,.F.);
#4923 = EDGE_LOOP('',(#4924,#4925,#4948,#4978));
#4924 = ORIENTED_EDGE('',*,*,#4876,.T.);
#4925 = ORIENTED_EDGE('',*,*,#4926,.T.);
#4926 = EDGE_CURVE('',#4877,#4927,#4929,.T.);
#4927 = VERTEX_POINT('',#4928);
#4928 = CARTESIAN_POINT('',(17.8,0.,-2.775557561563E-17));
#4929 = SURFACE_CURVE('',#4930,(#4934,#4941),.PCURVE_S1.);
#4930 = LINE('',#4931,#4932);
#4931 = CARTESIAN_POINT('',(17.8,14.5,-2.775557561563E-17));
#4932 = VECTOR('',#4933,1.);
#4933 = DIRECTION('',(-0.,-1.,-0.));
#4934 = PCURVE('',#3237,#4935);
#4935 = DEFINITIONAL_REPRESENTATION('',(#4936),#4940);
#4936 = LINE('',#4937,#4938);
#4937 = CARTESIAN_POINT('',(-1.570796326795,0.));
#4938 = VECTOR('',#4939,1.);
#4939 = DIRECTION('',(-0.,1.));
#4940 = ( GEOMETRIC_REPRESENTATION_CONTEXT(2) 
PARAMETRIC_REPRESENTATION_CONTEXT() REPRESENTATION_CONTEXT('2D SPACE',''
  ) );
#4941 = PCURVE('',#4066,#4942);
#4942 = DEFINITIONAL_REPRESENTATION('',(#4943),#4947);
#4943 = LINE('',#4944,#4945);
#4944 = CARTESIAN_POINT('',(8.8,7.));
#4945 = VECTOR('',#4946,1.);
#4946 = DIRECTION('',(0.,-1.));
#4947 = ( GEOMETRIC_REPRESENTATION_CONTEXT(2) 
PARAMETRIC_REPRESENTATION_CONTEXT() REPRESENTATION_CONTEXT('2D SPACE',''
  ) );
#4948 = ORIENTED_EDGE('',*,*,#4949,.F.);
#4949 = EDGE_CURVE('',#3222,#4927,#4950,.T.);
#4950 = SURFACE_CURVE('',#4951,(#4956,#4967),.PCURVE_S1.);
#4951 = ELLIPSE('',#4952,0.282842712475,0.2);
#4952 = AXIS2_PLACEMENT_3D('',#4953,#4954,#4955);
#4953 = CARTESIAN_POINT('',(17.8,0.2,0.2));
#4954 = DIRECTION('',(0.,0.707106781187,-0.707106781187));
#4955 = DIRECTION('',(0.,-0.707106781187,-0.707106781187));
#4956 = PCURVE('',#3237,#4957);
#4957 = DEFINITIONAL_REPRESENTATION('',(#4958),#4966);
#4958 = B_SPLINE_CURVE_WITH_KNOTS('',6,(#4959,#4960,#4961,#4962,#4963,
    #4964,#4965),.UNSPECIFIED.,.F.,.F.,(7,7),(4.712388980385,
    6.28318530718),.PIECEWISE_BEZIER_KNOTS.);
#4959 = CARTESIAN_POINT('',(3.330669073878E-16,14.3));
#4960 = CARTESIAN_POINT('',(-0.261799387799,14.35235987756));
#4961 = CARTESIAN_POINT('',(-0.523597760809,14.404715816938));
#4962 = CARTESIAN_POINT('',(-0.785397946622,14.450637468767));
#4963 = CARTESIAN_POINT('',(-1.047198797764,14.48355452356));
#4964 = CARTESIAN_POINT('',(-1.308996938996,14.5));
#4965 = CARTESIAN_POINT('',(-1.570796326795,14.5));
#4966 = ( GEOMETRIC_REPRESENTATION_CONTEXT(2) 
PARAMETRIC_REPRESENTATION_CONTEXT() REPRESENTATION_CONTEXT('2D SPACE',''
  ) );
#4967 = PCURVE('',#3265,#4968);
#4968 = DEFINITIONAL_REPRESENTATION('',(#4969),#4977);
#4969 = B_SPLINE_CURVE_WITH_KNOTS('',6,(#4970,#4971,#4972,#4973,#4974,
    #4975,#4976),.UNSPECIFIED.,.F.,.F.,(7,7),(4.712388980385,
    6.28318530718),.PIECEWISE_BEZIER_KNOTS.);
#4970 = CARTESIAN_POINT('',(-3.10862446895E-15,0.2));
#4971 = CARTESIAN_POINT('',(-0.261799387799,0.14764012244));
#4972 = CARTESIAN_POINT('',(-0.523597760808,9.528418306218E-02));
#4973 = CARTESIAN_POINT('',(-0.785397946622,4.936253123299E-02));
#4974 = CARTESIAN_POINT('',(-1.047198797763,1.644547644032E-02));
#4975 = CARTESIAN_POINT('',(-1.308996938996,-2.463307335887E-16));
#4976 = CARTESIAN_POINT('',(-1.570796326795,-3.469446951954E-17));
#4977 = ( GEOMETRIC_REPRESENTATION_CONTEXT(2) 
PARAMETRIC_REPRESENTATION_CONTEXT() REPRESENTATION_CONTEXT('2D SPACE',''
  ) );
#4978 = ORIENTED_EDGE('',*,*,#3221,.F.);
#4979 = ADVANCED_FACE('',(#4980),#3326,.T.);
#4980 = FACE_BOUND('',#4981,.T.);
#4981 = EDGE_LOOP('',(#4982,#5004,#5005,#5006));
#4982 = ORIENTED_EDGE('',*,*,#4983,.F.);
#4983 = EDGE_CURVE('',#3278,#4748,#4984,.T.);
#4984 = SURFACE_CURVE('',#4985,(#4990,#4997),.PCURVE_S1.);
#4985 = CIRCLE('',#4986,0.2);
#4986 = AXIS2_PLACEMENT_3D('',#4987,#4988,#4989);
#4987 = CARTESIAN_POINT('',(17.8,13.,1.3));
#4988 = DIRECTION('',(0.,-1.,0.));
#4989 = DIRECTION('',(1.,0.,0.));
#4990 = PCURVE('',#3326,#4991);
#4991 = DEFINITIONAL_REPRESENTATION('',(#4992),#4996);
#4992 = LINE('',#4993,#4994);
#4993 = CARTESIAN_POINT('',(0.,1.570796326795));
#4994 = VECTOR('',#4995,1.);
#4995 = DIRECTION('',(0.,1.));
#4996 = ( GEOMETRIC_REPRESENTATION_CONTEXT(2) 
PARAMETRIC_REPRESENTATION_CONTEXT() REPRESENTATION_CONTEXT('2D SPACE',''
  ) );
#4997 = PCURVE('',#3293,#4998);
#4998 = DEFINITIONAL_REPRESENTATION('',(#4999),#5003);
#4999 = LINE('',#5000,#5001);
#5000 = CARTESIAN_POINT('',(-0.,13.));
#5001 = VECTOR('',#5002,1.);
#5002 = DIRECTION('',(-1.,0.));
#5003 = ( GEOMETRIC_REPRESENTATION_CONTEXT(2) 
PARAMETRIC_REPRESENTATION_CONTEXT() REPRESENTATION_CONTEXT('2D SPACE',''
  ) );
#5004 = ORIENTED_EDGE('',*,*,#3305,.T.);
#5005 = ORIENTED_EDGE('',*,*,#4718,.T.);
#5006 = ORIENTED_EDGE('',*,*,#4747,.F.);
#5007 = ADVANCED_FACE('',(#5008),#3265,.T.);
#5008 = FACE_BOUND('',#5009,.F.);
#5009 = EDGE_LOOP('',(#5010,#5011,#5039,#5069));
#5010 = ORIENTED_EDGE('',*,*,#4949,.T.);
#5011 = ORIENTED_EDGE('',*,*,#5012,.T.);
#5012 = EDGE_CURVE('',#4927,#5013,#5015,.T.);
#5013 = VERTEX_POINT('',#5014);
#5014 = CARTESIAN_POINT('',(17.8,0.,1.5));
#5015 = SURFACE_CURVE('',#5016,(#5020,#5027),.PCURVE_S1.);
#5016 = LINE('',#5017,#5018);
#5017 = CARTESIAN_POINT('',(17.8,-2.775557561563E-17,0.));
#5018 = VECTOR('',#5019,1.);
#5019 = DIRECTION('',(0.,0.,1.));
#5020 = PCURVE('',#3265,#5021);
#5021 = DEFINITIONAL_REPRESENTATION('',(#5022),#5026);
#5022 = LINE('',#5023,#5024);
#5023 = CARTESIAN_POINT('',(-1.570796326795,0.));
#5024 = VECTOR('',#5025,1.);
#5025 = DIRECTION('',(-0.,1.));
#5026 = ( GEOMETRIC_REPRESENTATION_CONTEXT(2) 
PARAMETRIC_REPRESENTATION_CONTEXT() REPRESENTATION_CONTEXT('2D SPACE',''
  ) );
#5027 = PCURVE('',#5028,#5033);
#5028 = PLANE('',#5029);
#5029 = AXIS2_PLACEMENT_3D('',#5030,#5031,#5032);
#5030 = CARTESIAN_POINT('',(18.,0.,0.));
#5031 = DIRECTION('',(0.,-1.,0.));
#5032 = DIRECTION('',(-1.,0.,0.));
#5033 = DEFINITIONAL_REPRESENTATION('',(#5034),#5038);
#5034 = LINE('',#5035,#5036);
#5035 = CARTESIAN_POINT('',(0.2,0.));
#5036 = VECTOR('',#5037,1.);
#5037 = DIRECTION('',(0.,-1.));
#5038 = ( GEOMETRIC_REPRESENTATION_CONTEXT(2) 
PARAMETRIC_REPRESENTATION_CONTEXT() REPRESENTATION_CONTEXT('2D SPACE',''
  ) );
#5039 = ORIENTED_EDGE('',*,*,#5040,.F.);
#5040 = EDGE_CURVE('',#3250,#5013,#5041,.T.);
#5041 = SURFACE_CURVE('',#5042,(#5047,#5058),.PCURVE_S1.);
#5042 = ELLIPSE('',#5043,0.282842712475,0.2);
#5043 = AXIS2_PLACEMENT_3D('',#5044,#5045,#5046);
#5044 = CARTESIAN_POINT('',(17.8,0.2,1.3));
#5045 = DIRECTION('',(0.,-0.707106781187,-0.707106781187));
#5046 = DIRECTION('',(0.,0.707106781187,-0.707106781187));
#5047 = PCURVE('',#3265,#5048);
#5048 = DEFINITIONAL_REPRESENTATION('',(#5049),#5057);
#5049 = B_SPLINE_CURVE_WITH_KNOTS('',6,(#5050,#5051,#5052,#5053,#5054,
    #5055,#5056),.UNSPECIFIED.,.F.,.F.,(7,7),(1.570796326795,
    3.14159265359),.PIECEWISE_BEZIER_KNOTS.);
#5050 = CARTESIAN_POINT('',(-4.440892098501E-16,1.3));
#5051 = CARTESIAN_POINT('',(-0.261799387799,1.35235987756));
#5052 = CARTESIAN_POINT('',(-0.523597760808,1.404715816938));
#5053 = CARTESIAN_POINT('',(-0.785397946622,1.450637468767));
#5054 = CARTESIAN_POINT('',(-1.047198797763,1.48355452356));
#5055 = CARTESIAN_POINT('',(-1.308996938996,1.5));
#5056 = CARTESIAN_POINT('',(-1.570796326795,1.5));
#5057 = ( GEOMETRIC_REPRESENTATION_CONTEXT(2) 
PARAMETRIC_REPRESENTATION_CONTEXT() REPRESENTATION_CONTEXT('2D SPACE',''
  ) );
#5058 = PCURVE('',#3293,#5059);
#5059 = DEFINITIONAL_REPRESENTATION('',(#5060),#5068);
#5060 = B_SPLINE_CURVE_WITH_KNOTS('',6,(#5061,#5062,#5063,#5064,#5065,
    #5066,#5067),.UNSPECIFIED.,.F.,.F.,(7,7),(1.570796326795,
    3.14159265359),.PIECEWISE_BEZIER_KNOTS.);
#5061 = CARTESIAN_POINT('',(-1.110223024625E-16,0.2));
#5062 = CARTESIAN_POINT('',(-0.261799387799,0.14764012244));
#5063 = CARTESIAN_POINT('',(-0.523597760808,9.528418306218E-02));
#5064 = CARTESIAN_POINT('',(-0.785397946622,4.936253123298E-02));
#5065 = CARTESIAN_POINT('',(-1.047198797763,1.644547644032E-02));
#5066 = CARTESIAN_POINT('',(-1.308996938996,-5.342948306009E-17));
#5067 = CARTESIAN_POINT('',(-1.570796326795,-2.775557561563E-17));
#5068 = ( GEOMETRIC_REPRESENTATION_CONTEXT(2) 
PARAMETRIC_REPRESENTATION_CONTEXT() REPRESENTATION_CONTEXT('2D SPACE',''
  ) );
#5069 = ORIENTED_EDGE('',*,*,#3249,.F.);
#5070 = ADVANCED_FACE('',(#5071),#3293,.T.);
#5071 = FACE_BOUND('',#5072,.F.);
#5072 = EDGE_LOOP('',(#5073,#5074,#5095,#5096));
#5073 = ORIENTED_EDGE('',*,*,#5040,.T.);
#5074 = ORIENTED_EDGE('',*,*,#5075,.T.);
#5075 = EDGE_CURVE('',#5013,#4748,#5076,.T.);
#5076 = SURFACE_CURVE('',#5077,(#5081,#5088),.PCURVE_S1.);
#5077 = LINE('',#5078,#5079);
#5078 = CARTESIAN_POINT('',(17.8,0.,1.5));
#5079 = VECTOR('',#5080,1.);
#5080 = DIRECTION('',(0.,1.,0.));
#5081 = PCURVE('',#3293,#5082);
#5082 = DEFINITIONAL_REPRESENTATION('',(#5083),#5087);
#5083 = LINE('',#5084,#5085);
#5084 = CARTESIAN_POINT('',(-1.570796326795,0.));
#5085 = VECTOR('',#5086,1.);
#5086 = DIRECTION('',(-0.,1.));
#5087 = ( GEOMETRIC_REPRESENTATION_CONTEXT(2) 
PARAMETRIC_REPRESENTATION_CONTEXT() REPRESENTATION_CONTEXT('2D SPACE',''
  ) );
#5088 = PCURVE('',#3981,#5089);
#5089 = DEFINITIONAL_REPRESENTATION('',(#5090),#5094);
#5090 = LINE('',#5091,#5092);
#5091 = CARTESIAN_POINT('',(0.,-0.2));
#5092 = VECTOR('',#5093,1.);
#5093 = DIRECTION('',(1.,0.));
#5094 = ( GEOMETRIC_REPRESENTATION_CONTEXT(2) 
PARAMETRIC_REPRESENTATION_CONTEXT() REPRESENTATION_CONTEXT('2D SPACE',''
  ) );
#5095 = ORIENTED_EDGE('',*,*,#4983,.F.);
#5096 = ORIENTED_EDGE('',*,*,#3277,.F.);
#5097 = ADVANCED_FACE('',(#5098),#3981,.F.);
#5098 = FACE_BOUND('',#5099,.F.);
#5099 = EDGE_LOOP('',(#5100,#5101,#5102,#5103,#5104,#5127,#5155,#5188,
    #5216,#5249,#5277,#5305,#5333,#5366,#5394,#5427,#5455,#5476));
#5100 = ORIENTED_EDGE('',*,*,#3965,.F.);
#5101 = ORIENTED_EDGE('',*,*,#4478,.F.);
#5102 = ORIENTED_EDGE('',*,*,#4771,.F.);
#5103 = ORIENTED_EDGE('',*,*,#5075,.F.);
#5104 = ORIENTED_EDGE('',*,*,#5105,.T.);
#5105 = EDGE_CURVE('',#5013,#5106,#5108,.T.);
#5106 = VERTEX_POINT('',#5107);
#5107 = CARTESIAN_POINT('',(16.7,0.,1.5));
#5108 = SURFACE_CURVE('',#5109,(#5113,#5120),.PCURVE_S1.);
#5109 = LINE('',#5110,#5111);
#5110 = CARTESIAN_POINT('',(18.,0.,1.5));
#5111 = VECTOR('',#5112,1.);
#5112 = DIRECTION('',(-1.,-0.,-0.));
#5113 = PCURVE('',#3981,#5114);
#5114 = DEFINITIONAL_REPRESENTATION('',(#5115),#5119);
#5115 = LINE('',#5116,#5117);
#5116 = CARTESIAN_POINT('',(0.,0.));
#5117 = VECTOR('',#5118,1.);
#5118 = DIRECTION('',(0.,-1.));
#5119 = ( GEOMETRIC_REPRESENTATION_CONTEXT(2) 
PARAMETRIC_REPRESENTATION_CONTEXT() REPRESENTATION_CONTEXT('2D SPACE',''
  ) );
#5120 = PCURVE('',#5028,#5121);
#5121 = DEFINITIONAL_REPRESENTATION('',(#5122),#5126);
#5122 = LINE('',#5123,#5124);
#5123 = CARTESIAN_POINT('',(0.,-1.5));
#5124 = VECTOR('',#5125,1.);
#5125 = DIRECTION('',(1.,0.));
#5126 = ( GEOMETRIC_REPRESENTATION_CONTEXT(2) 
PARAMETRIC_REPRESENTATION_CONTEXT() REPRESENTATION_CONTEXT('2D SPACE',''
  ) );
#5127 = ORIENTED_EDGE('',*,*,#5128,.T.);
#5128 = EDGE_CURVE('',#5106,#5129,#5131,.T.);
#5129 = VERTEX_POINT('',#5130);
#5130 = CARTESIAN_POINT('',(16.7,3.5,1.5));
#5131 = SURFACE_CURVE('',#5132,(#5136,#5143),.PCURVE_S1.);
#5132 = LINE('',#5133,#5134);
#5133 = CARTESIAN_POINT('',(16.7,0.,1.5));
#5134 = VECTOR('',#5135,1.);
#5135 = DIRECTION('',(0.,1.,0.));
#5136 = PCURVE('',#3981,#5137);
#5137 = DEFINITIONAL_REPRESENTATION('',(#5138),#5142);
#5138 = LINE('',#5139,#5140);
#5139 = CARTESIAN_POINT('',(0.,-1.3));
#5140 = VECTOR('',#5141,1.);
#5141 = DIRECTION('',(1.,0.));
#5142 = ( GEOMETRIC_REPRESENTATION_CONTEXT(2) 
PARAMETRIC_REPRESENTATION_CONTEXT() REPRESENTATION_CONTEXT('2D SPACE',''
  ) );
#5143 = PCURVE('',#5144,#5149);
#5144 = CYLINDRICAL_SURFACE('',#5145,0.2);
#5145 = AXIS2_PLACEMENT_3D('',#5146,#5147,#5148);
#5146 = CARTESIAN_POINT('',(16.7,0.,1.3));
#5147 = DIRECTION('',(0.,1.,0.));
#5148 = DIRECTION('',(0.,0.,1.));
#5149 = DEFINITIONAL_REPRESENTATION('',(#5150),#5154);
#5150 = LINE('',#5151,#5152);
#5151 = CARTESIAN_POINT('',(-0.,0.));
#5152 = VECTOR('',#5153,1.);
#5153 = DIRECTION('',(-0.,1.));
#5154 = ( GEOMETRIC_REPRESENTATION_CONTEXT(2) 
PARAMETRIC_REPRESENTATION_CONTEXT() REPRESENTATION_CONTEXT('2D SPACE',''
  ) );
#5155 = ORIENTED_EDGE('',*,*,#5156,.T.);
#5156 = EDGE_CURVE('',#5129,#5157,#5159,.T.);
#5157 = VERTEX_POINT('',#5158);
#5158 = CARTESIAN_POINT('',(16.,4.2,1.5));
#5159 = SURFACE_CURVE('',#5160,(#5165,#5176),.PCURVE_S1.);
#5160 = CIRCLE('',#5161,0.7);
#5161 = AXIS2_PLACEMENT_3D('',#5162,#5163,#5164);
#5162 = CARTESIAN_POINT('',(16.,3.5,1.5));
#5163 = DIRECTION('',(0.,0.,1.));
#5164 = DIRECTION('',(1.,0.,0.));
#5165 = PCURVE('',#3981,#5166);
#5166 = DEFINITIONAL_REPRESENTATION('',(#5167),#5175);
#5167 = ( BOUNDED_CURVE() B_SPLINE_CURVE(2,(#5168,#5169,#5170,#5171,
#5172,#5173,#5174),.UNSPECIFIED.,.T.,.F.) B_SPLINE_CURVE_WITH_KNOTS((1,2
    ,2,2,2,1),(-2.094395102393,0.,2.094395102393,4.188790204786,
6.28318530718,8.377580409573),.UNSPECIFIED.) CURVE() 
GEOMETRIC_REPRESENTATION_ITEM() RATIONAL_B_SPLINE_CURVE((1.,0.5,1.,0.5,
1.,0.5,1.)) REPRESENTATION_ITEM('') );
#5168 = CARTESIAN_POINT('',(3.5,-1.3));
#5169 = CARTESIAN_POINT('',(4.712435565298,-1.3));
#5170 = CARTESIAN_POINT('',(4.106217782649,-2.35));
#5171 = CARTESIAN_POINT('',(3.5,-3.4));
#5172 = CARTESIAN_POINT('',(2.893782217351,-2.35));
#5173 = CARTESIAN_POINT('',(2.287564434702,-1.3));
#5174 = CARTESIAN_POINT('',(3.5,-1.3));
#5175 = ( GEOMETRIC_REPRESENTATION_CONTEXT(2) 
PARAMETRIC_REPRESENTATION_CONTEXT() REPRESENTATION_CONTEXT('2D SPACE',''
  ) );
#5176 = PCURVE('',#5177,#5182);
#5177 = TOROIDAL_SURFACE('',#5178,0.7,0.2);
#5178 = AXIS2_PLACEMENT_3D('',#5179,#5180,#5181);
#5179 = CARTESIAN_POINT('',(16.,3.5,1.3));
#5180 = DIRECTION('',(0.,0.,1.));
#5181 = DIRECTION('',(1.,0.,0.));
#5182 = DEFINITIONAL_REPRESENTATION('',(#5183),#5187);
#5183 = LINE('',#5184,#5185);
#5184 = CARTESIAN_POINT('',(0.,1.570796326795));
#5185 = VECTOR('',#5186,1.);
#5186 = DIRECTION('',(1.,0.));
#5187 = ( GEOMETRIC_REPRESENTATION_CONTEXT(2) 
PARAMETRIC_REPRESENTATION_CONTEXT() REPRESENTATION_CONTEXT('2D SPACE',''
  ) );
#5188 = ORIENTED_EDGE('',*,*,#5189,.T.);
#5189 = EDGE_CURVE('',#5157,#5190,#5192,.T.);
#5190 = VERTEX_POINT('',#5191);
#5191 = CARTESIAN_POINT('',(10.25,4.2,1.5));
#5192 = SURFACE_CURVE('',#5193,(#5197,#5204),.PCURVE_S1.);
#5193 = LINE('',#5194,#5195);
#5194 = CARTESIAN_POINT('',(16.,4.2,1.5));
#5195 = VECTOR('',#5196,1.);
#5196 = DIRECTION('',(-1.,0.,0.));
#5197 = PCURVE('',#3981,#5198);
#5198 = DEFINITIONAL_REPRESENTATION('',(#5199),#5203);
#5199 = LINE('',#5200,#5201);
#5200 = CARTESIAN_POINT('',(4.2,-2.));
#5201 = VECTOR('',#5202,1.);
#5202 = DIRECTION('',(0.,-1.));
#5203 = ( GEOMETRIC_REPRESENTATION_CONTEXT(2) 
PARAMETRIC_REPRESENTATION_CONTEXT() REPRESENTATION_CONTEXT('2D SPACE',''
  ) );
#5204 = PCURVE('',#5205,#5210);
#5205 = CYLINDRICAL_SURFACE('',#5206,0.2);
#5206 = AXIS2_PLACEMENT_3D('',#5207,#5208,#5209);
#5207 = CARTESIAN_POINT('',(16.,4.2,1.3));
#5208 = DIRECTION('',(-1.,0.,0.));
#5209 = DIRECTION('',(0.,0.,1.));
#5210 = DEFINITIONAL_REPRESENTATION('',(#5211),#5215);
#5211 = LINE('',#5212,#5213);
#5212 = CARTESIAN_POINT('',(-0.,0.));
#5213 = VECTOR('',#5214,1.);
#5214 = DIRECTION('',(-0.,1.));
#5215 = ( GEOMETRIC_REPRESENTATION_CONTEXT(2) 
PARAMETRIC_REPRESENTATION_CONTEXT() REPRESENTATION_CONTEXT('2D SPACE',''
  ) );
#5216 = ORIENTED_EDGE('',*,*,#5217,.T.);
#5217 = EDGE_CURVE('',#5190,#5218,#5220,.T.);
#5218 = VERTEX_POINT('',#5219);
#5219 = CARTESIAN_POINT('',(9.55,3.5,1.5));
#5220 = SURFACE_CURVE('',#5221,(#5226,#5237),.PCURVE_S1.);
#5221 = CIRCLE('',#5222,0.7);
#5222 = AXIS2_PLACEMENT_3D('',#5223,#5224,#5225);
#5223 = CARTESIAN_POINT('',(10.25,3.5,1.5));
#5224 = DIRECTION('',(0.,-0.,1.));
#5225 = DIRECTION('',(0.,1.,0.));
#5226 = PCURVE('',#3981,#5227);
#5227 = DEFINITIONAL_REPRESENTATION('',(#5228),#5236);
#5228 = ( BOUNDED_CURVE() B_SPLINE_CURVE(2,(#5229,#5230,#5231,#5232,
#5233,#5234,#5235),.UNSPECIFIED.,.T.,.F.) B_SPLINE_CURVE_WITH_KNOTS((1,2
    ,2,2,2,1),(-2.094395102393,0.,2.094395102393,4.188790204786,
6.28318530718,8.377580409573),.UNSPECIFIED.) CURVE() 
GEOMETRIC_REPRESENTATION_ITEM() RATIONAL_B_SPLINE_CURVE((1.,0.5,1.,0.5,
1.,0.5,1.)) REPRESENTATION_ITEM('') );
#5229 = CARTESIAN_POINT('',(4.2,-7.75));
#5230 = CARTESIAN_POINT('',(4.2,-8.962435565298));
#5231 = CARTESIAN_POINT('',(3.15,-8.356217782649));
#5232 = CARTESIAN_POINT('',(2.1,-7.75));
#5233 = CARTESIAN_POINT('',(3.15,-7.143782217351));
#5234 = CARTESIAN_POINT('',(4.2,-6.537564434702));
#5235 = CARTESIAN_POINT('',(4.2,-7.75));
#5236 = ( GEOMETRIC_REPRESENTATION_CONTEXT(2) 
PARAMETRIC_REPRESENTATION_CONTEXT() REPRESENTATION_CONTEXT('2D SPACE',''
  ) );
#5237 = PCURVE('',#5238,#5243);
#5238 = TOROIDAL_SURFACE('',#5239,0.7,0.2);
#5239 = AXIS2_PLACEMENT_3D('',#5240,#5241,#5242);
#5240 = CARTESIAN_POINT('',(10.25,3.5,1.3));
#5241 = DIRECTION('',(0.,0.,1.));
#5242 = DIRECTION('',(0.,1.,0.));
#5243 = DEFINITIONAL_REPRESENTATION('',(#5244),#5248);
#5244 = LINE('',#5245,#5246);
#5245 = CARTESIAN_POINT('',(0.,1.570796326795));
#5246 = VECTOR('',#5247,1.);
#5247 = DIRECTION('',(1.,0.));
#5248 = ( GEOMETRIC_REPRESENTATION_CONTEXT(2) 
PARAMETRIC_REPRESENTATION_CONTEXT() REPRESENTATION_CONTEXT('2D SPACE',''
  ) );
#5249 = ORIENTED_EDGE('',*,*,#5250,.T.);
#5250 = EDGE_CURVE('',#5218,#5251,#5253,.T.);
#5251 = VERTEX_POINT('',#5252);
#5252 = CARTESIAN_POINT('',(9.55,0.,1.5));
#5253 = SURFACE_CURVE('',#5254,(#5258,#5265),.PCURVE_S1.);
#5254 = LINE('',#5255,#5256);
#5255 = CARTESIAN_POINT('',(9.55,3.5,1.5));
#5256 = VECTOR('',#5257,1.);
#5257 = DIRECTION('',(-0.,-1.,-0.));
#5258 = PCURVE('',#3981,#5259);
#5259 = DEFINITIONAL_REPRESENTATION('',(#5260),#5264);
#5260 = LINE('',#5261,#5262);
#5261 = CARTESIAN_POINT('',(3.5,-8.45));
#5262 = VECTOR('',#5263,1.);
#5263 = DIRECTION('',(-1.,0.));
#5264 = ( GEOMETRIC_REPRESENTATION_CONTEXT(2) 
PARAMETRIC_REPRESENTATION_CONTEXT() REPRESENTATION_CONTEXT('2D SPACE',''
  ) );
#5265 = PCURVE('',#5266,#5271);
#5266 = CYLINDRICAL_SURFACE('',#5267,0.2);
#5267 = AXIS2_PLACEMENT_3D('',#5268,#5269,#5270);
#5268 = CARTESIAN_POINT('',(9.55,3.5,1.3));
#5269 = DIRECTION('',(-0.,-1.,-0.));
#5270 = DIRECTION('',(0.,0.,1.));
#5271 = DEFINITIONAL_REPRESENTATION('',(#5272),#5276);
#5272 = LINE('',#5273,#5274);
#5273 = CARTESIAN_POINT('',(-0.,0.));
#5274 = VECTOR('',#5275,1.);
#5275 = DIRECTION('',(-0.,1.));
#5276 = ( GEOMETRIC_REPRESENTATION_CONTEXT(2) 
PARAMETRIC_REPRESENTATION_CONTEXT() REPRESENTATION_CONTEXT('2D SPACE',''
  ) );
#5277 = ORIENTED_EDGE('',*,*,#5278,.T.);
#5278 = EDGE_CURVE('',#5251,#5279,#5281,.T.);
#5279 = VERTEX_POINT('',#5280);
#5280 = CARTESIAN_POINT('',(8.45,0.,1.5));
#5281 = SURFACE_CURVE('',#5282,(#5286,#5293),.PCURVE_S1.);
#5282 = LINE('',#5283,#5284);
#5283 = CARTESIAN_POINT('',(18.,0.,1.5));
#5284 = VECTOR('',#5285,1.);
#5285 = DIRECTION('',(-1.,-0.,-0.));
#5286 = PCURVE('',#3981,#5287);
#5287 = DEFINITIONAL_REPRESENTATION('',(#5288),#5292);
#5288 = LINE('',#5289,#5290);
#5289 = CARTESIAN_POINT('',(0.,0.));
#5290 = VECTOR('',#5291,1.);
#5291 = DIRECTION('',(0.,-1.));
#5292 = ( GEOMETRIC_REPRESENTATION_CONTEXT(2) 
PARAMETRIC_REPRESENTATION_CONTEXT() REPRESENTATION_CONTEXT('2D SPACE',''
  ) );
#5293 = PCURVE('',#5294,#5299);
#5294 = PLANE('',#5295);
#5295 = AXIS2_PLACEMENT_3D('',#5296,#5297,#5298);
#5296 = CARTESIAN_POINT('',(8.25,0.,0.));
#5297 = DIRECTION('',(0.,1.,0.));
#5298 = DIRECTION('',(1.,0.,0.));
#5299 = DEFINITIONAL_REPRESENTATION('',(#5300),#5304);
#5300 = LINE('',#5301,#5302);
#5301 = CARTESIAN_POINT('',(9.75,-1.5));
#5302 = VECTOR('',#5303,1.);
#5303 = DIRECTION('',(-1.,0.));
#5304 = ( GEOMETRIC_REPRESENTATION_CONTEXT(2) 
PARAMETRIC_REPRESENTATION_CONTEXT() REPRESENTATION_CONTEXT('2D SPACE',''
  ) );
#5305 = ORIENTED_EDGE('',*,*,#5306,.T.);
#5306 = EDGE_CURVE('',#5279,#5307,#5309,.T.);
#5307 = VERTEX_POINT('',#5308);
#5308 = CARTESIAN_POINT('',(8.45,3.5,1.5));
#5309 = SURFACE_CURVE('',#5310,(#5314,#5321),.PCURVE_S1.);
#5310 = LINE('',#5311,#5312);
#5311 = CARTESIAN_POINT('',(8.45,0.,1.5));
#5312 = VECTOR('',#5313,1.);
#5313 = DIRECTION('',(0.,1.,0.));
#5314 = PCURVE('',#3981,#5315);
#5315 = DEFINITIONAL_REPRESENTATION('',(#5316),#5320);
#5316 = LINE('',#5317,#5318);
#5317 = CARTESIAN_POINT('',(0.,-9.55));
#5318 = VECTOR('',#5319,1.);
#5319 = DIRECTION('',(1.,0.));
#5320 = ( GEOMETRIC_REPRESENTATION_CONTEXT(2) 
PARAMETRIC_REPRESENTATION_CONTEXT() REPRESENTATION_CONTEXT('2D SPACE',''
  ) );
#5321 = PCURVE('',#5322,#5327);
#5322 = CYLINDRICAL_SURFACE('',#5323,0.2);
#5323 = AXIS2_PLACEMENT_3D('',#5324,#5325,#5326);
#5324 = CARTESIAN_POINT('',(8.45,0.,1.3));
#5325 = DIRECTION('',(0.,1.,0.));
#5326 = DIRECTION('',(0.,0.,1.));
#5327 = DEFINITIONAL_REPRESENTATION('',(#5328),#5332);
#5328 = LINE('',#5329,#5330);
#5329 = CARTESIAN_POINT('',(-0.,0.));
#5330 = VECTOR('',#5331,1.);
#5331 = DIRECTION('',(-0.,1.));
#5332 = ( GEOMETRIC_REPRESENTATION_CONTEXT(2) 
PARAMETRIC_REPRESENTATION_CONTEXT() REPRESENTATION_CONTEXT('2D SPACE',''
  ) );
#5333 = ORIENTED_EDGE('',*,*,#5334,.T.);
#5334 = EDGE_CURVE('',#5307,#5335,#5337,.T.);
#5335 = VERTEX_POINT('',#5336);
#5336 = CARTESIAN_POINT('',(7.75,4.2,1.5));
#5337 = SURFACE_CURVE('',#5338,(#5343,#5354),.PCURVE_S1.);
#5338 = CIRCLE('',#5339,0.7);
#5339 = AXIS2_PLACEMENT_3D('',#5340,#5341,#5342);
#5340 = CARTESIAN_POINT('',(7.75,3.5,1.5));
#5341 = DIRECTION('',(0.,0.,1.));
#5342 = DIRECTION('',(1.,0.,0.));
#5343 = PCURVE('',#3981,#5344);
#5344 = DEFINITIONAL_REPRESENTATION('',(#5345),#5353);
#5345 = ( BOUNDED_CURVE() B_SPLINE_CURVE(2,(#5346,#5347,#5348,#5349,
#5350,#5351,#5352),.UNSPECIFIED.,.T.,.F.) B_SPLINE_CURVE_WITH_KNOTS((1,2
    ,2,2,2,1),(-2.094395102393,0.,2.094395102393,4.188790204786,
6.28318530718,8.377580409573),.UNSPECIFIED.) CURVE() 
GEOMETRIC_REPRESENTATION_ITEM() RATIONAL_B_SPLINE_CURVE((1.,0.5,1.,0.5,
1.,0.5,1.)) REPRESENTATION_ITEM('') );
#5346 = CARTESIAN_POINT('',(3.5,-9.55));
#5347 = CARTESIAN_POINT('',(4.712435565298,-9.55));
#5348 = CARTESIAN_POINT('',(4.106217782649,-10.6));
#5349 = CARTESIAN_POINT('',(3.5,-11.65));
#5350 = CARTESIAN_POINT('',(2.893782217351,-10.6));
#5351 = CARTESIAN_POINT('',(2.287564434702,-9.55));
#5352 = CARTESIAN_POINT('',(3.5,-9.55));
#5353 = ( GEOMETRIC_REPRESENTATION_CONTEXT(2) 
PARAMETRIC_REPRESENTATION_CONTEXT() REPRESENTATION_CONTEXT('2D SPACE',''
  ) );
#5354 = PCURVE('',#5355,#5360);
#5355 = TOROIDAL_SURFACE('',#5356,0.7,0.2);
#5356 = AXIS2_PLACEMENT_3D('',#5357,#5358,#5359);
#5357 = CARTESIAN_POINT('',(7.75,3.5,1.3));
#5358 = DIRECTION('',(0.,0.,1.));
#5359 = DIRECTION('',(1.,0.,0.));
#5360 = DEFINITIONAL_REPRESENTATION('',(#5361),#5365);
#5361 = LINE('',#5362,#5363);
#5362 = CARTESIAN_POINT('',(0.,1.570796326795));
#5363 = VECTOR('',#5364,1.);
#5364 = DIRECTION('',(1.,0.));
#5365 = ( GEOMETRIC_REPRESENTATION_CONTEXT(2) 
PARAMETRIC_REPRESENTATION_CONTEXT() REPRESENTATION_CONTEXT('2D SPACE',''
  ) );
#5366 = ORIENTED_EDGE('',*,*,#5367,.T.);
#5367 = EDGE_CURVE('',#5335,#5368,#5370,.T.);
#5368 = VERTEX_POINT('',#5369);
#5369 = CARTESIAN_POINT('',(2.,4.2,1.5));
#5370 = SURFACE_CURVE('',#5371,(#5375,#5382),.PCURVE_S1.);
#5371 = LINE('',#5372,#5373);
#5372 = CARTESIAN_POINT('',(7.75,4.2,1.5));
#5373 = VECTOR('',#5374,1.);
#5374 = DIRECTION('',(-1.,0.,0.));
#5375 = PCURVE('',#3981,#5376);
#5376 = DEFINITIONAL_REPRESENTATION('',(#5377),#5381);
#5377 = LINE('',#5378,#5379);
#5378 = CARTESIAN_POINT('',(4.2,-10.25));
#5379 = VECTOR('',#5380,1.);
#5380 = DIRECTION('',(0.,-1.));
#5381 = ( GEOMETRIC_REPRESENTATION_CONTEXT(2) 
PARAMETRIC_REPRESENTATION_CONTEXT() REPRESENTATION_CONTEXT('2D SPACE',''
  ) );
#5382 = PCURVE('',#5383,#5388);
#5383 = CYLINDRICAL_SURFACE('',#5384,0.2);
#5384 = AXIS2_PLACEMENT_3D('',#5385,#5386,#5387);
#5385 = CARTESIAN_POINT('',(7.75,4.2,1.3));
#5386 = DIRECTION('',(-1.,0.,0.));
#5387 = DIRECTION('',(0.,0.,1.));
#5388 = DEFINITIONAL_REPRESENTATION('',(#5389),#5393);
#5389 = LINE('',#5390,#5391);
#5390 = CARTESIAN_POINT('',(-0.,0.));
#5391 = VECTOR('',#5392,1.);
#5392 = DIRECTION('',(-0.,1.));
#5393 = ( GEOMETRIC_REPRESENTATION_CONTEXT(2) 
PARAMETRIC_REPRESENTATION_CONTEXT() REPRESENTATION_CONTEXT('2D SPACE',''
  ) );
#5394 = ORIENTED_EDGE('',*,*,#5395,.T.);
#5395 = EDGE_CURVE('',#5368,#5396,#5398,.T.);
#5396 = VERTEX_POINT('',#5397);
#5397 = CARTESIAN_POINT('',(1.3,3.5,1.5));
#5398 = SURFACE_CURVE('',#5399,(#5404,#5415),.PCURVE_S1.);
#5399 = CIRCLE('',#5400,0.7);
#5400 = AXIS2_PLACEMENT_3D('',#5401,#5402,#5403);
#5401 = CARTESIAN_POINT('',(2.,3.5,1.5));
#5402 = DIRECTION('',(0.,-0.,1.));
#5403 = DIRECTION('',(0.,1.,0.));
#5404 = PCURVE('',#3981,#5405);
#5405 = DEFINITIONAL_REPRESENTATION('',(#5406),#5414);
#5406 = ( BOUNDED_CURVE() B_SPLINE_CURVE(2,(#5407,#5408,#5409,#5410,
#5411,#5412,#5413),.UNSPECIFIED.,.T.,.F.) B_SPLINE_CURVE_WITH_KNOTS((1,2
    ,2,2,2,1),(-2.094395102393,0.,2.094395102393,4.188790204786,
6.28318530718,8.377580409573),.UNSPECIFIED.) CURVE() 
GEOMETRIC_REPRESENTATION_ITEM() RATIONAL_B_SPLINE_CURVE((1.,0.5,1.,0.5,
1.,0.5,1.)) REPRESENTATION_ITEM('') );
#5407 = CARTESIAN_POINT('',(4.2,-16.));
#5408 = CARTESIAN_POINT('',(4.2,-17.21243556529));
#5409 = CARTESIAN_POINT('',(3.15,-16.60621778264));
#5410 = CARTESIAN_POINT('',(2.1,-16.));
#5411 = CARTESIAN_POINT('',(3.15,-15.39378221735));
#5412 = CARTESIAN_POINT('',(4.2,-14.7875644347));
#5413 = CARTESIAN_POINT('',(4.2,-16.));
#5414 = ( GEOMETRIC_REPRESENTATION_CONTEXT(2) 
PARAMETRIC_REPRESENTATION_CONTEXT() REPRESENTATION_CONTEXT('2D SPACE',''
  ) );
#5415 = PCURVE('',#5416,#5421);
#5416 = TOROIDAL_SURFACE('',#5417,0.7,0.2);
#5417 = AXIS2_PLACEMENT_3D('',#5418,#5419,#5420);
#5418 = CARTESIAN_POINT('',(2.,3.5,1.3));
#5419 = DIRECTION('',(0.,0.,1.));
#5420 = DIRECTION('',(0.,1.,0.));
#5421 = DEFINITIONAL_REPRESENTATION('',(#5422),#5426);
#5422 = LINE('',#5423,#5424);
#5423 = CARTESIAN_POINT('',(0.,1.570796326795));
#5424 = VECTOR('',#5425,1.);
#5425 = DIRECTION('',(1.,0.));
#5426 = ( GEOMETRIC_REPRESENTATION_CONTEXT(2) 
PARAMETRIC_REPRESENTATION_CONTEXT() REPRESENTATION_CONTEXT('2D SPACE',''
  ) );
#5427 = ORIENTED_EDGE('',*,*,#5428,.T.);
#5428 = EDGE_CURVE('',#5396,#5429,#5431,.T.);
#5429 = VERTEX_POINT('',#5430);
#5430 = CARTESIAN_POINT('',(1.3,0.,1.5));
#5431 = SURFACE_CURVE('',#5432,(#5436,#5443),.PCURVE_S1.);
#5432 = LINE('',#5433,#5434);
#5433 = CARTESIAN_POINT('',(1.3,3.5,1.5));
#5434 = VECTOR('',#5435,1.);
#5435 = DIRECTION('',(-0.,-1.,-0.));
#5436 = PCURVE('',#3981,#5437);
#5437 = DEFINITIONAL_REPRESENTATION('',(#5438),#5442);
#5438 = LINE('',#5439,#5440);
#5439 = CARTESIAN_POINT('',(3.5,-16.7));
#5440 = VECTOR('',#5441,1.);
#5441 = DIRECTION('',(-1.,0.));
#5442 = ( GEOMETRIC_REPRESENTATION_CONTEXT(2) 
PARAMETRIC_REPRESENTATION_CONTEXT() REPRESENTATION_CONTEXT('2D SPACE',''
  ) );
#5443 = PCURVE('',#5444,#5449);
#5444 = CYLINDRICAL_SURFACE('',#5445,0.2);
#5445 = AXIS2_PLACEMENT_3D('',#5446,#5447,#5448);
#5446 = CARTESIAN_POINT('',(1.3,3.5,1.3));
#5447 = DIRECTION('',(-0.,-1.,-0.));
#5448 = DIRECTION('',(0.,0.,1.));
#5449 = DEFINITIONAL_REPRESENTATION('',(#5450),#5454);
#5450 = LINE('',#5451,#5452);
#5451 = CARTESIAN_POINT('',(-0.,0.));
#5452 = VECTOR('',#5453,1.);
#5453 = DIRECTION('',(-0.,1.));
#5454 = ( GEOMETRIC_REPRESENTATION_CONTEXT(2) 
PARAMETRIC_REPRESENTATION_CONTEXT() REPRESENTATION_CONTEXT('2D SPACE',''
  ) );
#5455 = ORIENTED_EDGE('',*,*,#5456,.T.);
#5456 = EDGE_CURVE('',#5429,#4106,#5457,.T.);
#5457 = SURFACE_CURVE('',#5458,(#5462,#5469),.PCURVE_S1.);
#5458 = LINE('',#5459,#5460);
#5459 = CARTESIAN_POINT('',(18.,0.,1.5));
#5460 = VECTOR('',#5461,1.);
#5461 = DIRECTION('',(-1.,-0.,-0.));
#5462 = PCURVE('',#3981,#5463);
#5463 = DEFINITIONAL_REPRESENTATION('',(#5464),#5468);
#5464 = LINE('',#5465,#5466);
#5465 = CARTESIAN_POINT('',(0.,0.));
#5466 = VECTOR('',#5467,1.);
#5467 = DIRECTION('',(0.,-1.));
#5468 = ( GEOMETRIC_REPRESENTATION_CONTEXT(2) 
PARAMETRIC_REPRESENTATION_CONTEXT() REPRESENTATION_CONTEXT('2D SPACE',''
  ) );
#5469 = PCURVE('',#4121,#5470);
#5470 = DEFINITIONAL_REPRESENTATION('',(#5471),#5475);
#5471 = LINE('',#5472,#5473);
#5472 = CARTESIAN_POINT('',(18.,-1.5));
#5473 = VECTOR('',#5474,1.);
#5474 = DIRECTION('',(-1.,0.));
#5475 = ( GEOMETRIC_REPRESENTATION_CONTEXT(2) 
PARAMETRIC_REPRESENTATION_CONTEXT() REPRESENTATION_CONTEXT('2D SPACE',''
  ) );
#5476 = ORIENTED_EDGE('',*,*,#4247,.T.);
#5477 = ADVANCED_FACE('',(#5478),#4066,.F.);
#5478 = FACE_BOUND('',#5479,.F.);
#5479 = EDGE_LOOP('',(#5480,#5501,#5502,#5525,#5553,#5586,#5614,#5647,
    #5675,#5698,#5726,#5759,#5787,#5820,#5848,#5869));
#5480 = ORIENTED_EDGE('',*,*,#5481,.T.);
#5481 = EDGE_CURVE('',#4877,#4051,#5482,.T.);
#5482 = SURFACE_CURVE('',#5483,(#5487,#5494),.PCURVE_S1.);
#5483 = LINE('',#5484,#5485);
#5484 = CARTESIAN_POINT('',(18.,14.5,-2.22044604925E-16));
#5485 = VECTOR('',#5486,1.);
#5486 = DIRECTION('',(-1.,0.,0.));
#5487 = PCURVE('',#4066,#5488);
#5488 = DEFINITIONAL_REPRESENTATION('',(#5489),#5493);
#5489 = LINE('',#5490,#5491);
#5490 = CARTESIAN_POINT('',(9.,7.));
#5491 = VECTOR('',#5492,1.);
#5492 = DIRECTION('',(-1.,0.));
#5493 = ( GEOMETRIC_REPRESENTATION_CONTEXT(2) 
PARAMETRIC_REPRESENTATION_CONTEXT() REPRESENTATION_CONTEXT('2D SPACE',''
  ) );
#5494 = PCURVE('',#4208,#5495);
#5495 = DEFINITIONAL_REPRESENTATION('',(#5496),#5500);
#5496 = LINE('',#5497,#5498);
#5497 = CARTESIAN_POINT('',(1.570796326795,0.));
#5498 = VECTOR('',#5499,1.);
#5499 = DIRECTION('',(0.,1.));
#5500 = ( GEOMETRIC_REPRESENTATION_CONTEXT(2) 
PARAMETRIC_REPRESENTATION_CONTEXT() REPRESENTATION_CONTEXT('2D SPACE',''
  ) );
#5501 = ORIENTED_EDGE('',*,*,#4050,.F.);
#5502 = ORIENTED_EDGE('',*,*,#5503,.T.);
#5503 = EDGE_CURVE('',#4019,#5504,#5506,.T.);
#5504 = VERTEX_POINT('',#5505);
#5505 = CARTESIAN_POINT('',(1.3,0.,-2.775557561563E-17));
#5506 = SURFACE_CURVE('',#5507,(#5511,#5518),.PCURVE_S1.);
#5507 = LINE('',#5508,#5509);
#5508 = CARTESIAN_POINT('',(0.,0.,0.));
#5509 = VECTOR('',#5510,1.);
#5510 = DIRECTION('',(1.,0.,0.));
#5511 = PCURVE('',#4066,#5512);
#5512 = DEFINITIONAL_REPRESENTATION('',(#5513),#5517);
#5513 = LINE('',#5514,#5515);
#5514 = CARTESIAN_POINT('',(-9.,-7.5));
#5515 = VECTOR('',#5516,1.);
#5516 = DIRECTION('',(1.,0.));
#5517 = ( GEOMETRIC_REPRESENTATION_CONTEXT(2) 
PARAMETRIC_REPRESENTATION_CONTEXT() REPRESENTATION_CONTEXT('2D SPACE',''
  ) );
#5518 = PCURVE('',#4121,#5519);
#5519 = DEFINITIONAL_REPRESENTATION('',(#5520),#5524);
#5520 = LINE('',#5521,#5522);
#5521 = CARTESIAN_POINT('',(0.,0.));
#5522 = VECTOR('',#5523,1.);
#5523 = DIRECTION('',(1.,0.));
#5524 = ( GEOMETRIC_REPRESENTATION_CONTEXT(2) 
PARAMETRIC_REPRESENTATION_CONTEXT() REPRESENTATION_CONTEXT('2D SPACE',''
  ) );
#5525 = ORIENTED_EDGE('',*,*,#5526,.T.);
#5526 = EDGE_CURVE('',#5504,#5527,#5529,.T.);
#5527 = VERTEX_POINT('',#5528);
#5528 = CARTESIAN_POINT('',(1.3,3.5,-2.775557561563E-17));
#5529 = SURFACE_CURVE('',#5530,(#5534,#5541),.PCURVE_S1.);
#5530 = LINE('',#5531,#5532);
#5531 = CARTESIAN_POINT('',(1.3,0.,-2.775557561563E-17));
#5532 = VECTOR('',#5533,1.);
#5533 = DIRECTION('',(0.,1.,0.));
#5534 = PCURVE('',#4066,#5535);
#5535 = DEFINITIONAL_REPRESENTATION('',(#5536),#5540);
#5536 = LINE('',#5537,#5538);
#5537 = CARTESIAN_POINT('',(-7.7,-7.5));
#5538 = VECTOR('',#5539,1.);
#5539 = DIRECTION('',(0.,1.));
#5540 = ( GEOMETRIC_REPRESENTATION_CONTEXT(2) 
PARAMETRIC_REPRESENTATION_CONTEXT() REPRESENTATION_CONTEXT('2D SPACE',''
  ) );
#5541 = PCURVE('',#5542,#5547);
#5542 = CYLINDRICAL_SURFACE('',#5543,0.2);
#5543 = AXIS2_PLACEMENT_3D('',#5544,#5545,#5546);
#5544 = CARTESIAN_POINT('',(1.3,0.,0.2));
#5545 = DIRECTION('',(0.,1.,0.));
#5546 = DIRECTION('',(0.,0.,-1.));
#5547 = DEFINITIONAL_REPRESENTATION('',(#5548),#5552);
#5548 = LINE('',#5549,#5550);
#5549 = CARTESIAN_POINT('',(-0.,0.));
#5550 = VECTOR('',#5551,1.);
#5551 = DIRECTION('',(-0.,1.));
#5552 = ( GEOMETRIC_REPRESENTATION_CONTEXT(2) 
PARAMETRIC_REPRESENTATION_CONTEXT() REPRESENTATION_CONTEXT('2D SPACE',''
  ) );
#5553 = ORIENTED_EDGE('',*,*,#5554,.T.);
#5554 = EDGE_CURVE('',#5527,#5555,#5557,.T.);
#5555 = VERTEX_POINT('',#5556);
#5556 = CARTESIAN_POINT('',(2.,4.2,0.));
#5557 = SURFACE_CURVE('',#5558,(#5563,#5574),.PCURVE_S1.);
#5558 = CIRCLE('',#5559,0.7);
#5559 = AXIS2_PLACEMENT_3D('',#5560,#5561,#5562);
#5560 = CARTESIAN_POINT('',(2.,3.5,0.));
#5561 = DIRECTION('',(0.,0.,-1.));
#5562 = DIRECTION('',(-1.,0.,0.));
#5563 = PCURVE('',#4066,#5564);
#5564 = DEFINITIONAL_REPRESENTATION('',(#5565),#5573);
#5565 = ( BOUNDED_CURVE() B_SPLINE_CURVE(2,(#5566,#5567,#5568,#5569,
#5570,#5571,#5572),.UNSPECIFIED.,.T.,.F.) B_SPLINE_CURVE_WITH_KNOTS((1,2
    ,2,2,2,1),(-2.094395102393,0.,2.094395102393,4.188790204786,
6.28318530718,8.377580409573),.UNSPECIFIED.) CURVE() 
GEOMETRIC_REPRESENTATION_ITEM() RATIONAL_B_SPLINE_CURVE((1.,0.5,1.,0.5,
1.,0.5,1.)) REPRESENTATION_ITEM('') );
#5566 = CARTESIAN_POINT('',(-7.7,-4.));
#5567 = CARTESIAN_POINT('',(-7.7,-2.787564434702));
#5568 = CARTESIAN_POINT('',(-6.65,-3.393782217351));
#5569 = CARTESIAN_POINT('',(-5.6,-4.));
#5570 = CARTESIAN_POINT('',(-6.65,-4.606217782649));
#5571 = CARTESIAN_POINT('',(-7.7,-5.212435565298));
#5572 = CARTESIAN_POINT('',(-7.7,-4.));
#5573 = ( GEOMETRIC_REPRESENTATION_CONTEXT(2) 
PARAMETRIC_REPRESENTATION_CONTEXT() REPRESENTATION_CONTEXT('2D SPACE',''
  ) );
#5574 = PCURVE('',#5575,#5580);
#5575 = TOROIDAL_SURFACE('',#5576,0.7,0.2);
#5576 = AXIS2_PLACEMENT_3D('',#5577,#5578,#5579);
#5577 = CARTESIAN_POINT('',(2.,3.5,0.2));
#5578 = DIRECTION('',(-0.,-0.,-1.));
#5579 = DIRECTION('',(-1.,0.,0.));
#5580 = DEFINITIONAL_REPRESENTATION('',(#5581),#5585);
#5581 = LINE('',#5582,#5583);
#5582 = CARTESIAN_POINT('',(0.,1.570796326795));
#5583 = VECTOR('',#5584,1.);
#5584 = DIRECTION('',(1.,0.));
#5585 = ( GEOMETRIC_REPRESENTATION_CONTEXT(2) 
PARAMETRIC_REPRESENTATION_CONTEXT() REPRESENTATION_CONTEXT('2D SPACE',''
  ) );
#5586 = ORIENTED_EDGE('',*,*,#5587,.T.);
#5587 = EDGE_CURVE('',#5555,#5588,#5590,.T.);
#5588 = VERTEX_POINT('',#5589);
#5589 = CARTESIAN_POINT('',(7.75,4.2,-2.775557561563E-17));
#5590 = SURFACE_CURVE('',#5591,(#5595,#5602),.PCURVE_S1.);
#5591 = LINE('',#5592,#5593);
#5592 = CARTESIAN_POINT('',(2.,4.2,-2.775557561563E-17));
#5593 = VECTOR('',#5594,1.);
#5594 = DIRECTION('',(1.,0.,0.));
#5595 = PCURVE('',#4066,#5596);
#5596 = DEFINITIONAL_REPRESENTATION('',(#5597),#5601);
#5597 = LINE('',#5598,#5599);
#5598 = CARTESIAN_POINT('',(-7.,-3.3));
#5599 = VECTOR('',#5600,1.);
#5600 = DIRECTION('',(1.,0.));
#5601 = ( GEOMETRIC_REPRESENTATION_CONTEXT(2) 
PARAMETRIC_REPRESENTATION_CONTEXT() REPRESENTATION_CONTEXT('2D SPACE',''
  ) );
#5602 = PCURVE('',#5603,#5608);
#5603 = CYLINDRICAL_SURFACE('',#5604,0.2);
#5604 = AXIS2_PLACEMENT_3D('',#5605,#5606,#5607);
#5605 = CARTESIAN_POINT('',(2.,4.2,0.2));
#5606 = DIRECTION('',(1.,0.,0.));
#5607 = DIRECTION('',(0.,0.,-1.));
#5608 = DEFINITIONAL_REPRESENTATION('',(#5609),#5613);
#5609 = LINE('',#5610,#5611);
#5610 = CARTESIAN_POINT('',(-0.,0.));
#5611 = VECTOR('',#5612,1.);
#5612 = DIRECTION('',(-0.,1.));
#5613 = ( GEOMETRIC_REPRESENTATION_CONTEXT(2) 
PARAMETRIC_REPRESENTATION_CONTEXT() REPRESENTATION_CONTEXT('2D SPACE',''
  ) );
#5614 = ORIENTED_EDGE('',*,*,#5615,.T.);
#5615 = EDGE_CURVE('',#5588,#5616,#5618,.T.);
#5616 = VERTEX_POINT('',#5617);
#5617 = CARTESIAN_POINT('',(8.45,3.5,0.));
#5618 = SURFACE_CURVE('',#5619,(#5624,#5635),.PCURVE_S1.);
#5619 = CIRCLE('',#5620,0.7);
#5620 = AXIS2_PLACEMENT_3D('',#5621,#5622,#5623);
#5621 = CARTESIAN_POINT('',(7.75,3.5,0.));
#5622 = DIRECTION('',(0.,0.,-1.));
#5623 = DIRECTION('',(0.,1.,0.));
#5624 = PCURVE('',#4066,#5625);
#5625 = DEFINITIONAL_REPRESENTATION('',(#5626),#5634);
#5626 = ( BOUNDED_CURVE() B_SPLINE_CURVE(2,(#5627,#5628,#5629,#5630,
#5631,#5632,#5633),.UNSPECIFIED.,.T.,.F.) B_SPLINE_CURVE_WITH_KNOTS((1,2
    ,2,2,2,1),(-2.094395102393,0.,2.094395102393,4.188790204786,
6.28318530718,8.377580409573),.UNSPECIFIED.) CURVE() 
GEOMETRIC_REPRESENTATION_ITEM() RATIONAL_B_SPLINE_CURVE((1.,0.5,1.,0.5,
1.,0.5,1.)) REPRESENTATION_ITEM('') );
#5627 = CARTESIAN_POINT('',(-1.25,-3.3));
#5628 = CARTESIAN_POINT('',(-3.756443470179E-02,-3.3));
#5629 = CARTESIAN_POINT('',(-0.643782217351,-4.35));
#5630 = CARTESIAN_POINT('',(-1.25,-5.4));
#5631 = CARTESIAN_POINT('',(-1.856217782649,-4.35));
#5632 = CARTESIAN_POINT('',(-2.462435565298,-3.3));
#5633 = CARTESIAN_POINT('',(-1.25,-3.3));
#5634 = ( GEOMETRIC_REPRESENTATION_CONTEXT(2) 
PARAMETRIC_REPRESENTATION_CONTEXT() REPRESENTATION_CONTEXT('2D SPACE',''
  ) );
#5635 = PCURVE('',#5636,#5641);
#5636 = TOROIDAL_SURFACE('',#5637,0.7,0.2);
#5637 = AXIS2_PLACEMENT_3D('',#5638,#5639,#5640);
#5638 = CARTESIAN_POINT('',(7.75,3.5,0.2));
#5639 = DIRECTION('',(-0.,-0.,-1.));
#5640 = DIRECTION('',(0.,1.,0.));
#5641 = DEFINITIONAL_REPRESENTATION('',(#5642),#5646);
#5642 = LINE('',#5643,#5644);
#5643 = CARTESIAN_POINT('',(0.,1.570796326795));
#5644 = VECTOR('',#5645,1.);
#5645 = DIRECTION('',(1.,0.));
#5646 = ( GEOMETRIC_REPRESENTATION_CONTEXT(2) 
PARAMETRIC_REPRESENTATION_CONTEXT() REPRESENTATION_CONTEXT('2D SPACE',''
  ) );
#5647 = ORIENTED_EDGE('',*,*,#5648,.T.);
#5648 = EDGE_CURVE('',#5616,#5649,#5651,.T.);
#5649 = VERTEX_POINT('',#5650);
#5650 = CARTESIAN_POINT('',(8.45,0.,-2.775557561563E-17));
#5651 = SURFACE_CURVE('',#5652,(#5656,#5663),.PCURVE_S1.);
#5652 = LINE('',#5653,#5654);
#5653 = CARTESIAN_POINT('',(8.45,3.5,-2.775557561563E-17));
#5654 = VECTOR('',#5655,1.);
#5655 = DIRECTION('',(0.,-1.,0.));
#5656 = PCURVE('',#4066,#5657);
#5657 = DEFINITIONAL_REPRESENTATION('',(#5658),#5662);
#5658 = LINE('',#5659,#5660);
#5659 = CARTESIAN_POINT('',(-0.55,-4.));
#5660 = VECTOR('',#5661,1.);
#5661 = DIRECTION('',(0.,-1.));
#5662 = ( GEOMETRIC_REPRESENTATION_CONTEXT(2) 
PARAMETRIC_REPRESENTATION_CONTEXT() REPRESENTATION_CONTEXT('2D SPACE',''
  ) );
#5663 = PCURVE('',#5664,#5669);
#5664 = CYLINDRICAL_SURFACE('',#5665,0.2);
#5665 = AXIS2_PLACEMENT_3D('',#5666,#5667,#5668);
#5666 = CARTESIAN_POINT('',(8.45,3.5,0.2));
#5667 = DIRECTION('',(0.,-1.,0.));
#5668 = DIRECTION('',(-0.,-0.,-1.));
#5669 = DEFINITIONAL_REPRESENTATION('',(#5670),#5674);
#5670 = LINE('',#5671,#5672);
#5671 = CARTESIAN_POINT('',(-0.,0.));
#5672 = VECTOR('',#5673,1.);
#5673 = DIRECTION('',(-0.,1.));
#5674 = ( GEOMETRIC_REPRESENTATION_CONTEXT(2) 
PARAMETRIC_REPRESENTATION_CONTEXT() REPRESENTATION_CONTEXT('2D SPACE',''
  ) );
#5675 = ORIENTED_EDGE('',*,*,#5676,.T.);
#5676 = EDGE_CURVE('',#5649,#5677,#5679,.T.);
#5677 = VERTEX_POINT('',#5678);
#5678 = CARTESIAN_POINT('',(9.55,0.,-2.775557561563E-17));
#5679 = SURFACE_CURVE('',#5680,(#5684,#5691),.PCURVE_S1.);
#5680 = LINE('',#5681,#5682);
#5681 = CARTESIAN_POINT('',(8.25,0.,0.));
#5682 = VECTOR('',#5683,1.);
#5683 = DIRECTION('',(1.,0.,0.));
#5684 = PCURVE('',#4066,#5685);
#5685 = DEFINITIONAL_REPRESENTATION('',(#5686),#5690);
#5686 = LINE('',#5687,#5688);
#5687 = CARTESIAN_POINT('',(-0.75,-7.5));
#5688 = VECTOR('',#5689,1.);
#5689 = DIRECTION('',(1.,0.));
#5690 = ( GEOMETRIC_REPRESENTATION_CONTEXT(2) 
PARAMETRIC_REPRESENTATION_CONTEXT() REPRESENTATION_CONTEXT('2D SPACE',''
  ) );
#5691 = PCURVE('',#5294,#5692);
#5692 = DEFINITIONAL_REPRESENTATION('',(#5693),#5697);
#5693 = LINE('',#5694,#5695);
#5694 = CARTESIAN_POINT('',(0.,0.));
#5695 = VECTOR('',#5696,1.);
#5696 = DIRECTION('',(1.,0.));
#5697 = ( GEOMETRIC_REPRESENTATION_CONTEXT(2) 
PARAMETRIC_REPRESENTATION_CONTEXT() REPRESENTATION_CONTEXT('2D SPACE',''
  ) );
#5698 = ORIENTED_EDGE('',*,*,#5699,.T.);
#5699 = EDGE_CURVE('',#5677,#5700,#5702,.T.);
#5700 = VERTEX_POINT('',#5701);
#5701 = CARTESIAN_POINT('',(9.55,3.5,-2.775557561563E-17));
#5702 = SURFACE_CURVE('',#5703,(#5707,#5714),.PCURVE_S1.);
#5703 = LINE('',#5704,#5705);
#5704 = CARTESIAN_POINT('',(9.55,0.,-2.775557561563E-17));
#5705 = VECTOR('',#5706,1.);
#5706 = DIRECTION('',(0.,1.,0.));
#5707 = PCURVE('',#4066,#5708);
#5708 = DEFINITIONAL_REPRESENTATION('',(#5709),#5713);
#5709 = LINE('',#5710,#5711);
#5710 = CARTESIAN_POINT('',(0.55,-7.5));
#5711 = VECTOR('',#5712,1.);
#5712 = DIRECTION('',(0.,1.));
#5713 = ( GEOMETRIC_REPRESENTATION_CONTEXT(2) 
PARAMETRIC_REPRESENTATION_CONTEXT() REPRESENTATION_CONTEXT('2D SPACE',''
  ) );
#5714 = PCURVE('',#5715,#5720);
#5715 = CYLINDRICAL_SURFACE('',#5716,0.2);
#5716 = AXIS2_PLACEMENT_3D('',#5717,#5718,#5719);
#5717 = CARTESIAN_POINT('',(9.55,0.,0.2));
#5718 = DIRECTION('',(0.,1.,0.));
#5719 = DIRECTION('',(0.,0.,-1.));
#5720 = DEFINITIONAL_REPRESENTATION('',(#5721),#5725);
#5721 = LINE('',#5722,#5723);
#5722 = CARTESIAN_POINT('',(-0.,0.));
#5723 = VECTOR('',#5724,1.);
#5724 = DIRECTION('',(-0.,1.));
#5725 = ( GEOMETRIC_REPRESENTATION_CONTEXT(2) 
PARAMETRIC_REPRESENTATION_CONTEXT() REPRESENTATION_CONTEXT('2D SPACE',''
  ) );
#5726 = ORIENTED_EDGE('',*,*,#5727,.T.);
#5727 = EDGE_CURVE('',#5700,#5728,#5730,.T.);
#5728 = VERTEX_POINT('',#5729);
#5729 = CARTESIAN_POINT('',(10.25,4.2,0.));
#5730 = SURFACE_CURVE('',#5731,(#5736,#5747),.PCURVE_S1.);
#5731 = CIRCLE('',#5732,0.7);
#5732 = AXIS2_PLACEMENT_3D('',#5733,#5734,#5735);
#5733 = CARTESIAN_POINT('',(10.25,3.5,0.));
#5734 = DIRECTION('',(0.,0.,-1.));
#5735 = DIRECTION('',(-1.,0.,0.));
#5736 = PCURVE('',#4066,#5737);
#5737 = DEFINITIONAL_REPRESENTATION('',(#5738),#5746);
#5738 = ( BOUNDED_CURVE() B_SPLINE_CURVE(2,(#5739,#5740,#5741,#5742,
#5743,#5744,#5745),.UNSPECIFIED.,.T.,.F.) B_SPLINE_CURVE_WITH_KNOTS((1,2
    ,2,2,2,1),(-2.094395102393,0.,2.094395102393,4.188790204786,
6.28318530718,8.377580409573),.UNSPECIFIED.) CURVE() 
GEOMETRIC_REPRESENTATION_ITEM() RATIONAL_B_SPLINE_CURVE((1.,0.5,1.,0.5,
1.,0.5,1.)) REPRESENTATION_ITEM('') );
#5739 = CARTESIAN_POINT('',(0.55,-4.));
#5740 = CARTESIAN_POINT('',(0.55,-2.787564434702));
#5741 = CARTESIAN_POINT('',(1.6,-3.393782217351));
#5742 = CARTESIAN_POINT('',(2.65,-4.));
#5743 = CARTESIAN_POINT('',(1.6,-4.606217782649));
#5744 = CARTESIAN_POINT('',(0.55,-5.212435565298));
#5745 = CARTESIAN_POINT('',(0.55,-4.));
#5746 = ( GEOMETRIC_REPRESENTATION_CONTEXT(2) 
PARAMETRIC_REPRESENTATION_CONTEXT() REPRESENTATION_CONTEXT('2D SPACE',''
  ) );
#5747 = PCURVE('',#5748,#5753);
#5748 = TOROIDAL_SURFACE('',#5749,0.7,0.2);
#5749 = AXIS2_PLACEMENT_3D('',#5750,#5751,#5752);
#5750 = CARTESIAN_POINT('',(10.25,3.5,0.2));
#5751 = DIRECTION('',(-0.,-0.,-1.));
#5752 = DIRECTION('',(-1.,0.,0.));
#5753 = DEFINITIONAL_REPRESENTATION('',(#5754),#5758);
#5754 = LINE('',#5755,#5756);
#5755 = CARTESIAN_POINT('',(0.,1.570796326795));
#5756 = VECTOR('',#5757,1.);
#5757 = DIRECTION('',(1.,0.));
#5758 = ( GEOMETRIC_REPRESENTATION_CONTEXT(2) 
PARAMETRIC_REPRESENTATION_CONTEXT() REPRESENTATION_CONTEXT('2D SPACE',''
  ) );
#5759 = ORIENTED_EDGE('',*,*,#5760,.T.);
#5760 = EDGE_CURVE('',#5728,#5761,#5763,.T.);
#5761 = VERTEX_POINT('',#5762);
#5762 = CARTESIAN_POINT('',(16.,4.2,-2.775557561563E-17));
#5763 = SURFACE_CURVE('',#5764,(#5768,#5775),.PCURVE_S1.);
#5764 = LINE('',#5765,#5766);
#5765 = CARTESIAN_POINT('',(10.25,4.2,-2.775557561563E-17));
#5766 = VECTOR('',#5767,1.);
#5767 = DIRECTION('',(1.,0.,0.));
#5768 = PCURVE('',#4066,#5769);
#5769 = DEFINITIONAL_REPRESENTATION('',(#5770),#5774);
#5770 = LINE('',#5771,#5772);
#5771 = CARTESIAN_POINT('',(1.25,-3.3));
#5772 = VECTOR('',#5773,1.);
#5773 = DIRECTION('',(1.,0.));
#5774 = ( GEOMETRIC_REPRESENTATION_CONTEXT(2) 
PARAMETRIC_REPRESENTATION_CONTEXT() REPRESENTATION_CONTEXT('2D SPACE',''
  ) );
#5775 = PCURVE('',#5776,#5781);
#5776 = CYLINDRICAL_SURFACE('',#5777,0.2);
#5777 = AXIS2_PLACEMENT_3D('',#5778,#5779,#5780);
#5778 = CARTESIAN_POINT('',(10.25,4.2,0.2));
#5779 = DIRECTION('',(1.,0.,0.));
#5780 = DIRECTION('',(0.,0.,-1.));
#5781 = DEFINITIONAL_REPRESENTATION('',(#5782),#5786);
#5782 = LINE('',#5783,#5784);
#5783 = CARTESIAN_POINT('',(-0.,0.));
#5784 = VECTOR('',#5785,1.);
#5785 = DIRECTION('',(-0.,1.));
#5786 = ( GEOMETRIC_REPRESENTATION_CONTEXT(2) 
PARAMETRIC_REPRESENTATION_CONTEXT() REPRESENTATION_CONTEXT('2D SPACE',''
  ) );
#5787 = ORIENTED_EDGE('',*,*,#5788,.T.);
#5788 = EDGE_CURVE('',#5761,#5789,#5791,.T.);
#5789 = VERTEX_POINT('',#5790);
#5790 = CARTESIAN_POINT('',(16.7,3.5,0.));
#5791 = SURFACE_CURVE('',#5792,(#5797,#5808),.PCURVE_S1.);
#5792 = CIRCLE('',#5793,0.7);
#5793 = AXIS2_PLACEMENT_3D('',#5794,#5795,#5796);
#5794 = CARTESIAN_POINT('',(16.,3.5,0.));
#5795 = DIRECTION('',(0.,0.,-1.));
#5796 = DIRECTION('',(0.,1.,0.));
#5797 = PCURVE('',#4066,#5798);
#5798 = DEFINITIONAL_REPRESENTATION('',(#5799),#5807);
#5799 = ( BOUNDED_CURVE() B_SPLINE_CURVE(2,(#5800,#5801,#5802,#5803,
#5804,#5805,#5806),.UNSPECIFIED.,.T.,.F.) B_SPLINE_CURVE_WITH_KNOTS((1,2
    ,2,2,2,1),(-2.094395102393,0.,2.094395102393,4.188790204786,
6.28318530718,8.377580409573),.UNSPECIFIED.) CURVE() 
GEOMETRIC_REPRESENTATION_ITEM() RATIONAL_B_SPLINE_CURVE((1.,0.5,1.,0.5,
1.,0.5,1.)) REPRESENTATION_ITEM('') );
#5800 = CARTESIAN_POINT('',(7.,-3.3));
#5801 = CARTESIAN_POINT('',(8.212435565298,-3.3));
#5802 = CARTESIAN_POINT('',(7.606217782649,-4.35));
#5803 = CARTESIAN_POINT('',(7.,-5.4));
#5804 = CARTESIAN_POINT('',(6.393782217351,-4.35));
#5805 = CARTESIAN_POINT('',(5.787564434702,-3.3));
#5806 = CARTESIAN_POINT('',(7.,-3.3));
#5807 = ( GEOMETRIC_REPRESENTATION_CONTEXT(2) 
PARAMETRIC_REPRESENTATION_CONTEXT() REPRESENTATION_CONTEXT('2D SPACE',''
  ) );
#5808 = PCURVE('',#5809,#5814);
#5809 = TOROIDAL_SURFACE('',#5810,0.7,0.2);
#5810 = AXIS2_PLACEMENT_3D('',#5811,#5812,#5813);
#5811 = CARTESIAN_POINT('',(16.,3.5,0.2));
#5812 = DIRECTION('',(-0.,-0.,-1.));
#5813 = DIRECTION('',(0.,1.,0.));
#5814 = DEFINITIONAL_REPRESENTATION('',(#5815),#5819);
#5815 = LINE('',#5816,#5817);
#5816 = CARTESIAN_POINT('',(0.,1.570796326795));
#5817 = VECTOR('',#5818,1.);
#5818 = DIRECTION('',(1.,0.));
#5819 = ( GEOMETRIC_REPRESENTATION_CONTEXT(2) 
PARAMETRIC_REPRESENTATION_CONTEXT() REPRESENTATION_CONTEXT('2D SPACE',''
  ) );
#5820 = ORIENTED_EDGE('',*,*,#5821,.T.);
#5821 = EDGE_CURVE('',#5789,#5822,#5824,.T.);
#5822 = VERTEX_POINT('',#5823);
#5823 = CARTESIAN_POINT('',(16.7,0.,-2.775557561563E-17));
#5824 = SURFACE_CURVE('',#5825,(#5829,#5836),.PCURVE_S1.);
#5825 = LINE('',#5826,#5827);
#5826 = CARTESIAN_POINT('',(16.7,3.5,-2.775557561563E-17));
#5827 = VECTOR('',#5828,1.);
#5828 = DIRECTION('',(-0.,-1.,-0.));
#5829 = PCURVE('',#4066,#5830);
#5830 = DEFINITIONAL_REPRESENTATION('',(#5831),#5835);
#5831 = LINE('',#5832,#5833);
#5832 = CARTESIAN_POINT('',(7.7,-4.));
#5833 = VECTOR('',#5834,1.);
#5834 = DIRECTION('',(0.,-1.));
#5835 = ( GEOMETRIC_REPRESENTATION_CONTEXT(2) 
PARAMETRIC_REPRESENTATION_CONTEXT() REPRESENTATION_CONTEXT('2D SPACE',''
  ) );
#5836 = PCURVE('',#5837,#5842);
#5837 = CYLINDRICAL_SURFACE('',#5838,0.2);
#5838 = AXIS2_PLACEMENT_3D('',#5839,#5840,#5841);
#5839 = CARTESIAN_POINT('',(16.7,3.5,0.2));
#5840 = DIRECTION('',(-0.,-1.,-0.));
#5841 = DIRECTION('',(0.,0.,-1.));
#5842 = DEFINITIONAL_REPRESENTATION('',(#5843),#5847);
#5843 = LINE('',#5844,#5845);
#5844 = CARTESIAN_POINT('',(-0.,0.));
#5845 = VECTOR('',#5846,1.);
#5846 = DIRECTION('',(-0.,1.));
#5847 = ( GEOMETRIC_REPRESENTATION_CONTEXT(2) 
PARAMETRIC_REPRESENTATION_CONTEXT() REPRESENTATION_CONTEXT('2D SPACE',''
  ) );
#5848 = ORIENTED_EDGE('',*,*,#5849,.F.);
#5849 = EDGE_CURVE('',#4927,#5822,#5850,.T.);
#5850 = SURFACE_CURVE('',#5851,(#5855,#5862),.PCURVE_S1.);
#5851 = LINE('',#5852,#5853);
#5852 = CARTESIAN_POINT('',(18.,0.,0.));
#5853 = VECTOR('',#5854,1.);
#5854 = DIRECTION('',(-1.,0.,0.));
#5855 = PCURVE('',#4066,#5856);
#5856 = DEFINITIONAL_REPRESENTATION('',(#5857),#5861);
#5857 = LINE('',#5858,#5859);
#5858 = CARTESIAN_POINT('',(9.,-7.5));
#5859 = VECTOR('',#5860,1.);
#5860 = DIRECTION('',(-1.,0.));
#5861 = ( GEOMETRIC_REPRESENTATION_CONTEXT(2) 
PARAMETRIC_REPRESENTATION_CONTEXT() REPRESENTATION_CONTEXT('2D SPACE',''
  ) );
#5862 = PCURVE('',#5028,#5863);
#5863 = DEFINITIONAL_REPRESENTATION('',(#5864),#5868);
#5864 = LINE('',#5865,#5866);
#5865 = CARTESIAN_POINT('',(0.,-0.));
#5866 = VECTOR('',#5867,1.);
#5867 = DIRECTION('',(1.,0.));
#5868 = ( GEOMETRIC_REPRESENTATION_CONTEXT(2) 
PARAMETRIC_REPRESENTATION_CONTEXT() REPRESENTATION_CONTEXT('2D SPACE',''
  ) );
#5869 = ORIENTED_EDGE('',*,*,#4926,.F.);
#5870 = ADVANCED_FACE('',(#5871),#4121,.F.);
#5871 = FACE_BOUND('',#5872,.F.);
#5872 = EDGE_LOOP('',(#5873,#5874,#5875,#5876,#5900,#5928));
#5873 = ORIENTED_EDGE('',*,*,#5503,.F.);
#5874 = ORIENTED_EDGE('',*,*,#4105,.T.);
#5875 = ORIENTED_EDGE('',*,*,#5456,.F.);
#5876 = ORIENTED_EDGE('',*,*,#5877,.T.);
#5877 = EDGE_CURVE('',#5429,#5878,#5880,.T.);
#5878 = VERTEX_POINT('',#5879);
#5879 = CARTESIAN_POINT('',(1.5,0.,1.3));
#5880 = SURFACE_CURVE('',#5881,(#5886,#5893),.PCURVE_S1.);
#5881 = CIRCLE('',#5882,0.2);
#5882 = AXIS2_PLACEMENT_3D('',#5883,#5884,#5885);
#5883 = CARTESIAN_POINT('',(1.3,0.,1.3));
#5884 = DIRECTION('',(0.,1.,0.));
#5885 = DIRECTION('',(0.,0.,-1.));
#5886 = PCURVE('',#4121,#5887);
#5887 = DEFINITIONAL_REPRESENTATION('',(#5888),#5892);
#5888 = CIRCLE('',#5889,0.2);
#5889 = AXIS2_PLACEMENT_2D('',#5890,#5891);
#5890 = CARTESIAN_POINT('',(1.3,-1.3));
#5891 = DIRECTION('',(0.,1.));
#5892 = ( GEOMETRIC_REPRESENTATION_CONTEXT(2) 
PARAMETRIC_REPRESENTATION_CONTEXT() REPRESENTATION_CONTEXT('2D SPACE',''
  ) );
#5893 = PCURVE('',#5444,#5894);
#5894 = DEFINITIONAL_REPRESENTATION('',(#5895),#5899);
#5895 = LINE('',#5896,#5897);
#5896 = CARTESIAN_POINT('',(3.14159265359,3.5));
#5897 = VECTOR('',#5898,1.);
#5898 = DIRECTION('',(-1.,0.));
#5899 = ( GEOMETRIC_REPRESENTATION_CONTEXT(2) 
PARAMETRIC_REPRESENTATION_CONTEXT() REPRESENTATION_CONTEXT('2D SPACE',''
  ) );
#5900 = ORIENTED_EDGE('',*,*,#5901,.F.);
#5901 = EDGE_CURVE('',#5902,#5878,#5904,.T.);
#5902 = VERTEX_POINT('',#5903);
#5903 = CARTESIAN_POINT('',(1.5,0.,0.2));
#5904 = SURFACE_CURVE('',#5905,(#5909,#5916),.PCURVE_S1.);
#5905 = LINE('',#5906,#5907);
#5906 = CARTESIAN_POINT('',(1.5,0.,0.));
#5907 = VECTOR('',#5908,1.);
#5908 = DIRECTION('',(0.,0.,1.));
#5909 = PCURVE('',#4121,#5910);
#5910 = DEFINITIONAL_REPRESENTATION('',(#5911),#5915);
#5911 = LINE('',#5912,#5913);
#5912 = CARTESIAN_POINT('',(1.5,0.));
#5913 = VECTOR('',#5914,1.);
#5914 = DIRECTION('',(0.,-1.));
#5915 = ( GEOMETRIC_REPRESENTATION_CONTEXT(2) 
PARAMETRIC_REPRESENTATION_CONTEXT() REPRESENTATION_CONTEXT('2D SPACE',''
  ) );
#5916 = PCURVE('',#5917,#5922);
#5917 = PLANE('',#5918);
#5918 = AXIS2_PLACEMENT_3D('',#5919,#5920,#5921);
#5919 = CARTESIAN_POINT('',(1.5,0.,0.));
#5920 = DIRECTION('',(-1.,0.,0.));
#5921 = DIRECTION('',(0.,1.,0.));
#5922 = DEFINITIONAL_REPRESENTATION('',(#5923),#5927);
#5923 = LINE('',#5924,#5925);
#5924 = CARTESIAN_POINT('',(0.,0.));
#5925 = VECTOR('',#5926,1.);
#5926 = DIRECTION('',(0.,-1.));
#5927 = ( GEOMETRIC_REPRESENTATION_CONTEXT(2) 
PARAMETRIC_REPRESENTATION_CONTEXT() REPRESENTATION_CONTEXT('2D SPACE',''
  ) );
#5928 = ORIENTED_EDGE('',*,*,#5929,.F.);
#5929 = EDGE_CURVE('',#5504,#5902,#5930,.T.);
#5930 = SURFACE_CURVE('',#5931,(#5936,#5947),.PCURVE_S1.);
#5931 = CIRCLE('',#5932,0.2);
#5932 = AXIS2_PLACEMENT_3D('',#5933,#5934,#5935);
#5933 = CARTESIAN_POINT('',(1.3,0.,0.2));
#5934 = DIRECTION('',(0.,-1.,0.));
#5935 = DIRECTION('',(0.,0.,1.));
#5936 = PCURVE('',#4121,#5937);
#5937 = DEFINITIONAL_REPRESENTATION('',(#5938),#5946);
#5938 = ( BOUNDED_CURVE() B_SPLINE_CURVE(2,(#5939,#5940,#5941,#5942,
#5943,#5944,#5945),.UNSPECIFIED.,.T.,.F.) B_SPLINE_CURVE_WITH_KNOTS((1,2
    ,2,2,2,1),(-2.094395102393,0.,2.094395102393,4.188790204786,
6.28318530718,8.377580409573),.UNSPECIFIED.) CURVE() 
GEOMETRIC_REPRESENTATION_ITEM() RATIONAL_B_SPLINE_CURVE((1.,0.5,1.,0.5,
1.,0.5,1.)) REPRESENTATION_ITEM('') );
#5939 = CARTESIAN_POINT('',(1.3,-0.4));
#5940 = CARTESIAN_POINT('',(0.953589838486,-0.4));
#5941 = CARTESIAN_POINT('',(1.126794919243,-0.1));
#5942 = CARTESIAN_POINT('',(1.3,0.2));
#5943 = CARTESIAN_POINT('',(1.473205080757,-1.E-01));
#5944 = CARTESIAN_POINT('',(1.646410161514,-0.4));
#5945 = CARTESIAN_POINT('',(1.3,-0.4));
#5946 = ( GEOMETRIC_REPRESENTATION_CONTEXT(2) 
PARAMETRIC_REPRESENTATION_CONTEXT() REPRESENTATION_CONTEXT('2D SPACE',''
  ) );
#5947 = PCURVE('',#5542,#5948);
#5948 = DEFINITIONAL_REPRESENTATION('',(#5949),#5953);
#5949 = LINE('',#5950,#5951);
#5950 = CARTESIAN_POINT('',(3.14159265359,-0.));
#5951 = VECTOR('',#5952,1.);
#5952 = DIRECTION('',(-1.,0.));
#5953 = ( GEOMETRIC_REPRESENTATION_CONTEXT(2) 
PARAMETRIC_REPRESENTATION_CONTEXT() REPRESENTATION_CONTEXT('2D SPACE',''
  ) );
#5954 = ADVANCED_FACE('',(#5955),#4208,.T.);
#5955 = FACE_BOUND('',#5956,.T.);
#5956 = EDGE_LOOP('',(#5957,#5978,#5979,#5980));
#5957 = ORIENTED_EDGE('',*,*,#5958,.F.);
#5958 = EDGE_CURVE('',#4826,#4170,#5959,.T.);
#5959 = SURFACE_CURVE('',#5960,(#5964,#5971),.PCURVE_S1.);
#5960 = LINE('',#5961,#5962);
#5961 = CARTESIAN_POINT('',(18.,16.,1.5));
#5962 = VECTOR('',#5963,1.);
#5963 = DIRECTION('',(-1.,0.,0.));
#5964 = PCURVE('',#4208,#5965);
#5965 = DEFINITIONAL_REPRESENTATION('',(#5966),#5970);
#5966 = LINE('',#5967,#5968);
#5967 = CARTESIAN_POINT('',(0.,0.));
#5968 = VECTOR('',#5969,1.);
#5969 = DIRECTION('',(0.,1.));
#5970 = ( GEOMETRIC_REPRESENTATION_CONTEXT(2) 
PARAMETRIC_REPRESENTATION_CONTEXT() REPRESENTATION_CONTEXT('2D SPACE',''
  ) );
#5971 = PCURVE('',#4288,#5972);
#5972 = DEFINITIONAL_REPRESENTATION('',(#5973),#5977);
#5973 = LINE('',#5974,#5975);
#5974 = CARTESIAN_POINT('',(-7.5,9.));
#5975 = VECTOR('',#5976,1.);
#5976 = DIRECTION('',(0.,-1.));
#5977 = ( GEOMETRIC_REPRESENTATION_CONTEXT(2) 
PARAMETRIC_REPRESENTATION_CONTEXT() REPRESENTATION_CONTEXT('2D SPACE',''
  ) );
#5978 = ORIENTED_EDGE('',*,*,#4900,.T.);
#5979 = ORIENTED_EDGE('',*,*,#5481,.T.);
#5980 = ORIENTED_EDGE('',*,*,#4193,.T.);
#5981 = ADVANCED_FACE('',(#5982,#5988),#4288,.T.);
#5982 = FACE_BOUND('',#5983,.T.);
#5983 = EDGE_LOOP('',(#5984,#5985,#5986,#5987));
#5984 = ORIENTED_EDGE('',*,*,#5958,.T.);
#5985 = ORIENTED_EDGE('',*,*,#4272,.T.);
#5986 = ORIENTED_EDGE('',*,*,#4539,.F.);
#5987 = ORIENTED_EDGE('',*,*,#4825,.T.);
#5988 = FACE_BOUND('',#5989,.T.);
#5989 = EDGE_LOOP('',(#5990));
#5990 = ORIENTED_EDGE('',*,*,#5991,.F.);
#5991 = EDGE_CURVE('',#5992,#5992,#5994,.T.);
#5992 = VERTEX_POINT('',#5993);
#5993 = CARTESIAN_POINT('',(14.5,16.,9.));
#5994 = SURFACE_CURVE('',#5995,(#6000,#6007),.PCURVE_S1.);
#5995 = CIRCLE('',#5996,5.5);
#5996 = AXIS2_PLACEMENT_3D('',#5997,#5998,#5999);
#5997 = CARTESIAN_POINT('',(9.,16.,9.));
#5998 = DIRECTION('',(0.,1.,-2.22044604925E-16));
#5999 = DIRECTION('',(1.,0.,0.));
#6000 = PCURVE('',#4288,#6001);
#6001 = DEFINITIONAL_REPRESENTATION('',(#6002),#6006);
#6002 = CIRCLE('',#6003,5.5);
#6003 = AXIS2_PLACEMENT_2D('',#6004,#6005);
#6004 = CARTESIAN_POINT('',(0.,0.));
#6005 = DIRECTION('',(0.,1.));
#6006 = ( GEOMETRIC_REPRESENTATION_CONTEXT(2) 
PARAMETRIC_REPRESENTATION_CONTEXT() REPRESENTATION_CONTEXT('2D SPACE',''
  ) );
#6007 = PCURVE('',#6008,#6013);
#6008 = CONICAL_SURFACE('',#6009,5.5,0.785398163397);
#6009 = AXIS2_PLACEMENT_3D('',#6010,#6011,#6012);
#6010 = CARTESIAN_POINT('',(9.,16.,9.));
#6011 = DIRECTION('',(0.,1.,-2.22044604925E-16));
#6012 = DIRECTION('',(1.,0.,0.));
#6013 = DEFINITIONAL_REPRESENTATION('',(#6014),#6018);
#6014 = LINE('',#6015,#6016);
#6015 = CARTESIAN_POINT('',(0.,-0.));
#6016 = VECTOR('',#6017,1.);
#6017 = DIRECTION('',(1.,-0.));
#6018 = ( GEOMETRIC_REPRESENTATION_CONTEXT(2) 
PARAMETRIC_REPRESENTATION_CONTEXT() REPRESENTATION_CONTEXT('2D SPACE',''
  ) );
#6019 = ADVANCED_FACE('',(#6020,#6023),#4430,.F.);
#6020 = FACE_BOUND('',#6021,.F.);
#6021 = EDGE_LOOP('',(#6022));
#6022 = ORIENTED_EDGE('',*,*,#4415,.T.);
#6023 = FACE_BOUND('',#6024,.F.);
#6024 = EDGE_LOOP('',(#6025));
#6025 = ORIENTED_EDGE('',*,*,#6026,.F.);
#6026 = EDGE_CURVE('',#6027,#6027,#6029,.T.);
#6027 = VERTEX_POINT('',#6028);
#6028 = CARTESIAN_POINT('',(12.414,11.,9.));
#6029 = SURFACE_CURVE('',#6030,(#6035,#6042),.PCURVE_S1.);
#6030 = CIRCLE('',#6031,3.414);
#6031 = AXIS2_PLACEMENT_3D('',#6032,#6033,#6034);
#6032 = CARTESIAN_POINT('',(9.,11.,9.));
#6033 = DIRECTION('',(0.,1.,-2.22044604925E-16));
#6034 = DIRECTION('',(1.,0.,0.));
#6035 = PCURVE('',#4430,#6036);
#6036 = DEFINITIONAL_REPRESENTATION('',(#6037),#6041);
#6037 = CIRCLE('',#6038,3.414);
#6038 = AXIS2_PLACEMENT_2D('',#6039,#6040);
#6039 = CARTESIAN_POINT('',(0.,0.));
#6040 = DIRECTION('',(0.,1.));
#6041 = ( GEOMETRIC_REPRESENTATION_CONTEXT(2) 
PARAMETRIC_REPRESENTATION_CONTEXT() REPRESENTATION_CONTEXT('2D SPACE',''
  ) );
#6042 = PCURVE('',#6043,#6048);
#6043 = CYLINDRICAL_SURFACE('',#6044,3.414);
#6044 = AXIS2_PLACEMENT_3D('',#6045,#6046,#6047);
#6045 = CARTESIAN_POINT('',(9.,13.914,9.));
#6046 = DIRECTION('',(0.,-1.,2.22044604925E-16));
#6047 = DIRECTION('',(1.,0.,0.));
#6048 = DEFINITIONAL_REPRESENTATION('',(#6049),#6053);
#6049 = LINE('',#6050,#6051);
#6050 = CARTESIAN_POINT('',(-0.,2.914));
#6051 = VECTOR('',#6052,1.);
#6052 = DIRECTION('',(-1.,0.));
#6053 = ( GEOMETRIC_REPRESENTATION_CONTEXT(2) 
PARAMETRIC_REPRESENTATION_CONTEXT() REPRESENTATION_CONTEXT('2D SPACE',''
  ) );
#6054 = ADVANCED_FACE('',(#6055),#5028,.T.);
#6055 = FACE_BOUND('',#6056,.T.);
#6056 = EDGE_LOOP('',(#6057,#6058,#6059,#6060,#6084,#6112));
#6057 = ORIENTED_EDGE('',*,*,#5849,.F.);
#6058 = ORIENTED_EDGE('',*,*,#5012,.T.);
#6059 = ORIENTED_EDGE('',*,*,#5105,.T.);
#6060 = ORIENTED_EDGE('',*,*,#6061,.T.);
#6061 = EDGE_CURVE('',#5106,#6062,#6064,.T.);
#6062 = VERTEX_POINT('',#6063);
#6063 = CARTESIAN_POINT('',(16.5,0.,1.3));
#6064 = SURFACE_CURVE('',#6065,(#6070,#6077),.PCURVE_S1.);
#6065 = CIRCLE('',#6066,0.2);
#6066 = AXIS2_PLACEMENT_3D('',#6067,#6068,#6069);
#6067 = CARTESIAN_POINT('',(16.7,0.,1.3));
#6068 = DIRECTION('',(0.,-1.,0.));
#6069 = DIRECTION('',(0.,0.,1.));
#6070 = PCURVE('',#5028,#6071);
#6071 = DEFINITIONAL_REPRESENTATION('',(#6072),#6076);
#6072 = CIRCLE('',#6073,0.2);
#6073 = AXIS2_PLACEMENT_2D('',#6074,#6075);
#6074 = CARTESIAN_POINT('',(1.3,-1.3));
#6075 = DIRECTION('',(0.,-1.));
#6076 = ( GEOMETRIC_REPRESENTATION_CONTEXT(2) 
PARAMETRIC_REPRESENTATION_CONTEXT() REPRESENTATION_CONTEXT('2D SPACE',''
  ) );
#6077 = PCURVE('',#5144,#6078);
#6078 = DEFINITIONAL_REPRESENTATION('',(#6079),#6083);
#6079 = LINE('',#6080,#6081);
#6080 = CARTESIAN_POINT('',(-0.,0.));
#6081 = VECTOR('',#6082,1.);
#6082 = DIRECTION('',(-1.,0.));
#6083 = ( GEOMETRIC_REPRESENTATION_CONTEXT(2) 
PARAMETRIC_REPRESENTATION_CONTEXT() REPRESENTATION_CONTEXT('2D SPACE',''
  ) );
#6084 = ORIENTED_EDGE('',*,*,#6085,.F.);
#6085 = EDGE_CURVE('',#6086,#6062,#6088,.T.);
#6086 = VERTEX_POINT('',#6087);
#6087 = CARTESIAN_POINT('',(16.5,0.,0.2));
#6088 = SURFACE_CURVE('',#6089,(#6093,#6100),.PCURVE_S1.);
#6089 = LINE('',#6090,#6091);
#6090 = CARTESIAN_POINT('',(16.5,0.,0.));
#6091 = VECTOR('',#6092,1.);
#6092 = DIRECTION('',(0.,0.,1.));
#6093 = PCURVE('',#5028,#6094);
#6094 = DEFINITIONAL_REPRESENTATION('',(#6095),#6099);
#6095 = LINE('',#6096,#6097);
#6096 = CARTESIAN_POINT('',(1.5,0.));
#6097 = VECTOR('',#6098,1.);
#6098 = DIRECTION('',(0.,-1.));
#6099 = ( GEOMETRIC_REPRESENTATION_CONTEXT(2) 
PARAMETRIC_REPRESENTATION_CONTEXT() REPRESENTATION_CONTEXT('2D SPACE',''
  ) );
#6100 = PCURVE('',#6101,#6106);
#6101 = PLANE('',#6102);
#6102 = AXIS2_PLACEMENT_3D('',#6103,#6104,#6105);
#6103 = CARTESIAN_POINT('',(16.5,0.,0.));
#6104 = DIRECTION('',(-1.,0.,0.));
#6105 = DIRECTION('',(0.,1.,0.));
#6106 = DEFINITIONAL_REPRESENTATION('',(#6107),#6111);
#6107 = LINE('',#6108,#6109);
#6108 = CARTESIAN_POINT('',(0.,0.));
#6109 = VECTOR('',#6110,1.);
#6110 = DIRECTION('',(0.,-1.));
#6111 = ( GEOMETRIC_REPRESENTATION_CONTEXT(2) 
PARAMETRIC_REPRESENTATION_CONTEXT() REPRESENTATION_CONTEXT('2D SPACE',''
  ) );
#6112 = ORIENTED_EDGE('',*,*,#6113,.F.);
#6113 = EDGE_CURVE('',#5822,#6086,#6114,.T.);
#6114 = SURFACE_CURVE('',#6115,(#6120,#6131),.PCURVE_S1.);
#6115 = CIRCLE('',#6116,0.2);
#6116 = AXIS2_PLACEMENT_3D('',#6117,#6118,#6119);
#6117 = CARTESIAN_POINT('',(16.7,0.,0.2));
#6118 = DIRECTION('',(0.,1.,0.));
#6119 = DIRECTION('',(0.,0.,-1.));
#6120 = PCURVE('',#5028,#6121);
#6121 = DEFINITIONAL_REPRESENTATION('',(#6122),#6130);
#6122 = ( BOUNDED_CURVE() B_SPLINE_CURVE(2,(#6123,#6124,#6125,#6126,
#6127,#6128,#6129),.UNSPECIFIED.,.T.,.F.) B_SPLINE_CURVE_WITH_KNOTS((1,2
    ,2,2,2,1),(-2.094395102393,0.,2.094395102393,4.188790204786,
6.28318530718,8.377580409573),.UNSPECIFIED.) CURVE() 
GEOMETRIC_REPRESENTATION_ITEM() RATIONAL_B_SPLINE_CURVE((1.,0.5,1.,0.5,
1.,0.5,1.)) REPRESENTATION_ITEM('') );
#6123 = CARTESIAN_POINT('',(1.3,2.775557561563E-17));
#6124 = CARTESIAN_POINT('',(1.646410161514,2.775557561563E-17));
#6125 = CARTESIAN_POINT('',(1.473205080757,-0.3));
#6126 = CARTESIAN_POINT('',(1.3,-0.6));
#6127 = CARTESIAN_POINT('',(1.126794919243,-0.3));
#6128 = CARTESIAN_POINT('',(0.953589838486,-2.775557561563E-16));
#6129 = CARTESIAN_POINT('',(1.3,2.775557561563E-17));
#6130 = ( GEOMETRIC_REPRESENTATION_CONTEXT(2) 
PARAMETRIC_REPRESENTATION_CONTEXT() REPRESENTATION_CONTEXT('2D SPACE',''
  ) );
#6131 = PCURVE('',#5837,#6132);
#6132 = DEFINITIONAL_REPRESENTATION('',(#6133),#6137);
#6133 = LINE('',#6134,#6135);
#6134 = CARTESIAN_POINT('',(-0.,3.5));
#6135 = VECTOR('',#6136,1.);
#6136 = DIRECTION('',(-1.,0.));
#6137 = ( GEOMETRIC_REPRESENTATION_CONTEXT(2) 
PARAMETRIC_REPRESENTATION_CONTEXT() REPRESENTATION_CONTEXT('2D SPACE',''
  ) );
#6138 = ADVANCED_FACE('',(#6139),#5444,.T.);
#6139 = FACE_BOUND('',#6140,.F.);
#6140 = EDGE_LOOP('',(#6141,#6165,#6186,#6187));
#6141 = ORIENTED_EDGE('',*,*,#6142,.T.);
#6142 = EDGE_CURVE('',#5396,#6143,#6145,.T.);
#6143 = VERTEX_POINT('',#6144);
#6144 = CARTESIAN_POINT('',(1.5,3.5,1.3));
#6145 = SURFACE_CURVE('',#6146,(#6151,#6158),.PCURVE_S1.);
#6146 = CIRCLE('',#6147,0.2);
#6147 = AXIS2_PLACEMENT_3D('',#6148,#6149,#6150);
#6148 = CARTESIAN_POINT('',(1.3,3.5,1.3));
#6149 = DIRECTION('',(6.123233995737E-17,1.,-0.));
#6150 = DIRECTION('',(-1.,6.123233995737E-17,0.));
#6151 = PCURVE('',#5444,#6152);
#6152 = DEFINITIONAL_REPRESENTATION('',(#6153),#6157);
#6153 = LINE('',#6154,#6155);
#6154 = CARTESIAN_POINT('',(1.570796326795,-0.));
#6155 = VECTOR('',#6156,1.);
#6156 = DIRECTION('',(-1.,0.));
#6157 = ( GEOMETRIC_REPRESENTATION_CONTEXT(2) 
PARAMETRIC_REPRESENTATION_CONTEXT() REPRESENTATION_CONTEXT('2D SPACE',''
  ) );
#6158 = PCURVE('',#5416,#6159);
#6159 = DEFINITIONAL_REPRESENTATION('',(#6160),#6164);
#6160 = LINE('',#6161,#6162);
#6161 = CARTESIAN_POINT('',(1.570796326795,0.));
#6162 = VECTOR('',#6163,1.);
#6163 = DIRECTION('',(0.,1.));
#6164 = ( GEOMETRIC_REPRESENTATION_CONTEXT(2) 
PARAMETRIC_REPRESENTATION_CONTEXT() REPRESENTATION_CONTEXT('2D SPACE',''
  ) );
#6165 = ORIENTED_EDGE('',*,*,#6166,.T.);
#6166 = EDGE_CURVE('',#6143,#5878,#6167,.T.);
#6167 = SURFACE_CURVE('',#6168,(#6172,#6179),.PCURVE_S1.);
#6168 = LINE('',#6169,#6170);
#6169 = CARTESIAN_POINT('',(1.5,3.5,1.3));
#6170 = VECTOR('',#6171,1.);
#6171 = DIRECTION('',(-0.,-1.,-0.));
#6172 = PCURVE('',#5444,#6173);
#6173 = DEFINITIONAL_REPRESENTATION('',(#6174),#6178);
#6174 = LINE('',#6175,#6176);
#6175 = CARTESIAN_POINT('',(-1.570796326795,0.));
#6176 = VECTOR('',#6177,1.);
#6177 = DIRECTION('',(-0.,1.));
#6178 = ( GEOMETRIC_REPRESENTATION_CONTEXT(2) 
PARAMETRIC_REPRESENTATION_CONTEXT() REPRESENTATION_CONTEXT('2D SPACE',''
  ) );
#6179 = PCURVE('',#5917,#6180);
#6180 = DEFINITIONAL_REPRESENTATION('',(#6181),#6185);
#6181 = LINE('',#6182,#6183);
#6182 = CARTESIAN_POINT('',(3.5,-1.3));
#6183 = VECTOR('',#6184,1.);
#6184 = DIRECTION('',(-1.,0.));
#6185 = ( GEOMETRIC_REPRESENTATION_CONTEXT(2) 
PARAMETRIC_REPRESENTATION_CONTEXT() REPRESENTATION_CONTEXT('2D SPACE',''
  ) );
#6186 = ORIENTED_EDGE('',*,*,#5877,.F.);
#6187 = ORIENTED_EDGE('',*,*,#5428,.F.);
#6188 = ADVANCED_FACE('',(#6189),#5416,.T.);
#6189 = FACE_BOUND('',#6190,.T.);
#6190 = EDGE_LOOP('',(#6191,#6215,#6216,#6217));
#6191 = ORIENTED_EDGE('',*,*,#6192,.F.);
#6192 = EDGE_CURVE('',#5368,#6193,#6195,.T.);
#6193 = VERTEX_POINT('',#6194);
#6194 = CARTESIAN_POINT('',(2.,4.,1.3));
#6195 = SURFACE_CURVE('',#6196,(#6201,#6208),.PCURVE_S1.);
#6196 = CIRCLE('',#6197,0.2);
#6197 = AXIS2_PLACEMENT_3D('',#6198,#6199,#6200);
#6198 = CARTESIAN_POINT('',(2.,4.2,1.3));
#6199 = DIRECTION('',(1.,0.,-0.));
#6200 = DIRECTION('',(0.,0.,1.));
#6201 = PCURVE('',#5416,#6202);
#6202 = DEFINITIONAL_REPRESENTATION('',(#6203),#6207);
#6203 = LINE('',#6204,#6205);
#6204 = CARTESIAN_POINT('',(0.,1.570796326795));
#6205 = VECTOR('',#6206,1.);
#6206 = DIRECTION('',(0.,1.));
#6207 = ( GEOMETRIC_REPRESENTATION_CONTEXT(2) 
PARAMETRIC_REPRESENTATION_CONTEXT() REPRESENTATION_CONTEXT('2D SPACE',''
  ) );
#6208 = PCURVE('',#5383,#6209);
#6209 = DEFINITIONAL_REPRESENTATION('',(#6210),#6214);
#6210 = LINE('',#6211,#6212);
#6211 = CARTESIAN_POINT('',(-0.,5.75));
#6212 = VECTOR('',#6213,1.);
#6213 = DIRECTION('',(-1.,0.));
#6214 = ( GEOMETRIC_REPRESENTATION_CONTEXT(2) 
PARAMETRIC_REPRESENTATION_CONTEXT() REPRESENTATION_CONTEXT('2D SPACE',''
  ) );
#6215 = ORIENTED_EDGE('',*,*,#5395,.T.);
#6216 = ORIENTED_EDGE('',*,*,#6142,.T.);
#6217 = ORIENTED_EDGE('',*,*,#6218,.F.);
#6218 = EDGE_CURVE('',#6193,#6143,#6219,.T.);
#6219 = SURFACE_CURVE('',#6220,(#6225,#6232),.PCURVE_S1.);
#6220 = CIRCLE('',#6221,0.5);
#6221 = AXIS2_PLACEMENT_3D('',#6222,#6223,#6224);
#6222 = CARTESIAN_POINT('',(2.,3.5,1.3));
#6223 = DIRECTION('',(0.,-0.,1.));
#6224 = DIRECTION('',(0.,1.,0.));
#6225 = PCURVE('',#5416,#6226);
#6226 = DEFINITIONAL_REPRESENTATION('',(#6227),#6231);
#6227 = LINE('',#6228,#6229);
#6228 = CARTESIAN_POINT('',(0.,3.14159265359));
#6229 = VECTOR('',#6230,1.);
#6230 = DIRECTION('',(1.,0.));
#6231 = ( GEOMETRIC_REPRESENTATION_CONTEXT(2) 
PARAMETRIC_REPRESENTATION_CONTEXT() REPRESENTATION_CONTEXT('2D SPACE',''
  ) );
#6232 = PCURVE('',#6233,#6238);
#6233 = CYLINDRICAL_SURFACE('',#6234,0.5);
#6234 = AXIS2_PLACEMENT_3D('',#6235,#6236,#6237);
#6235 = CARTESIAN_POINT('',(2.,3.5,0.));
#6236 = DIRECTION('',(0.,0.,1.));
#6237 = DIRECTION('',(-1.,0.,0.));
#6238 = DEFINITIONAL_REPRESENTATION('',(#6239),#6243);
#6239 = LINE('',#6240,#6241);
#6240 = CARTESIAN_POINT('',(-1.570796326795,1.3));
#6241 = VECTOR('',#6242,1.);
#6242 = DIRECTION('',(1.,-0.));
#6243 = ( GEOMETRIC_REPRESENTATION_CONTEXT(2) 
PARAMETRIC_REPRESENTATION_CONTEXT() REPRESENTATION_CONTEXT('2D SPACE',''
  ) );
#6244 = ADVANCED_FACE('',(#6245),#5383,.T.);
#6245 = FACE_BOUND('',#6246,.F.);
#6246 = EDGE_LOOP('',(#6247,#6271,#6297,#6298));
#6247 = ORIENTED_EDGE('',*,*,#6248,.T.);
#6248 = EDGE_CURVE('',#5335,#6249,#6251,.T.);
#6249 = VERTEX_POINT('',#6250);
#6250 = CARTESIAN_POINT('',(7.75,4.,1.3));
#6251 = SURFACE_CURVE('',#6252,(#6257,#6264),.PCURVE_S1.);
#6252 = CIRCLE('',#6253,0.2);
#6253 = AXIS2_PLACEMENT_3D('',#6254,#6255,#6256);
#6254 = CARTESIAN_POINT('',(7.75,4.2,1.3));
#6255 = DIRECTION('',(1.,-6.123233995737E-17,0.));
#6256 = DIRECTION('',(6.123233995737E-17,1.,0.));
#6257 = PCURVE('',#5383,#6258);
#6258 = DEFINITIONAL_REPRESENTATION('',(#6259),#6263);
#6259 = LINE('',#6260,#6261);
#6260 = CARTESIAN_POINT('',(1.570796326795,-0.));
#6261 = VECTOR('',#6262,1.);
#6262 = DIRECTION('',(-1.,0.));
#6263 = ( GEOMETRIC_REPRESENTATION_CONTEXT(2) 
PARAMETRIC_REPRESENTATION_CONTEXT() REPRESENTATION_CONTEXT('2D SPACE',''
  ) );
#6264 = PCURVE('',#5355,#6265);
#6265 = DEFINITIONAL_REPRESENTATION('',(#6266),#6270);
#6266 = LINE('',#6267,#6268);
#6267 = CARTESIAN_POINT('',(1.570796326795,0.));
#6268 = VECTOR('',#6269,1.);
#6269 = DIRECTION('',(0.,1.));
#6270 = ( GEOMETRIC_REPRESENTATION_CONTEXT(2) 
PARAMETRIC_REPRESENTATION_CONTEXT() REPRESENTATION_CONTEXT('2D SPACE',''
  ) );
#6271 = ORIENTED_EDGE('',*,*,#6272,.T.);
#6272 = EDGE_CURVE('',#6249,#6193,#6273,.T.);
#6273 = SURFACE_CURVE('',#6274,(#6278,#6285),.PCURVE_S1.);
#6274 = LINE('',#6275,#6276);
#6275 = CARTESIAN_POINT('',(7.75,4.,1.3));
#6276 = VECTOR('',#6277,1.);
#6277 = DIRECTION('',(-1.,0.,0.));
#6278 = PCURVE('',#5383,#6279);
#6279 = DEFINITIONAL_REPRESENTATION('',(#6280),#6284);
#6280 = LINE('',#6281,#6282);
#6281 = CARTESIAN_POINT('',(-1.570796326795,0.));
#6282 = VECTOR('',#6283,1.);
#6283 = DIRECTION('',(-0.,1.));
#6284 = ( GEOMETRIC_REPRESENTATION_CONTEXT(2) 
PARAMETRIC_REPRESENTATION_CONTEXT() REPRESENTATION_CONTEXT('2D SPACE',''
  ) );
#6285 = PCURVE('',#6286,#6291);
#6286 = PLANE('',#6287);
#6287 = AXIS2_PLACEMENT_3D('',#6288,#6289,#6290);
#6288 = CARTESIAN_POINT('',(1.5,4.,0.));
#6289 = DIRECTION('',(0.,1.,0.));
#6290 = DIRECTION('',(1.,0.,0.));
#6291 = DEFINITIONAL_REPRESENTATION('',(#6292),#6296);
#6292 = LINE('',#6293,#6294);
#6293 = CARTESIAN_POINT('',(6.25,-1.3));
#6294 = VECTOR('',#6295,1.);
#6295 = DIRECTION('',(-1.,0.));
#6296 = ( GEOMETRIC_REPRESENTATION_CONTEXT(2) 
PARAMETRIC_REPRESENTATION_CONTEXT() REPRESENTATION_CONTEXT('2D SPACE',''
  ) );
#6297 = ORIENTED_EDGE('',*,*,#6192,.F.);
#6298 = ORIENTED_EDGE('',*,*,#5367,.F.);
#6299 = ADVANCED_FACE('',(#6300),#5144,.T.);
#6300 = FACE_BOUND('',#6301,.F.);
#6301 = EDGE_LOOP('',(#6302,#6303,#6326,#6348));
#6302 = ORIENTED_EDGE('',*,*,#6061,.T.);
#6303 = ORIENTED_EDGE('',*,*,#6304,.T.);
#6304 = EDGE_CURVE('',#6062,#6305,#6307,.T.);
#6305 = VERTEX_POINT('',#6306);
#6306 = CARTESIAN_POINT('',(16.5,3.5,1.3));
#6307 = SURFACE_CURVE('',#6308,(#6312,#6319),.PCURVE_S1.);
#6308 = LINE('',#6309,#6310);
#6309 = CARTESIAN_POINT('',(16.5,0.,1.3));
#6310 = VECTOR('',#6311,1.);
#6311 = DIRECTION('',(0.,1.,0.));
#6312 = PCURVE('',#5144,#6313);
#6313 = DEFINITIONAL_REPRESENTATION('',(#6314),#6318);
#6314 = LINE('',#6315,#6316);
#6315 = CARTESIAN_POINT('',(-1.570796326795,0.));
#6316 = VECTOR('',#6317,1.);
#6317 = DIRECTION('',(-0.,1.));
#6318 = ( GEOMETRIC_REPRESENTATION_CONTEXT(2) 
PARAMETRIC_REPRESENTATION_CONTEXT() REPRESENTATION_CONTEXT('2D SPACE',''
  ) );
#6319 = PCURVE('',#6101,#6320);
#6320 = DEFINITIONAL_REPRESENTATION('',(#6321),#6325);
#6321 = LINE('',#6322,#6323);
#6322 = CARTESIAN_POINT('',(0.,-1.3));
#6323 = VECTOR('',#6324,1.);
#6324 = DIRECTION('',(1.,0.));
#6325 = ( GEOMETRIC_REPRESENTATION_CONTEXT(2) 
PARAMETRIC_REPRESENTATION_CONTEXT() REPRESENTATION_CONTEXT('2D SPACE',''
  ) );
#6326 = ORIENTED_EDGE('',*,*,#6327,.F.);
#6327 = EDGE_CURVE('',#5129,#6305,#6328,.T.);
#6328 = SURFACE_CURVE('',#6329,(#6334,#6341),.PCURVE_S1.);
#6329 = CIRCLE('',#6330,0.2);
#6330 = AXIS2_PLACEMENT_3D('',#6331,#6332,#6333);
#6331 = CARTESIAN_POINT('',(16.7,3.5,1.3));
#6332 = DIRECTION('',(0.,-1.,0.));
#6333 = DIRECTION('',(0.,0.,1.));
#6334 = PCURVE('',#5144,#6335);
#6335 = DEFINITIONAL_REPRESENTATION('',(#6336),#6340);
#6336 = LINE('',#6337,#6338);
#6337 = CARTESIAN_POINT('',(-0.,3.5));
#6338 = VECTOR('',#6339,1.);
#6339 = DIRECTION('',(-1.,0.));
#6340 = ( GEOMETRIC_REPRESENTATION_CONTEXT(2) 
PARAMETRIC_REPRESENTATION_CONTEXT() REPRESENTATION_CONTEXT('2D SPACE',''
  ) );
#6341 = PCURVE('',#5177,#6342);
#6342 = DEFINITIONAL_REPRESENTATION('',(#6343),#6347);
#6343 = LINE('',#6344,#6345);
#6344 = CARTESIAN_POINT('',(0.,1.570796326795));
#6345 = VECTOR('',#6346,1.);
#6346 = DIRECTION('',(0.,1.));
#6347 = ( GEOMETRIC_REPRESENTATION_CONTEXT(2) 
PARAMETRIC_REPRESENTATION_CONTEXT() REPRESENTATION_CONTEXT('2D SPACE',''
  ) );
#6348 = ORIENTED_EDGE('',*,*,#5128,.F.);
#6349 = ADVANCED_FACE('',(#6350),#5355,.T.);
#6350 = FACE_BOUND('',#6351,.T.);
#6351 = EDGE_LOOP('',(#6352,#6376,#6377,#6378));
#6352 = ORIENTED_EDGE('',*,*,#6353,.F.);
#6353 = EDGE_CURVE('',#5307,#6354,#6356,.T.);
#6354 = VERTEX_POINT('',#6355);
#6355 = CARTESIAN_POINT('',(8.25,3.5,1.3));
#6356 = SURFACE_CURVE('',#6357,(#6362,#6369),.PCURVE_S1.);
#6357 = CIRCLE('',#6358,0.2);
#6358 = AXIS2_PLACEMENT_3D('',#6359,#6360,#6361);
#6359 = CARTESIAN_POINT('',(8.45,3.5,1.3));
#6360 = DIRECTION('',(0.,-1.,0.));
#6361 = DIRECTION('',(0.,0.,1.));
#6362 = PCURVE('',#5355,#6363);
#6363 = DEFINITIONAL_REPRESENTATION('',(#6364),#6368);
#6364 = LINE('',#6365,#6366);
#6365 = CARTESIAN_POINT('',(0.,1.570796326795));
#6366 = VECTOR('',#6367,1.);
#6367 = DIRECTION('',(0.,1.));
#6368 = ( GEOMETRIC_REPRESENTATION_CONTEXT(2) 
PARAMETRIC_REPRESENTATION_CONTEXT() REPRESENTATION_CONTEXT('2D SPACE',''
  ) );
#6369 = PCURVE('',#5322,#6370);
#6370 = DEFINITIONAL_REPRESENTATION('',(#6371),#6375);
#6371 = LINE('',#6372,#6373);
#6372 = CARTESIAN_POINT('',(-0.,3.5));
#6373 = VECTOR('',#6374,1.);
#6374 = DIRECTION('',(-1.,0.));
#6375 = ( GEOMETRIC_REPRESENTATION_CONTEXT(2) 
PARAMETRIC_REPRESENTATION_CONTEXT() REPRESENTATION_CONTEXT('2D SPACE',''
  ) );
#6376 = ORIENTED_EDGE('',*,*,#5334,.T.);
#6377 = ORIENTED_EDGE('',*,*,#6248,.T.);
#6378 = ORIENTED_EDGE('',*,*,#6379,.F.);
#6379 = EDGE_CURVE('',#6354,#6249,#6380,.T.);
#6380 = SURFACE_CURVE('',#6381,(#6386,#6393),.PCURVE_S1.);
#6381 = CIRCLE('',#6382,0.5);
#6382 = AXIS2_PLACEMENT_3D('',#6383,#6384,#6385);
#6383 = CARTESIAN_POINT('',(7.75,3.5,1.3));
#6384 = DIRECTION('',(0.,0.,1.));
#6385 = DIRECTION('',(1.,0.,0.));
#6386 = PCURVE('',#5355,#6387);
#6387 = DEFINITIONAL_REPRESENTATION('',(#6388),#6392);
#6388 = LINE('',#6389,#6390);
#6389 = CARTESIAN_POINT('',(0.,3.14159265359));
#6390 = VECTOR('',#6391,1.);
#6391 = DIRECTION('',(1.,0.));
#6392 = ( GEOMETRIC_REPRESENTATION_CONTEXT(2) 
PARAMETRIC_REPRESENTATION_CONTEXT() REPRESENTATION_CONTEXT('2D SPACE',''
  ) );
#6393 = PCURVE('',#6394,#6399);
#6394 = CYLINDRICAL_SURFACE('',#6395,0.5);
#6395 = AXIS2_PLACEMENT_3D('',#6396,#6397,#6398);
#6396 = CARTESIAN_POINT('',(7.75,3.5,0.));
#6397 = DIRECTION('',(0.,0.,1.));
#6398 = DIRECTION('',(0.,1.,0.));
#6399 = DEFINITIONAL_REPRESENTATION('',(#6400),#6404);
#6400 = LINE('',#6401,#6402);
#6401 = CARTESIAN_POINT('',(-1.570796326795,1.3));
#6402 = VECTOR('',#6403,1.);
#6403 = DIRECTION('',(1.,-0.));
#6404 = ( GEOMETRIC_REPRESENTATION_CONTEXT(2) 
PARAMETRIC_REPRESENTATION_CONTEXT() REPRESENTATION_CONTEXT('2D SPACE',''
  ) );
#6405 = ADVANCED_FACE('',(#6406),#5177,.T.);
#6406 = FACE_BOUND('',#6407,.T.);
#6407 = EDGE_LOOP('',(#6408,#6409,#6410,#6434));
#6408 = ORIENTED_EDGE('',*,*,#6327,.F.);
#6409 = ORIENTED_EDGE('',*,*,#5156,.T.);
#6410 = ORIENTED_EDGE('',*,*,#6411,.T.);
#6411 = EDGE_CURVE('',#5157,#6412,#6414,.T.);
#6412 = VERTEX_POINT('',#6413);
#6413 = CARTESIAN_POINT('',(16.,4.,1.3));
#6414 = SURFACE_CURVE('',#6415,(#6420,#6427),.PCURVE_S1.);
#6415 = CIRCLE('',#6416,0.2);
#6416 = AXIS2_PLACEMENT_3D('',#6417,#6418,#6419);
#6417 = CARTESIAN_POINT('',(16.,4.2,1.3));
#6418 = DIRECTION('',(1.,-6.123233995737E-17,0.));
#6419 = DIRECTION('',(6.123233995737E-17,1.,0.));
#6420 = PCURVE('',#5177,#6421);
#6421 = DEFINITIONAL_REPRESENTATION('',(#6422),#6426);
#6422 = LINE('',#6423,#6424);
#6423 = CARTESIAN_POINT('',(1.570796326795,0.));
#6424 = VECTOR('',#6425,1.);
#6425 = DIRECTION('',(0.,1.));
#6426 = ( GEOMETRIC_REPRESENTATION_CONTEXT(2) 
PARAMETRIC_REPRESENTATION_CONTEXT() REPRESENTATION_CONTEXT('2D SPACE',''
  ) );
#6427 = PCURVE('',#5205,#6428);
#6428 = DEFINITIONAL_REPRESENTATION('',(#6429),#6433);
#6429 = LINE('',#6430,#6431);
#6430 = CARTESIAN_POINT('',(1.570796326795,-0.));
#6431 = VECTOR('',#6432,1.);
#6432 = DIRECTION('',(-1.,0.));
#6433 = ( GEOMETRIC_REPRESENTATION_CONTEXT(2) 
PARAMETRIC_REPRESENTATION_CONTEXT() REPRESENTATION_CONTEXT('2D SPACE',''
  ) );
#6434 = ORIENTED_EDGE('',*,*,#6435,.F.);
#6435 = EDGE_CURVE('',#6305,#6412,#6436,.T.);
#6436 = SURFACE_CURVE('',#6437,(#6442,#6449),.PCURVE_S1.);
#6437 = CIRCLE('',#6438,0.5);
#6438 = AXIS2_PLACEMENT_3D('',#6439,#6440,#6441);
#6439 = CARTESIAN_POINT('',(16.,3.5,1.3));
#6440 = DIRECTION('',(0.,0.,1.));
#6441 = DIRECTION('',(1.,0.,0.));
#6442 = PCURVE('',#5177,#6443);
#6443 = DEFINITIONAL_REPRESENTATION('',(#6444),#6448);
#6444 = LINE('',#6445,#6446);
#6445 = CARTESIAN_POINT('',(0.,3.14159265359));
#6446 = VECTOR('',#6447,1.);
#6447 = DIRECTION('',(1.,0.));
#6448 = ( GEOMETRIC_REPRESENTATION_CONTEXT(2) 
PARAMETRIC_REPRESENTATION_CONTEXT() REPRESENTATION_CONTEXT('2D SPACE',''
  ) );
#6449 = PCURVE('',#6450,#6455);
#6450 = CYLINDRICAL_SURFACE('',#6451,0.5);
#6451 = AXIS2_PLACEMENT_3D('',#6452,#6453,#6454);
#6452 = CARTESIAN_POINT('',(16.,3.5,0.));
#6453 = DIRECTION('',(0.,0.,1.));
#6454 = DIRECTION('',(1.,0.,0.));
#6455 = DEFINITIONAL_REPRESENTATION('',(#6456),#6460);
#6456 = LINE('',#6457,#6458);
#6457 = CARTESIAN_POINT('',(0.,1.3));
#6458 = VECTOR('',#6459,1.);
#6459 = DIRECTION('',(1.,0.));
#6460 = ( GEOMETRIC_REPRESENTATION_CONTEXT(2) 
PARAMETRIC_REPRESENTATION_CONTEXT() REPRESENTATION_CONTEXT('2D SPACE',''
  ) );
#6461 = ADVANCED_FACE('',(#6462),#5322,.T.);
#6462 = FACE_BOUND('',#6463,.F.);
#6463 = EDGE_LOOP('',(#6464,#6492,#6518,#6519));
#6464 = ORIENTED_EDGE('',*,*,#6465,.T.);
#6465 = EDGE_CURVE('',#5279,#6466,#6468,.T.);
#6466 = VERTEX_POINT('',#6467);
#6467 = CARTESIAN_POINT('',(8.25,0.,1.3));
#6468 = SURFACE_CURVE('',#6469,(#6474,#6481),.PCURVE_S1.);
#6469 = CIRCLE('',#6470,0.2);
#6470 = AXIS2_PLACEMENT_3D('',#6471,#6472,#6473);
#6471 = CARTESIAN_POINT('',(8.45,0.,1.3));
#6472 = DIRECTION('',(0.,-1.,0.));
#6473 = DIRECTION('',(0.,0.,1.));
#6474 = PCURVE('',#5322,#6475);
#6475 = DEFINITIONAL_REPRESENTATION('',(#6476),#6480);
#6476 = LINE('',#6477,#6478);
#6477 = CARTESIAN_POINT('',(-0.,0.));
#6478 = VECTOR('',#6479,1.);
#6479 = DIRECTION('',(-1.,0.));
#6480 = ( GEOMETRIC_REPRESENTATION_CONTEXT(2) 
PARAMETRIC_REPRESENTATION_CONTEXT() REPRESENTATION_CONTEXT('2D SPACE',''
  ) );
#6481 = PCURVE('',#5294,#6482);
#6482 = DEFINITIONAL_REPRESENTATION('',(#6483),#6491);
#6483 = ( BOUNDED_CURVE() B_SPLINE_CURVE(2,(#6484,#6485,#6486,#6487,
#6488,#6489,#6490),.UNSPECIFIED.,.T.,.F.) B_SPLINE_CURVE_WITH_KNOTS((1,2
    ,2,2,2,1),(-2.094395102393,0.,2.094395102393,4.188790204786,
6.28318530718,8.377580409573),.UNSPECIFIED.) CURVE() 
GEOMETRIC_REPRESENTATION_ITEM() RATIONAL_B_SPLINE_CURVE((1.,0.5,1.,0.5,
1.,0.5,1.)) REPRESENTATION_ITEM('') );
#6484 = CARTESIAN_POINT('',(0.2,-1.5));
#6485 = CARTESIAN_POINT('',(-0.146410161514,-1.5));
#6486 = CARTESIAN_POINT('',(2.679491924311E-02,-1.2));
#6487 = CARTESIAN_POINT('',(0.2,-0.9));
#6488 = CARTESIAN_POINT('',(0.373205080757,-1.2));
#6489 = CARTESIAN_POINT('',(0.546410161514,-1.5));
#6490 = CARTESIAN_POINT('',(0.2,-1.5));
#6491 = ( GEOMETRIC_REPRESENTATION_CONTEXT(2) 
PARAMETRIC_REPRESENTATION_CONTEXT() REPRESENTATION_CONTEXT('2D SPACE',''
  ) );
#6492 = ORIENTED_EDGE('',*,*,#6493,.T.);
#6493 = EDGE_CURVE('',#6466,#6354,#6494,.T.);
#6494 = SURFACE_CURVE('',#6495,(#6499,#6506),.PCURVE_S1.);
#6495 = LINE('',#6496,#6497);
#6496 = CARTESIAN_POINT('',(8.25,0.,1.3));
#6497 = VECTOR('',#6498,1.);
#6498 = DIRECTION('',(0.,1.,0.));
#6499 = PCURVE('',#5322,#6500);
#6500 = DEFINITIONAL_REPRESENTATION('',(#6501),#6505);
#6501 = LINE('',#6502,#6503);
#6502 = CARTESIAN_POINT('',(-1.570796326795,0.));
#6503 = VECTOR('',#6504,1.);
#6504 = DIRECTION('',(-0.,1.));
#6505 = ( GEOMETRIC_REPRESENTATION_CONTEXT(2) 
PARAMETRIC_REPRESENTATION_CONTEXT() REPRESENTATION_CONTEXT('2D SPACE',''
  ) );
#6506 = PCURVE('',#6507,#6512);
#6507 = PLANE('',#6508);
#6508 = AXIS2_PLACEMENT_3D('',#6509,#6510,#6511);
#6509 = CARTESIAN_POINT('',(8.25,4.,0.));
#6510 = DIRECTION('',(1.,0.,0.));
#6511 = DIRECTION('',(0.,-1.,0.));
#6512 = DEFINITIONAL_REPRESENTATION('',(#6513),#6517);
#6513 = LINE('',#6514,#6515);
#6514 = CARTESIAN_POINT('',(4.,-1.3));
#6515 = VECTOR('',#6516,1.);
#6516 = DIRECTION('',(-1.,0.));
#6517 = ( GEOMETRIC_REPRESENTATION_CONTEXT(2) 
PARAMETRIC_REPRESENTATION_CONTEXT() REPRESENTATION_CONTEXT('2D SPACE',''
  ) );
#6518 = ORIENTED_EDGE('',*,*,#6353,.F.);
#6519 = ORIENTED_EDGE('',*,*,#5306,.F.);
#6520 = ADVANCED_FACE('',(#6521),#5205,.T.);
#6521 = FACE_BOUND('',#6522,.F.);
#6522 = EDGE_LOOP('',(#6523,#6524,#6552,#6574));
#6523 = ORIENTED_EDGE('',*,*,#6411,.T.);
#6524 = ORIENTED_EDGE('',*,*,#6525,.T.);
#6525 = EDGE_CURVE('',#6412,#6526,#6528,.T.);
#6526 = VERTEX_POINT('',#6527);
#6527 = CARTESIAN_POINT('',(10.25,4.,1.3));
#6528 = SURFACE_CURVE('',#6529,(#6533,#6540),.PCURVE_S1.);
#6529 = LINE('',#6530,#6531);
#6530 = CARTESIAN_POINT('',(16.,4.,1.3));
#6531 = VECTOR('',#6532,1.);
#6532 = DIRECTION('',(-1.,0.,0.));
#6533 = PCURVE('',#5205,#6534);
#6534 = DEFINITIONAL_REPRESENTATION('',(#6535),#6539);
#6535 = LINE('',#6536,#6537);
#6536 = CARTESIAN_POINT('',(-1.570796326795,0.));
#6537 = VECTOR('',#6538,1.);
#6538 = DIRECTION('',(-0.,1.));
#6539 = ( GEOMETRIC_REPRESENTATION_CONTEXT(2) 
PARAMETRIC_REPRESENTATION_CONTEXT() REPRESENTATION_CONTEXT('2D SPACE',''
  ) );
#6540 = PCURVE('',#6541,#6546);
#6541 = PLANE('',#6542);
#6542 = AXIS2_PLACEMENT_3D('',#6543,#6544,#6545);
#6543 = CARTESIAN_POINT('',(9.75,4.,0.));
#6544 = DIRECTION('',(0.,1.,0.));
#6545 = DIRECTION('',(1.,0.,0.));
#6546 = DEFINITIONAL_REPRESENTATION('',(#6547),#6551);
#6547 = LINE('',#6548,#6549);
#6548 = CARTESIAN_POINT('',(6.25,-1.3));
#6549 = VECTOR('',#6550,1.);
#6550 = DIRECTION('',(-1.,0.));
#6551 = ( GEOMETRIC_REPRESENTATION_CONTEXT(2) 
PARAMETRIC_REPRESENTATION_CONTEXT() REPRESENTATION_CONTEXT('2D SPACE',''
  ) );
#6552 = ORIENTED_EDGE('',*,*,#6553,.F.);
#6553 = EDGE_CURVE('',#5190,#6526,#6554,.T.);
#6554 = SURFACE_CURVE('',#6555,(#6560,#6567),.PCURVE_S1.);
#6555 = CIRCLE('',#6556,0.2);
#6556 = AXIS2_PLACEMENT_3D('',#6557,#6558,#6559);
#6557 = CARTESIAN_POINT('',(10.25,4.2,1.3));
#6558 = DIRECTION('',(1.,0.,-0.));
#6559 = DIRECTION('',(0.,0.,1.));
#6560 = PCURVE('',#5205,#6561);
#6561 = DEFINITIONAL_REPRESENTATION('',(#6562),#6566);
#6562 = LINE('',#6563,#6564);
#6563 = CARTESIAN_POINT('',(-0.,5.75));
#6564 = VECTOR('',#6565,1.);
#6565 = DIRECTION('',(-1.,0.));
#6566 = ( GEOMETRIC_REPRESENTATION_CONTEXT(2) 
PARAMETRIC_REPRESENTATION_CONTEXT() REPRESENTATION_CONTEXT('2D SPACE',''
  ) );
#6567 = PCURVE('',#5238,#6568);
#6568 = DEFINITIONAL_REPRESENTATION('',(#6569),#6573);
#6569 = LINE('',#6570,#6571);
#6570 = CARTESIAN_POINT('',(0.,1.570796326795));
#6571 = VECTOR('',#6572,1.);
#6572 = DIRECTION('',(0.,1.));
#6573 = ( GEOMETRIC_REPRESENTATION_CONTEXT(2) 
PARAMETRIC_REPRESENTATION_CONTEXT() REPRESENTATION_CONTEXT('2D SPACE',''
  ) );
#6574 = ORIENTED_EDGE('',*,*,#5189,.F.);
#6575 = ADVANCED_FACE('',(#6576),#5294,.F.);
#6576 = FACE_BOUND('',#6577,.F.);
#6577 = EDGE_LOOP('',(#6578,#6579,#6603,#6624,#6625,#6626,#6650,#6678));
#6578 = ORIENTED_EDGE('',*,*,#5676,.F.);
#6579 = ORIENTED_EDGE('',*,*,#6580,.T.);
#6580 = EDGE_CURVE('',#5649,#6581,#6583,.T.);
#6581 = VERTEX_POINT('',#6582);
#6582 = CARTESIAN_POINT('',(8.25,0.,0.2));
#6583 = SURFACE_CURVE('',#6584,(#6589,#6596),.PCURVE_S1.);
#6584 = CIRCLE('',#6585,0.2);
#6585 = AXIS2_PLACEMENT_3D('',#6586,#6587,#6588);
#6586 = CARTESIAN_POINT('',(8.45,0.,0.2));
#6587 = DIRECTION('',(-0.,1.,0.));
#6588 = DIRECTION('',(0.,0.,-1.));
#6589 = PCURVE('',#5294,#6590);
#6590 = DEFINITIONAL_REPRESENTATION('',(#6591),#6595);
#6591 = CIRCLE('',#6592,0.2);
#6592 = AXIS2_PLACEMENT_2D('',#6593,#6594);
#6593 = CARTESIAN_POINT('',(0.2,-0.2));
#6594 = DIRECTION('',(0.,1.));
#6595 = ( GEOMETRIC_REPRESENTATION_CONTEXT(2) 
PARAMETRIC_REPRESENTATION_CONTEXT() REPRESENTATION_CONTEXT('2D SPACE',''
  ) );
#6596 = PCURVE('',#5664,#6597);
#6597 = DEFINITIONAL_REPRESENTATION('',(#6598),#6602);
#6598 = LINE('',#6599,#6600);
#6599 = CARTESIAN_POINT('',(-0.,3.5));
#6600 = VECTOR('',#6601,1.);
#6601 = DIRECTION('',(-1.,0.));
#6602 = ( GEOMETRIC_REPRESENTATION_CONTEXT(2) 
PARAMETRIC_REPRESENTATION_CONTEXT() REPRESENTATION_CONTEXT('2D SPACE',''
  ) );
#6603 = ORIENTED_EDGE('',*,*,#6604,.T.);
#6604 = EDGE_CURVE('',#6581,#6466,#6605,.T.);
#6605 = SURFACE_CURVE('',#6606,(#6610,#6617),.PCURVE_S1.);
#6606 = LINE('',#6607,#6608);
#6607 = CARTESIAN_POINT('',(8.25,0.,0.));
#6608 = VECTOR('',#6609,1.);
#6609 = DIRECTION('',(0.,0.,1.));
#6610 = PCURVE('',#5294,#6611);
#6611 = DEFINITIONAL_REPRESENTATION('',(#6612),#6616);
#6612 = LINE('',#6613,#6614);
#6613 = CARTESIAN_POINT('',(0.,0.));
#6614 = VECTOR('',#6615,1.);
#6615 = DIRECTION('',(0.,-1.));
#6616 = ( GEOMETRIC_REPRESENTATION_CONTEXT(2) 
PARAMETRIC_REPRESENTATION_CONTEXT() REPRESENTATION_CONTEXT('2D SPACE',''
  ) );
#6617 = PCURVE('',#6507,#6618);
#6618 = DEFINITIONAL_REPRESENTATION('',(#6619),#6623);
#6619 = LINE('',#6620,#6621);
#6620 = CARTESIAN_POINT('',(4.,0.));
#6621 = VECTOR('',#6622,1.);
#6622 = DIRECTION('',(0.,-1.));
#6623 = ( GEOMETRIC_REPRESENTATION_CONTEXT(2) 
PARAMETRIC_REPRESENTATION_CONTEXT() REPRESENTATION_CONTEXT('2D SPACE',''
  ) );
#6624 = ORIENTED_EDGE('',*,*,#6465,.F.);
#6625 = ORIENTED_EDGE('',*,*,#5278,.F.);
#6626 = ORIENTED_EDGE('',*,*,#6627,.T.);
#6627 = EDGE_CURVE('',#5251,#6628,#6630,.T.);
#6628 = VERTEX_POINT('',#6629);
#6629 = CARTESIAN_POINT('',(9.75,0.,1.3));
#6630 = SURFACE_CURVE('',#6631,(#6636,#6643),.PCURVE_S1.);
#6631 = CIRCLE('',#6632,0.2);
#6632 = AXIS2_PLACEMENT_3D('',#6633,#6634,#6635);
#6633 = CARTESIAN_POINT('',(9.55,0.,1.3));
#6634 = DIRECTION('',(0.,1.,0.));
#6635 = DIRECTION('',(0.,0.,-1.));
#6636 = PCURVE('',#5294,#6637);
#6637 = DEFINITIONAL_REPRESENTATION('',(#6638),#6642);
#6638 = CIRCLE('',#6639,0.2);
#6639 = AXIS2_PLACEMENT_2D('',#6640,#6641);
#6640 = CARTESIAN_POINT('',(1.3,-1.3));
#6641 = DIRECTION('',(0.,1.));
#6642 = ( GEOMETRIC_REPRESENTATION_CONTEXT(2) 
PARAMETRIC_REPRESENTATION_CONTEXT() REPRESENTATION_CONTEXT('2D SPACE',''
  ) );
#6643 = PCURVE('',#5266,#6644);
#6644 = DEFINITIONAL_REPRESENTATION('',(#6645),#6649);
#6645 = LINE('',#6646,#6647);
#6646 = CARTESIAN_POINT('',(3.14159265359,3.5));
#6647 = VECTOR('',#6648,1.);
#6648 = DIRECTION('',(-1.,0.));
#6649 = ( GEOMETRIC_REPRESENTATION_CONTEXT(2) 
PARAMETRIC_REPRESENTATION_CONTEXT() REPRESENTATION_CONTEXT('2D SPACE',''
  ) );
#6650 = ORIENTED_EDGE('',*,*,#6651,.F.);
#6651 = EDGE_CURVE('',#6652,#6628,#6654,.T.);
#6652 = VERTEX_POINT('',#6653);
#6653 = CARTESIAN_POINT('',(9.75,0.,0.2));
#6654 = SURFACE_CURVE('',#6655,(#6659,#6666),.PCURVE_S1.);
#6655 = LINE('',#6656,#6657);
#6656 = CARTESIAN_POINT('',(9.75,0.,0.));
#6657 = VECTOR('',#6658,1.);
#6658 = DIRECTION('',(0.,0.,1.));
#6659 = PCURVE('',#5294,#6660);
#6660 = DEFINITIONAL_REPRESENTATION('',(#6661),#6665);
#6661 = LINE('',#6662,#6663);
#6662 = CARTESIAN_POINT('',(1.5,0.));
#6663 = VECTOR('',#6664,1.);
#6664 = DIRECTION('',(0.,-1.));
#6665 = ( GEOMETRIC_REPRESENTATION_CONTEXT(2) 
PARAMETRIC_REPRESENTATION_CONTEXT() REPRESENTATION_CONTEXT('2D SPACE',''
  ) );
#6666 = PCURVE('',#6667,#6672);
#6667 = PLANE('',#6668);
#6668 = AXIS2_PLACEMENT_3D('',#6669,#6670,#6671);
#6669 = CARTESIAN_POINT('',(9.75,0.,0.));
#6670 = DIRECTION('',(-1.,0.,0.));
#6671 = DIRECTION('',(0.,1.,0.));
#6672 = DEFINITIONAL_REPRESENTATION('',(#6673),#6677);
#6673 = LINE('',#6674,#6675);
#6674 = CARTESIAN_POINT('',(0.,0.));
#6675 = VECTOR('',#6676,1.);
#6676 = DIRECTION('',(0.,-1.));
#6677 = ( GEOMETRIC_REPRESENTATION_CONTEXT(2) 
PARAMETRIC_REPRESENTATION_CONTEXT() REPRESENTATION_CONTEXT('2D SPACE',''
  ) );
#6678 = ORIENTED_EDGE('',*,*,#6679,.F.);
#6679 = EDGE_CURVE('',#5677,#6652,#6680,.T.);
#6680 = SURFACE_CURVE('',#6681,(#6686,#6697),.PCURVE_S1.);
#6681 = CIRCLE('',#6682,0.2);
#6682 = AXIS2_PLACEMENT_3D('',#6683,#6684,#6685);
#6683 = CARTESIAN_POINT('',(9.55,0.,0.2));
#6684 = DIRECTION('',(0.,-1.,0.));
#6685 = DIRECTION('',(0.,0.,1.));
#6686 = PCURVE('',#5294,#6687);
#6687 = DEFINITIONAL_REPRESENTATION('',(#6688),#6696);
#6688 = ( BOUNDED_CURVE() B_SPLINE_CURVE(2,(#6689,#6690,#6691,#6692,
#6693,#6694,#6695),.UNSPECIFIED.,.T.,.F.) B_SPLINE_CURVE_WITH_KNOTS((1,2
    ,2,2,2,1),(-2.094395102393,0.,2.094395102393,4.188790204786,
6.28318530718,8.377580409573),.UNSPECIFIED.) CURVE() 
GEOMETRIC_REPRESENTATION_ITEM() RATIONAL_B_SPLINE_CURVE((1.,0.5,1.,0.5,
1.,0.5,1.)) REPRESENTATION_ITEM('') );
#6689 = CARTESIAN_POINT('',(1.3,-0.4));
#6690 = CARTESIAN_POINT('',(0.953589838486,-0.4));
#6691 = CARTESIAN_POINT('',(1.126794919243,-0.1));
#6692 = CARTESIAN_POINT('',(1.3,0.2));
#6693 = CARTESIAN_POINT('',(1.473205080757,-1.E-01));
#6694 = CARTESIAN_POINT('',(1.646410161514,-0.4));
#6695 = CARTESIAN_POINT('',(1.3,-0.4));
#6696 = ( GEOMETRIC_REPRESENTATION_CONTEXT(2) 
PARAMETRIC_REPRESENTATION_CONTEXT() REPRESENTATION_CONTEXT('2D SPACE',''
  ) );
#6697 = PCURVE('',#5715,#6698);
#6698 = DEFINITIONAL_REPRESENTATION('',(#6699),#6703);
#6699 = LINE('',#6700,#6701);
#6700 = CARTESIAN_POINT('',(3.14159265359,-0.));
#6701 = VECTOR('',#6702,1.);
#6702 = DIRECTION('',(-1.,0.));
#6703 = ( GEOMETRIC_REPRESENTATION_CONTEXT(2) 
PARAMETRIC_REPRESENTATION_CONTEXT() REPRESENTATION_CONTEXT('2D SPACE',''
  ) );
#6704 = ADVANCED_FACE('',(#6705),#5238,.T.);
#6705 = FACE_BOUND('',#6706,.T.);
#6706 = EDGE_LOOP('',(#6707,#6708,#6709,#6733));
#6707 = ORIENTED_EDGE('',*,*,#6553,.F.);
#6708 = ORIENTED_EDGE('',*,*,#5217,.T.);
#6709 = ORIENTED_EDGE('',*,*,#6710,.T.);
#6710 = EDGE_CURVE('',#5218,#6711,#6713,.T.);
#6711 = VERTEX_POINT('',#6712);
#6712 = CARTESIAN_POINT('',(9.75,3.5,1.3));
#6713 = SURFACE_CURVE('',#6714,(#6719,#6726),.PCURVE_S1.);
#6714 = CIRCLE('',#6715,0.2);
#6715 = AXIS2_PLACEMENT_3D('',#6716,#6717,#6718);
#6716 = CARTESIAN_POINT('',(9.55,3.5,1.3));
#6717 = DIRECTION('',(6.123233995737E-17,1.,-0.));
#6718 = DIRECTION('',(-1.,6.123233995737E-17,0.));
#6719 = PCURVE('',#5238,#6720);
#6720 = DEFINITIONAL_REPRESENTATION('',(#6721),#6725);
#6721 = LINE('',#6722,#6723);
#6722 = CARTESIAN_POINT('',(1.570796326795,0.));
#6723 = VECTOR('',#6724,1.);
#6724 = DIRECTION('',(0.,1.));
#6725 = ( GEOMETRIC_REPRESENTATION_CONTEXT(2) 
PARAMETRIC_REPRESENTATION_CONTEXT() REPRESENTATION_CONTEXT('2D SPACE',''
  ) );
#6726 = PCURVE('',#5266,#6727);
#6727 = DEFINITIONAL_REPRESENTATION('',(#6728),#6732);
#6728 = LINE('',#6729,#6730);
#6729 = CARTESIAN_POINT('',(1.570796326795,-0.));
#6730 = VECTOR('',#6731,1.);
#6731 = DIRECTION('',(-1.,0.));
#6732 = ( GEOMETRIC_REPRESENTATION_CONTEXT(2) 
PARAMETRIC_REPRESENTATION_CONTEXT() REPRESENTATION_CONTEXT('2D SPACE',''
  ) );
#6733 = ORIENTED_EDGE('',*,*,#6734,.F.);
#6734 = EDGE_CURVE('',#6526,#6711,#6735,.T.);
#6735 = SURFACE_CURVE('',#6736,(#6741,#6748),.PCURVE_S1.);
#6736 = CIRCLE('',#6737,0.5);
#6737 = AXIS2_PLACEMENT_3D('',#6738,#6739,#6740);
#6738 = CARTESIAN_POINT('',(10.25,3.5,1.3));
#6739 = DIRECTION('',(0.,-0.,1.));
#6740 = DIRECTION('',(0.,1.,0.));
#6741 = PCURVE('',#5238,#6742);
#6742 = DEFINITIONAL_REPRESENTATION('',(#6743),#6747);
#6743 = LINE('',#6744,#6745);
#6744 = CARTESIAN_POINT('',(0.,3.14159265359));
#6745 = VECTOR('',#6746,1.);
#6746 = DIRECTION('',(1.,0.));
#6747 = ( GEOMETRIC_REPRESENTATION_CONTEXT(2) 
PARAMETRIC_REPRESENTATION_CONTEXT() REPRESENTATION_CONTEXT('2D SPACE',''
  ) );
#6748 = PCURVE('',#6749,#6754);
#6749 = CYLINDRICAL_SURFACE('',#6750,0.5);
#6750 = AXIS2_PLACEMENT_3D('',#6751,#6752,#6753);
#6751 = CARTESIAN_POINT('',(10.25,3.5,0.));
#6752 = DIRECTION('',(0.,0.,1.));
#6753 = DIRECTION('',(0.,1.,0.));
#6754 = DEFINITIONAL_REPRESENTATION('',(#6755),#6759);
#6755 = LINE('',#6756,#6757);
#6756 = CARTESIAN_POINT('',(0.,1.3));
#6757 = VECTOR('',#6758,1.);
#6758 = DIRECTION('',(1.,0.));
#6759 = ( GEOMETRIC_REPRESENTATION_CONTEXT(2) 
PARAMETRIC_REPRESENTATION_CONTEXT() REPRESENTATION_CONTEXT('2D SPACE',''
  ) );
#6760 = ADVANCED_FACE('',(#6761),#5266,.T.);
#6761 = FACE_BOUND('',#6762,.F.);
#6762 = EDGE_LOOP('',(#6763,#6764,#6785,#6786));
#6763 = ORIENTED_EDGE('',*,*,#6710,.T.);
#6764 = ORIENTED_EDGE('',*,*,#6765,.T.);
#6765 = EDGE_CURVE('',#6711,#6628,#6766,.T.);
#6766 = SURFACE_CURVE('',#6767,(#6771,#6778),.PCURVE_S1.);
#6767 = LINE('',#6768,#6769);
#6768 = CARTESIAN_POINT('',(9.75,3.5,1.3));
#6769 = VECTOR('',#6770,1.);
#6770 = DIRECTION('',(-0.,-1.,-0.));
#6771 = PCURVE('',#5266,#6772);
#6772 = DEFINITIONAL_REPRESENTATION('',(#6773),#6777);
#6773 = LINE('',#6774,#6775);
#6774 = CARTESIAN_POINT('',(-1.570796326795,0.));
#6775 = VECTOR('',#6776,1.);
#6776 = DIRECTION('',(-0.,1.));
#6777 = ( GEOMETRIC_REPRESENTATION_CONTEXT(2) 
PARAMETRIC_REPRESENTATION_CONTEXT() REPRESENTATION_CONTEXT('2D SPACE',''
  ) );
#6778 = PCURVE('',#6667,#6779);
#6779 = DEFINITIONAL_REPRESENTATION('',(#6780),#6784);
#6780 = LINE('',#6781,#6782);
#6781 = CARTESIAN_POINT('',(3.5,-1.3));
#6782 = VECTOR('',#6783,1.);
#6783 = DIRECTION('',(-1.,0.));
#6784 = ( GEOMETRIC_REPRESENTATION_CONTEXT(2) 
PARAMETRIC_REPRESENTATION_CONTEXT() REPRESENTATION_CONTEXT('2D SPACE',''
  ) );
#6785 = ORIENTED_EDGE('',*,*,#6627,.F.);
#6786 = ORIENTED_EDGE('',*,*,#5250,.F.);
#6787 = ADVANCED_FACE('',(#6788),#5542,.T.);
#6788 = FACE_BOUND('',#6789,.F.);
#6789 = EDGE_LOOP('',(#6790,#6791,#6814,#6836));
#6790 = ORIENTED_EDGE('',*,*,#5929,.T.);
#6791 = ORIENTED_EDGE('',*,*,#6792,.T.);
#6792 = EDGE_CURVE('',#5902,#6793,#6795,.T.);
#6793 = VERTEX_POINT('',#6794);
#6794 = CARTESIAN_POINT('',(1.5,3.5,0.2));
#6795 = SURFACE_CURVE('',#6796,(#6800,#6807),.PCURVE_S1.);
#6796 = LINE('',#6797,#6798);
#6797 = CARTESIAN_POINT('',(1.5,0.,0.2));
#6798 = VECTOR('',#6799,1.);
#6799 = DIRECTION('',(0.,1.,0.));
#6800 = PCURVE('',#5542,#6801);
#6801 = DEFINITIONAL_REPRESENTATION('',(#6802),#6806);
#6802 = LINE('',#6803,#6804);
#6803 = CARTESIAN_POINT('',(-1.570796326795,0.));
#6804 = VECTOR('',#6805,1.);
#6805 = DIRECTION('',(-0.,1.));
#6806 = ( GEOMETRIC_REPRESENTATION_CONTEXT(2) 
PARAMETRIC_REPRESENTATION_CONTEXT() REPRESENTATION_CONTEXT('2D SPACE',''
  ) );
#6807 = PCURVE('',#5917,#6808);
#6808 = DEFINITIONAL_REPRESENTATION('',(#6809),#6813);
#6809 = LINE('',#6810,#6811);
#6810 = CARTESIAN_POINT('',(0.,-0.2));
#6811 = VECTOR('',#6812,1.);
#6812 = DIRECTION('',(1.,0.));
#6813 = ( GEOMETRIC_REPRESENTATION_CONTEXT(2) 
PARAMETRIC_REPRESENTATION_CONTEXT() REPRESENTATION_CONTEXT('2D SPACE',''
  ) );
#6814 = ORIENTED_EDGE('',*,*,#6815,.F.);
#6815 = EDGE_CURVE('',#5527,#6793,#6816,.T.);
#6816 = SURFACE_CURVE('',#6817,(#6822,#6829),.PCURVE_S1.);
#6817 = CIRCLE('',#6818,0.2);
#6818 = AXIS2_PLACEMENT_3D('',#6819,#6820,#6821);
#6819 = CARTESIAN_POINT('',(1.3,3.5,0.2));
#6820 = DIRECTION('',(0.,-1.,0.));
#6821 = DIRECTION('',(0.,0.,-1.));
#6822 = PCURVE('',#5542,#6823);
#6823 = DEFINITIONAL_REPRESENTATION('',(#6824),#6828);
#6824 = LINE('',#6825,#6826);
#6825 = CARTESIAN_POINT('',(-0.,3.5));
#6826 = VECTOR('',#6827,1.);
#6827 = DIRECTION('',(-1.,0.));
#6828 = ( GEOMETRIC_REPRESENTATION_CONTEXT(2) 
PARAMETRIC_REPRESENTATION_CONTEXT() REPRESENTATION_CONTEXT('2D SPACE',''
  ) );
#6829 = PCURVE('',#5575,#6830);
#6830 = DEFINITIONAL_REPRESENTATION('',(#6831),#6835);
#6831 = LINE('',#6832,#6833);
#6832 = CARTESIAN_POINT('',(0.,1.570796326795));
#6833 = VECTOR('',#6834,1.);
#6834 = DIRECTION('',(0.,1.));
#6835 = ( GEOMETRIC_REPRESENTATION_CONTEXT(2) 
PARAMETRIC_REPRESENTATION_CONTEXT() REPRESENTATION_CONTEXT('2D SPACE',''
  ) );
#6836 = ORIENTED_EDGE('',*,*,#5526,.F.);
#6837 = ADVANCED_FACE('',(#6838),#5837,.T.);
#6838 = FACE_BOUND('',#6839,.F.);
#6839 = EDGE_LOOP('',(#6840,#6864,#6885,#6886));
#6840 = ORIENTED_EDGE('',*,*,#6841,.T.);
#6841 = EDGE_CURVE('',#5789,#6842,#6844,.T.);
#6842 = VERTEX_POINT('',#6843);
#6843 = CARTESIAN_POINT('',(16.5,3.5,0.2));
#6844 = SURFACE_CURVE('',#6845,(#6850,#6857),.PCURVE_S1.);
#6845 = CIRCLE('',#6846,0.2);
#6846 = AXIS2_PLACEMENT_3D('',#6847,#6848,#6849);
#6847 = CARTESIAN_POINT('',(16.7,3.5,0.2));
#6848 = DIRECTION('',(-6.123233995737E-17,1.,0.));
#6849 = DIRECTION('',(1.,6.123233995737E-17,0.));
#6850 = PCURVE('',#5837,#6851);
#6851 = DEFINITIONAL_REPRESENTATION('',(#6852),#6856);
#6852 = LINE('',#6853,#6854);
#6853 = CARTESIAN_POINT('',(1.570796326795,-0.));
#6854 = VECTOR('',#6855,1.);
#6855 = DIRECTION('',(-1.,0.));
#6856 = ( GEOMETRIC_REPRESENTATION_CONTEXT(2) 
PARAMETRIC_REPRESENTATION_CONTEXT() REPRESENTATION_CONTEXT('2D SPACE',''
  ) );
#6857 = PCURVE('',#5809,#6858);
#6858 = DEFINITIONAL_REPRESENTATION('',(#6859),#6863);
#6859 = LINE('',#6860,#6861);
#6860 = CARTESIAN_POINT('',(1.570796326795,0.));
#6861 = VECTOR('',#6862,1.);
#6862 = DIRECTION('',(0.,1.));
#6863 = ( GEOMETRIC_REPRESENTATION_CONTEXT(2) 
PARAMETRIC_REPRESENTATION_CONTEXT() REPRESENTATION_CONTEXT('2D SPACE',''
  ) );
#6864 = ORIENTED_EDGE('',*,*,#6865,.T.);
#6865 = EDGE_CURVE('',#6842,#6086,#6866,.T.);
#6866 = SURFACE_CURVE('',#6867,(#6871,#6878),.PCURVE_S1.);
#6867 = LINE('',#6868,#6869);
#6868 = CARTESIAN_POINT('',(16.5,3.5,0.2));
#6869 = VECTOR('',#6870,1.);
#6870 = DIRECTION('',(-0.,-1.,-0.));
#6871 = PCURVE('',#5837,#6872);
#6872 = DEFINITIONAL_REPRESENTATION('',(#6873),#6877);
#6873 = LINE('',#6874,#6875);
#6874 = CARTESIAN_POINT('',(-1.570796326795,0.));
#6875 = VECTOR('',#6876,1.);
#6876 = DIRECTION('',(-0.,1.));
#6877 = ( GEOMETRIC_REPRESENTATION_CONTEXT(2) 
PARAMETRIC_REPRESENTATION_CONTEXT() REPRESENTATION_CONTEXT('2D SPACE',''
  ) );
#6878 = PCURVE('',#6101,#6879);
#6879 = DEFINITIONAL_REPRESENTATION('',(#6880),#6884);
#6880 = LINE('',#6881,#6882);
#6881 = CARTESIAN_POINT('',(3.5,-0.2));
#6882 = VECTOR('',#6883,1.);
#6883 = DIRECTION('',(-1.,0.));
#6884 = ( GEOMETRIC_REPRESENTATION_CONTEXT(2) 
PARAMETRIC_REPRESENTATION_CONTEXT() REPRESENTATION_CONTEXT('2D SPACE',''
  ) );
#6885 = ORIENTED_EDGE('',*,*,#6113,.F.);
#6886 = ORIENTED_EDGE('',*,*,#5821,.F.);
#6887 = ADVANCED_FACE('',(#6888),#5575,.T.);
#6888 = FACE_BOUND('',#6889,.T.);
#6889 = EDGE_LOOP('',(#6890,#6891,#6892,#6916));
#6890 = ORIENTED_EDGE('',*,*,#6815,.F.);
#6891 = ORIENTED_EDGE('',*,*,#5554,.T.);
#6892 = ORIENTED_EDGE('',*,*,#6893,.T.);
#6893 = EDGE_CURVE('',#5555,#6894,#6896,.T.);
#6894 = VERTEX_POINT('',#6895);
#6895 = CARTESIAN_POINT('',(2.,4.,0.2));
#6896 = SURFACE_CURVE('',#6897,(#6902,#6909),.PCURVE_S1.);
#6897 = CIRCLE('',#6898,0.2);
#6898 = AXIS2_PLACEMENT_3D('',#6899,#6900,#6901);
#6899 = CARTESIAN_POINT('',(2.,4.2,0.2));
#6900 = DIRECTION('',(-1.,-6.123233995737E-17,-0.));
#6901 = DIRECTION('',(-6.123233995737E-17,1.,0.));
#6902 = PCURVE('',#5575,#6903);
#6903 = DEFINITIONAL_REPRESENTATION('',(#6904),#6908);
#6904 = LINE('',#6905,#6906);
#6905 = CARTESIAN_POINT('',(1.570796326795,0.));
#6906 = VECTOR('',#6907,1.);
#6907 = DIRECTION('',(0.,1.));
#6908 = ( GEOMETRIC_REPRESENTATION_CONTEXT(2) 
PARAMETRIC_REPRESENTATION_CONTEXT() REPRESENTATION_CONTEXT('2D SPACE',''
  ) );
#6909 = PCURVE('',#5603,#6910);
#6910 = DEFINITIONAL_REPRESENTATION('',(#6911),#6915);
#6911 = LINE('',#6912,#6913);
#6912 = CARTESIAN_POINT('',(1.570796326795,-0.));
#6913 = VECTOR('',#6914,1.);
#6914 = DIRECTION('',(-1.,0.));
#6915 = ( GEOMETRIC_REPRESENTATION_CONTEXT(2) 
PARAMETRIC_REPRESENTATION_CONTEXT() REPRESENTATION_CONTEXT('2D SPACE',''
  ) );
#6916 = ORIENTED_EDGE('',*,*,#6917,.F.);
#6917 = EDGE_CURVE('',#6793,#6894,#6918,.T.);
#6918 = SURFACE_CURVE('',#6919,(#6924,#6931),.PCURVE_S1.);
#6919 = CIRCLE('',#6920,0.5);
#6920 = AXIS2_PLACEMENT_3D('',#6921,#6922,#6923);
#6921 = CARTESIAN_POINT('',(2.,3.5,0.2));
#6922 = DIRECTION('',(0.,0.,-1.));
#6923 = DIRECTION('',(-1.,0.,0.));
#6924 = PCURVE('',#5575,#6925);
#6925 = DEFINITIONAL_REPRESENTATION('',(#6926),#6930);
#6926 = LINE('',#6927,#6928);
#6927 = CARTESIAN_POINT('',(0.,3.14159265359));
#6928 = VECTOR('',#6929,1.);
#6929 = DIRECTION('',(1.,0.));
#6930 = ( GEOMETRIC_REPRESENTATION_CONTEXT(2) 
PARAMETRIC_REPRESENTATION_CONTEXT() REPRESENTATION_CONTEXT('2D SPACE',''
  ) );
#6931 = PCURVE('',#6233,#6932);
#6932 = DEFINITIONAL_REPRESENTATION('',(#6933),#6937);
#6933 = LINE('',#6934,#6935);
#6934 = CARTESIAN_POINT('',(-0.,0.2));
#6935 = VECTOR('',#6936,1.);
#6936 = DIRECTION('',(-1.,0.));
#6937 = ( GEOMETRIC_REPRESENTATION_CONTEXT(2) 
PARAMETRIC_REPRESENTATION_CONTEXT() REPRESENTATION_CONTEXT('2D SPACE',''
  ) );
#6938 = ADVANCED_FACE('',(#6939),#5809,.T.);
#6939 = FACE_BOUND('',#6940,.T.);
#6940 = EDGE_LOOP('',(#6941,#6965,#6966,#6967));
#6941 = ORIENTED_EDGE('',*,*,#6942,.F.);
#6942 = EDGE_CURVE('',#5761,#6943,#6945,.T.);
#6943 = VERTEX_POINT('',#6944);
#6944 = CARTESIAN_POINT('',(16.,4.,0.2));
#6945 = SURFACE_CURVE('',#6946,(#6951,#6958),.PCURVE_S1.);
#6946 = CIRCLE('',#6947,0.2);
#6947 = AXIS2_PLACEMENT_3D('',#6948,#6949,#6950);
#6948 = CARTESIAN_POINT('',(16.,4.2,0.2));
#6949 = DIRECTION('',(-1.,-0.,-0.));
#6950 = DIRECTION('',(0.,0.,-1.));
#6951 = PCURVE('',#5809,#6952);
#6952 = DEFINITIONAL_REPRESENTATION('',(#6953),#6957);
#6953 = LINE('',#6954,#6955);
#6954 = CARTESIAN_POINT('',(0.,1.570796326795));
#6955 = VECTOR('',#6956,1.);
#6956 = DIRECTION('',(0.,1.));
#6957 = ( GEOMETRIC_REPRESENTATION_CONTEXT(2) 
PARAMETRIC_REPRESENTATION_CONTEXT() REPRESENTATION_CONTEXT('2D SPACE',''
  ) );
#6958 = PCURVE('',#5776,#6959);
#6959 = DEFINITIONAL_REPRESENTATION('',(#6960),#6964);
#6960 = LINE('',#6961,#6962);
#6961 = CARTESIAN_POINT('',(-0.,5.75));
#6962 = VECTOR('',#6963,1.);
#6963 = DIRECTION('',(-1.,0.));
#6964 = ( GEOMETRIC_REPRESENTATION_CONTEXT(2) 
PARAMETRIC_REPRESENTATION_CONTEXT() REPRESENTATION_CONTEXT('2D SPACE',''
  ) );
#6965 = ORIENTED_EDGE('',*,*,#5788,.T.);
#6966 = ORIENTED_EDGE('',*,*,#6841,.T.);
#6967 = ORIENTED_EDGE('',*,*,#6968,.F.);
#6968 = EDGE_CURVE('',#6943,#6842,#6969,.T.);
#6969 = SURFACE_CURVE('',#6970,(#6975,#6982),.PCURVE_S1.);
#6970 = CIRCLE('',#6971,0.5);
#6971 = AXIS2_PLACEMENT_3D('',#6972,#6973,#6974);
#6972 = CARTESIAN_POINT('',(16.,3.5,0.2));
#6973 = DIRECTION('',(0.,0.,-1.));
#6974 = DIRECTION('',(0.,1.,0.));
#6975 = PCURVE('',#5809,#6976);
#6976 = DEFINITIONAL_REPRESENTATION('',(#6977),#6981);
#6977 = LINE('',#6978,#6979);
#6978 = CARTESIAN_POINT('',(0.,3.14159265359));
#6979 = VECTOR('',#6980,1.);
#6980 = DIRECTION('',(1.,0.));
#6981 = ( GEOMETRIC_REPRESENTATION_CONTEXT(2) 
PARAMETRIC_REPRESENTATION_CONTEXT() REPRESENTATION_CONTEXT('2D SPACE',''
  ) );
#6982 = PCURVE('',#6450,#6983);
#6983 = DEFINITIONAL_REPRESENTATION('',(#6984),#6988);
#6984 = LINE('',#6985,#6986);
#6985 = CARTESIAN_POINT('',(1.570796326795,0.2));
#6986 = VECTOR('',#6987,1.);
#6987 = DIRECTION('',(-1.,-0.));
#6988 = ( GEOMETRIC_REPRESENTATION_CONTEXT(2) 
PARAMETRIC_REPRESENTATION_CONTEXT() REPRESENTATION_CONTEXT('2D SPACE',''
  ) );
#6989 = ADVANCED_FACE('',(#6990),#5603,.T.);
#6990 = FACE_BOUND('',#6991,.F.);
#6991 = EDGE_LOOP('',(#6992,#6993,#7016,#7038));
#6992 = ORIENTED_EDGE('',*,*,#6893,.T.);
#6993 = ORIENTED_EDGE('',*,*,#6994,.T.);
#6994 = EDGE_CURVE('',#6894,#6995,#6997,.T.);
#6995 = VERTEX_POINT('',#6996);
#6996 = CARTESIAN_POINT('',(7.75,4.,0.2));
#6997 = SURFACE_CURVE('',#6998,(#7002,#7009),.PCURVE_S1.);
#6998 = LINE('',#6999,#7000);
#6999 = CARTESIAN_POINT('',(2.,4.,0.2));
#7000 = VECTOR('',#7001,1.);
#7001 = DIRECTION('',(1.,0.,0.));
#7002 = PCURVE('',#5603,#7003);
#7003 = DEFINITIONAL_REPRESENTATION('',(#7004),#7008);
#7004 = LINE('',#7005,#7006);
#7005 = CARTESIAN_POINT('',(-1.570796326795,0.));
#7006 = VECTOR('',#7007,1.);
#7007 = DIRECTION('',(-0.,1.));
#7008 = ( GEOMETRIC_REPRESENTATION_CONTEXT(2) 
PARAMETRIC_REPRESENTATION_CONTEXT() REPRESENTATION_CONTEXT('2D SPACE',''
  ) );
#7009 = PCURVE('',#6286,#7010);
#7010 = DEFINITIONAL_REPRESENTATION('',(#7011),#7015);
#7011 = LINE('',#7012,#7013);
#7012 = CARTESIAN_POINT('',(0.5,-0.2));
#7013 = VECTOR('',#7014,1.);
#7014 = DIRECTION('',(1.,0.));
#7015 = ( GEOMETRIC_REPRESENTATION_CONTEXT(2) 
PARAMETRIC_REPRESENTATION_CONTEXT() REPRESENTATION_CONTEXT('2D SPACE',''
  ) );
#7016 = ORIENTED_EDGE('',*,*,#7017,.F.);
#7017 = EDGE_CURVE('',#5588,#6995,#7018,.T.);
#7018 = SURFACE_CURVE('',#7019,(#7024,#7031),.PCURVE_S1.);
#7019 = CIRCLE('',#7020,0.2);
#7020 = AXIS2_PLACEMENT_3D('',#7021,#7022,#7023);
#7021 = CARTESIAN_POINT('',(7.75,4.2,0.2));
#7022 = DIRECTION('',(-1.,-0.,-0.));
#7023 = DIRECTION('',(0.,0.,-1.));
#7024 = PCURVE('',#5603,#7025);
#7025 = DEFINITIONAL_REPRESENTATION('',(#7026),#7030);
#7026 = LINE('',#7027,#7028);
#7027 = CARTESIAN_POINT('',(-0.,5.75));
#7028 = VECTOR('',#7029,1.);
#7029 = DIRECTION('',(-1.,0.));
#7030 = ( GEOMETRIC_REPRESENTATION_CONTEXT(2) 
PARAMETRIC_REPRESENTATION_CONTEXT() REPRESENTATION_CONTEXT('2D SPACE',''
  ) );
#7031 = PCURVE('',#5636,#7032);
#7032 = DEFINITIONAL_REPRESENTATION('',(#7033),#7037);
#7033 = LINE('',#7034,#7035);
#7034 = CARTESIAN_POINT('',(0.,1.570796326795));
#7035 = VECTOR('',#7036,1.);
#7036 = DIRECTION('',(0.,1.));
#7037 = ( GEOMETRIC_REPRESENTATION_CONTEXT(2) 
PARAMETRIC_REPRESENTATION_CONTEXT() REPRESENTATION_CONTEXT('2D SPACE',''
  ) );
#7038 = ORIENTED_EDGE('',*,*,#5587,.F.);
#7039 = ADVANCED_FACE('',(#7040),#5776,.T.);
#7040 = FACE_BOUND('',#7041,.F.);
#7041 = EDGE_LOOP('',(#7042,#7066,#7087,#7088));
#7042 = ORIENTED_EDGE('',*,*,#7043,.T.);
#7043 = EDGE_CURVE('',#5728,#7044,#7046,.T.);
#7044 = VERTEX_POINT('',#7045);
#7045 = CARTESIAN_POINT('',(10.25,4.,0.2));
#7046 = SURFACE_CURVE('',#7047,(#7052,#7059),.PCURVE_S1.);
#7047 = CIRCLE('',#7048,0.2);
#7048 = AXIS2_PLACEMENT_3D('',#7049,#7050,#7051);
#7049 = CARTESIAN_POINT('',(10.25,4.2,0.2));
#7050 = DIRECTION('',(-1.,-6.123233995737E-17,-0.));
#7051 = DIRECTION('',(-6.123233995737E-17,1.,0.));
#7052 = PCURVE('',#5776,#7053);
#7053 = DEFINITIONAL_REPRESENTATION('',(#7054),#7058);
#7054 = LINE('',#7055,#7056);
#7055 = CARTESIAN_POINT('',(1.570796326795,-0.));
#7056 = VECTOR('',#7057,1.);
#7057 = DIRECTION('',(-1.,0.));
#7058 = ( GEOMETRIC_REPRESENTATION_CONTEXT(2) 
PARAMETRIC_REPRESENTATION_CONTEXT() REPRESENTATION_CONTEXT('2D SPACE',''
  ) );
#7059 = PCURVE('',#5748,#7060);
#7060 = DEFINITIONAL_REPRESENTATION('',(#7061),#7065);
#7061 = LINE('',#7062,#7063);
#7062 = CARTESIAN_POINT('',(1.570796326795,0.));
#7063 = VECTOR('',#7064,1.);
#7064 = DIRECTION('',(0.,1.));
#7065 = ( GEOMETRIC_REPRESENTATION_CONTEXT(2) 
PARAMETRIC_REPRESENTATION_CONTEXT() REPRESENTATION_CONTEXT('2D SPACE',''
  ) );
#7066 = ORIENTED_EDGE('',*,*,#7067,.T.);
#7067 = EDGE_CURVE('',#7044,#6943,#7068,.T.);
#7068 = SURFACE_CURVE('',#7069,(#7073,#7080),.PCURVE_S1.);
#7069 = LINE('',#7070,#7071);
#7070 = CARTESIAN_POINT('',(10.25,4.,0.2));
#7071 = VECTOR('',#7072,1.);
#7072 = DIRECTION('',(1.,0.,0.));
#7073 = PCURVE('',#5776,#7074);
#7074 = DEFINITIONAL_REPRESENTATION('',(#7075),#7079);
#7075 = LINE('',#7076,#7077);
#7076 = CARTESIAN_POINT('',(-1.570796326795,0.));
#7077 = VECTOR('',#7078,1.);
#7078 = DIRECTION('',(-0.,1.));
#7079 = ( GEOMETRIC_REPRESENTATION_CONTEXT(2) 
PARAMETRIC_REPRESENTATION_CONTEXT() REPRESENTATION_CONTEXT('2D SPACE',''
  ) );
#7080 = PCURVE('',#6541,#7081);
#7081 = DEFINITIONAL_REPRESENTATION('',(#7082),#7086);
#7082 = LINE('',#7083,#7084);
#7083 = CARTESIAN_POINT('',(0.5,-0.2));
#7084 = VECTOR('',#7085,1.);
#7085 = DIRECTION('',(1.,0.));
#7086 = ( GEOMETRIC_REPRESENTATION_CONTEXT(2) 
PARAMETRIC_REPRESENTATION_CONTEXT() REPRESENTATION_CONTEXT('2D SPACE',''
  ) );
#7087 = ORIENTED_EDGE('',*,*,#6942,.F.);
#7088 = ORIENTED_EDGE('',*,*,#5760,.F.);
#7089 = ADVANCED_FACE('',(#7090),#5636,.T.);
#7090 = FACE_BOUND('',#7091,.T.);
#7091 = EDGE_LOOP('',(#7092,#7093,#7094,#7118));
#7092 = ORIENTED_EDGE('',*,*,#7017,.F.);
#7093 = ORIENTED_EDGE('',*,*,#5615,.T.);
#7094 = ORIENTED_EDGE('',*,*,#7095,.T.);
#7095 = EDGE_CURVE('',#5616,#7096,#7098,.T.);
#7096 = VERTEX_POINT('',#7097);
#7097 = CARTESIAN_POINT('',(8.25,3.5,0.2));
#7098 = SURFACE_CURVE('',#7099,(#7104,#7111),.PCURVE_S1.);
#7099 = CIRCLE('',#7100,0.2);
#7100 = AXIS2_PLACEMENT_3D('',#7101,#7102,#7103);
#7101 = CARTESIAN_POINT('',(8.45,3.5,0.2));
#7102 = DIRECTION('',(-6.123233995737E-17,1.,0.));
#7103 = DIRECTION('',(1.,6.123233995737E-17,0.));
#7104 = PCURVE('',#5636,#7105);
#7105 = DEFINITIONAL_REPRESENTATION('',(#7106),#7110);
#7106 = LINE('',#7107,#7108);
#7107 = CARTESIAN_POINT('',(1.570796326795,0.));
#7108 = VECTOR('',#7109,1.);
#7109 = DIRECTION('',(0.,1.));
#7110 = ( GEOMETRIC_REPRESENTATION_CONTEXT(2) 
PARAMETRIC_REPRESENTATION_CONTEXT() REPRESENTATION_CONTEXT('2D SPACE',''
  ) );
#7111 = PCURVE('',#5664,#7112);
#7112 = DEFINITIONAL_REPRESENTATION('',(#7113),#7117);
#7113 = LINE('',#7114,#7115);
#7114 = CARTESIAN_POINT('',(1.570796326795,-0.));
#7115 = VECTOR('',#7116,1.);
#7116 = DIRECTION('',(-1.,0.));
#7117 = ( GEOMETRIC_REPRESENTATION_CONTEXT(2) 
PARAMETRIC_REPRESENTATION_CONTEXT() REPRESENTATION_CONTEXT('2D SPACE',''
  ) );
#7118 = ORIENTED_EDGE('',*,*,#7119,.F.);
#7119 = EDGE_CURVE('',#6995,#7096,#7120,.T.);
#7120 = SURFACE_CURVE('',#7121,(#7126,#7133),.PCURVE_S1.);
#7121 = CIRCLE('',#7122,0.5);
#7122 = AXIS2_PLACEMENT_3D('',#7123,#7124,#7125);
#7123 = CARTESIAN_POINT('',(7.75,3.5,0.2));
#7124 = DIRECTION('',(0.,0.,-1.));
#7125 = DIRECTION('',(0.,1.,0.));
#7126 = PCURVE('',#5636,#7127);
#7127 = DEFINITIONAL_REPRESENTATION('',(#7128),#7132);
#7128 = LINE('',#7129,#7130);
#7129 = CARTESIAN_POINT('',(0.,3.14159265359));
#7130 = VECTOR('',#7131,1.);
#7131 = DIRECTION('',(1.,0.));
#7132 = ( GEOMETRIC_REPRESENTATION_CONTEXT(2) 
PARAMETRIC_REPRESENTATION_CONTEXT() REPRESENTATION_CONTEXT('2D SPACE',''
  ) );
#7133 = PCURVE('',#6394,#7134);
#7134 = DEFINITIONAL_REPRESENTATION('',(#7135),#7139);
#7135 = LINE('',#7136,#7137);
#7136 = CARTESIAN_POINT('',(-0.,0.2));
#7137 = VECTOR('',#7138,1.);
#7138 = DIRECTION('',(-1.,0.));
#7139 = ( GEOMETRIC_REPRESENTATION_CONTEXT(2) 
PARAMETRIC_REPRESENTATION_CONTEXT() REPRESENTATION_CONTEXT('2D SPACE',''
  ) );
#7140 = ADVANCED_FACE('',(#7141),#5748,.T.);
#7141 = FACE_BOUND('',#7142,.T.);
#7142 = EDGE_LOOP('',(#7143,#7167,#7168,#7169));
#7143 = ORIENTED_EDGE('',*,*,#7144,.F.);
#7144 = EDGE_CURVE('',#5700,#7145,#7147,.T.);
#7145 = VERTEX_POINT('',#7146);
#7146 = CARTESIAN_POINT('',(9.75,3.5,0.2));
#7147 = SURFACE_CURVE('',#7148,(#7153,#7160),.PCURVE_S1.);
#7148 = CIRCLE('',#7149,0.2);
#7149 = AXIS2_PLACEMENT_3D('',#7150,#7151,#7152);
#7150 = CARTESIAN_POINT('',(9.55,3.5,0.2));
#7151 = DIRECTION('',(0.,-1.,0.));
#7152 = DIRECTION('',(0.,0.,-1.));
#7153 = PCURVE('',#5748,#7154);
#7154 = DEFINITIONAL_REPRESENTATION('',(#7155),#7159);
#7155 = LINE('',#7156,#7157);
#7156 = CARTESIAN_POINT('',(0.,1.570796326795));
#7157 = VECTOR('',#7158,1.);
#7158 = DIRECTION('',(0.,1.));
#7159 = ( GEOMETRIC_REPRESENTATION_CONTEXT(2) 
PARAMETRIC_REPRESENTATION_CONTEXT() REPRESENTATION_CONTEXT('2D SPACE',''
  ) );
#7160 = PCURVE('',#5715,#7161);
#7161 = DEFINITIONAL_REPRESENTATION('',(#7162),#7166);
#7162 = LINE('',#7163,#7164);
#7163 = CARTESIAN_POINT('',(-0.,3.5));
#7164 = VECTOR('',#7165,1.);
#7165 = DIRECTION('',(-1.,0.));
#7166 = ( GEOMETRIC_REPRESENTATION_CONTEXT(2) 
PARAMETRIC_REPRESENTATION_CONTEXT() REPRESENTATION_CONTEXT('2D SPACE',''
  ) );
#7167 = ORIENTED_EDGE('',*,*,#5727,.T.);
#7168 = ORIENTED_EDGE('',*,*,#7043,.T.);
#7169 = ORIENTED_EDGE('',*,*,#7170,.F.);
#7170 = EDGE_CURVE('',#7145,#7044,#7171,.T.);
#7171 = SURFACE_CURVE('',#7172,(#7177,#7184),.PCURVE_S1.);
#7172 = CIRCLE('',#7173,0.5);
#7173 = AXIS2_PLACEMENT_3D('',#7174,#7175,#7176);
#7174 = CARTESIAN_POINT('',(10.25,3.5,0.2));
#7175 = DIRECTION('',(0.,0.,-1.));
#7176 = DIRECTION('',(-1.,0.,0.));
#7177 = PCURVE('',#5748,#7178);
#7178 = DEFINITIONAL_REPRESENTATION('',(#7179),#7183);
#7179 = LINE('',#7180,#7181);
#7180 = CARTESIAN_POINT('',(0.,3.14159265359));
#7181 = VECTOR('',#7182,1.);
#7182 = DIRECTION('',(1.,0.));
#7183 = ( GEOMETRIC_REPRESENTATION_CONTEXT(2) 
PARAMETRIC_REPRESENTATION_CONTEXT() REPRESENTATION_CONTEXT('2D SPACE',''
  ) );
#7184 = PCURVE('',#6749,#7185);
#7185 = DEFINITIONAL_REPRESENTATION('',(#7186),#7190);
#7186 = LINE('',#7187,#7188);
#7187 = CARTESIAN_POINT('',(1.570796326795,0.2));
#7188 = VECTOR('',#7189,1.);
#7189 = DIRECTION('',(-1.,-0.));
#7190 = ( GEOMETRIC_REPRESENTATION_CONTEXT(2) 
PARAMETRIC_REPRESENTATION_CONTEXT() REPRESENTATION_CONTEXT('2D SPACE',''
  ) );
#7191 = ADVANCED_FACE('',(#7192),#5664,.T.);
#7192 = FACE_BOUND('',#7193,.F.);
#7193 = EDGE_LOOP('',(#7194,#7195,#7216,#7217));
#7194 = ORIENTED_EDGE('',*,*,#7095,.T.);
#7195 = ORIENTED_EDGE('',*,*,#7196,.T.);
#7196 = EDGE_CURVE('',#7096,#6581,#7197,.T.);
#7197 = SURFACE_CURVE('',#7198,(#7202,#7209),.PCURVE_S1.);
#7198 = LINE('',#7199,#7200);
#7199 = CARTESIAN_POINT('',(8.25,3.5,0.2));
#7200 = VECTOR('',#7201,1.);
#7201 = DIRECTION('',(0.,-1.,0.));
#7202 = PCURVE('',#5664,#7203);
#7203 = DEFINITIONAL_REPRESENTATION('',(#7204),#7208);
#7204 = LINE('',#7205,#7206);
#7205 = CARTESIAN_POINT('',(-1.570796326795,0.));
#7206 = VECTOR('',#7207,1.);
#7207 = DIRECTION('',(-0.,1.));
#7208 = ( GEOMETRIC_REPRESENTATION_CONTEXT(2) 
PARAMETRIC_REPRESENTATION_CONTEXT() REPRESENTATION_CONTEXT('2D SPACE',''
  ) );
#7209 = PCURVE('',#6507,#7210);
#7210 = DEFINITIONAL_REPRESENTATION('',(#7211),#7215);
#7211 = LINE('',#7212,#7213);
#7212 = CARTESIAN_POINT('',(0.5,-0.2));
#7213 = VECTOR('',#7214,1.);
#7214 = DIRECTION('',(1.,0.));
#7215 = ( GEOMETRIC_REPRESENTATION_CONTEXT(2) 
PARAMETRIC_REPRESENTATION_CONTEXT() REPRESENTATION_CONTEXT('2D SPACE',''
  ) );
#7216 = ORIENTED_EDGE('',*,*,#6580,.F.);
#7217 = ORIENTED_EDGE('',*,*,#5648,.F.);
#7218 = ADVANCED_FACE('',(#7219),#5715,.T.);
#7219 = FACE_BOUND('',#7220,.F.);
#7220 = EDGE_LOOP('',(#7221,#7222,#7243,#7244));
#7221 = ORIENTED_EDGE('',*,*,#6679,.T.);
#7222 = ORIENTED_EDGE('',*,*,#7223,.T.);
#7223 = EDGE_CURVE('',#6652,#7145,#7224,.T.);
#7224 = SURFACE_CURVE('',#7225,(#7229,#7236),.PCURVE_S1.);
#7225 = LINE('',#7226,#7227);
#7226 = CARTESIAN_POINT('',(9.75,0.,0.2));
#7227 = VECTOR('',#7228,1.);
#7228 = DIRECTION('',(0.,1.,0.));
#7229 = PCURVE('',#5715,#7230);
#7230 = DEFINITIONAL_REPRESENTATION('',(#7231),#7235);
#7231 = LINE('',#7232,#7233);
#7232 = CARTESIAN_POINT('',(-1.570796326795,0.));
#7233 = VECTOR('',#7234,1.);
#7234 = DIRECTION('',(-0.,1.));
#7235 = ( GEOMETRIC_REPRESENTATION_CONTEXT(2) 
PARAMETRIC_REPRESENTATION_CONTEXT() REPRESENTATION_CONTEXT('2D SPACE',''
  ) );
#7236 = PCURVE('',#6667,#7237);
#7237 = DEFINITIONAL_REPRESENTATION('',(#7238),#7242);
#7238 = LINE('',#7239,#7240);
#7239 = CARTESIAN_POINT('',(0.,-0.2));
#7240 = VECTOR('',#7241,1.);
#7241 = DIRECTION('',(1.,0.));
#7242 = ( GEOMETRIC_REPRESENTATION_CONTEXT(2) 
PARAMETRIC_REPRESENTATION_CONTEXT() REPRESENTATION_CONTEXT('2D SPACE',''
  ) );
#7243 = ORIENTED_EDGE('',*,*,#7144,.F.);
#7244 = ORIENTED_EDGE('',*,*,#5699,.F.);
#7245 = ADVANCED_FACE('',(#7246),#5917,.F.);
#7246 = FACE_BOUND('',#7247,.F.);
#7247 = EDGE_LOOP('',(#7248,#7269,#7270,#7271));
#7248 = ORIENTED_EDGE('',*,*,#7249,.F.);
#7249 = EDGE_CURVE('',#6793,#6143,#7250,.T.);
#7250 = SURFACE_CURVE('',#7251,(#7255,#7262),.PCURVE_S1.);
#7251 = LINE('',#7252,#7253);
#7252 = CARTESIAN_POINT('',(1.5,3.5,0.));
#7253 = VECTOR('',#7254,1.);
#7254 = DIRECTION('',(0.,0.,1.));
#7255 = PCURVE('',#5917,#7256);
#7256 = DEFINITIONAL_REPRESENTATION('',(#7257),#7261);
#7257 = LINE('',#7258,#7259);
#7258 = CARTESIAN_POINT('',(3.5,0.));
#7259 = VECTOR('',#7260,1.);
#7260 = DIRECTION('',(0.,-1.));
#7261 = ( GEOMETRIC_REPRESENTATION_CONTEXT(2) 
PARAMETRIC_REPRESENTATION_CONTEXT() REPRESENTATION_CONTEXT('2D SPACE',''
  ) );
#7262 = PCURVE('',#6233,#7263);
#7263 = DEFINITIONAL_REPRESENTATION('',(#7264),#7268);
#7264 = LINE('',#7265,#7266);
#7265 = CARTESIAN_POINT('',(-0.,0.));
#7266 = VECTOR('',#7267,1.);
#7267 = DIRECTION('',(-0.,1.));
#7268 = ( GEOMETRIC_REPRESENTATION_CONTEXT(2) 
PARAMETRIC_REPRESENTATION_CONTEXT() REPRESENTATION_CONTEXT('2D SPACE',''
  ) );
#7269 = ORIENTED_EDGE('',*,*,#6792,.F.);
#7270 = ORIENTED_EDGE('',*,*,#5901,.T.);
#7271 = ORIENTED_EDGE('',*,*,#6166,.F.);
#7272 = ADVANCED_FACE('',(#7273),#6008,.F.);
#7273 = FACE_BOUND('',#7274,.T.);
#7274 = EDGE_LOOP('',(#7275,#7276,#7299,#7502,#7531,#7650,#7749,#7890));
#7275 = ORIENTED_EDGE('',*,*,#5991,.T.);
#7276 = ORIENTED_EDGE('',*,*,#7277,.T.);
#7277 = EDGE_CURVE('',#5992,#7278,#7280,.T.);
#7278 = VERTEX_POINT('',#7279);
#7279 = CARTESIAN_POINT('',(12.816916119131,14.316916119131,
    9.000000032596));
#7280 = SEAM_CURVE('',#7281,(#7285,#7292),.PCURVE_S1.);
#7281 = LINE('',#7282,#7283);
#7282 = CARTESIAN_POINT('',(14.5,16.,9.));
#7283 = VECTOR('',#7284,1.);
#7284 = DIRECTION('',(-0.707106781187,-0.707106781187,1.570092458684E-16
    ));
#7285 = PCURVE('',#6008,#7286);
#7286 = DEFINITIONAL_REPRESENTATION('',(#7287),#7291);
#7287 = LINE('',#7288,#7289);
#7288 = CARTESIAN_POINT('',(0.,-0.));
#7289 = VECTOR('',#7290,1.);
#7290 = DIRECTION('',(0.,-1.));
#7291 = ( GEOMETRIC_REPRESENTATION_CONTEXT(2) 
PARAMETRIC_REPRESENTATION_CONTEXT() REPRESENTATION_CONTEXT('2D SPACE',''
  ) );
#7292 = PCURVE('',#6008,#7293);
#7293 = DEFINITIONAL_REPRESENTATION('',(#7294),#7298);
#7294 = LINE('',#7295,#7296);
#7295 = CARTESIAN_POINT('',(6.28318530718,-0.));
#7296 = VECTOR('',#7297,1.);
#7297 = DIRECTION('',(0.,-1.));
#7298 = ( GEOMETRIC_REPRESENTATION_CONTEXT(2) 
PARAMETRIC_REPRESENTATION_CONTEXT() REPRESENTATION_CONTEXT('2D SPACE',''
  ) );
#7299 = ORIENTED_EDGE('',*,*,#7300,.T.);
#7300 = EDGE_CURVE('',#7278,#7301,#7303,.T.);
#7301 = VERTEX_POINT('',#7302);
#7302 = CARTESIAN_POINT('',(5.590793259435,13.914,8.819153656139));
#7303 = SURFACE_CURVE('',#7304,(#7347,#7393),.PCURVE_S1.);
#7304 = B_SPLINE_CURVE_WITH_KNOTS('',6,(#7305,#7306,#7307,#7308,#7309,
    #7310,#7311,#7312,#7313,#7314,#7315,#7316,#7317,#7318,#7319,#7320,
    #7321,#7322,#7323,#7324,#7325,#7326,#7327,#7328,#7329,#7330,#7331,
    #7332,#7333,#7334,#7335,#7336,#7337,#7338,#7339,#7340,#7341,#7342,
    #7343,#7344,#7345,#7346),.UNSPECIFIED.,.F.,.F.,(7,5,5,5,5,5,5,5,7),(
    0.,0.137270877399,0.270857243073,0.398846239197,0.525313507623,
    0.648322151615,0.767943826591,0.884250383627,1.),.UNSPECIFIED.);
#7305 = CARTESIAN_POINT('',(12.816916121285,14.316916121285,9.));
#7306 = CARTESIAN_POINT('',(12.808121135354,14.308121137627,
    9.266173075721));
#7307 = CARTESIAN_POINT('',(12.777032556127,14.299306502519,
    9.531535451197));
#7308 = CARTESIAN_POINT('',(12.723671742467,14.290469965579,
    9.79370830246));
#7309 = CARTESIAN_POINT('',(12.648410041344,14.281610739397,
    10.050363706274));
#7310 = CARTESIAN_POINT('',(12.551914258789,14.272728296884,
    10.299221723949));
#7311 = CARTESIAN_POINT('',(12.321642643013,14.255158983122,
    10.77052635642));
#7312 = CARTESIAN_POINT('',(12.188922281851,14.246472148535,
    10.993532701938));
#7313 = CARTESIAN_POINT('',(12.037989815558,14.237765043968,
    11.205063401775));
#7314 = CARTESIAN_POINT('',(11.870058246005,14.229037220433,
    11.403256057171));
#7315 = CARTESIAN_POINT('',(11.68657367546,14.220287758386,
    11.586401221065));
#7316 = CARTESIAN_POINT('',(11.300210522788,14.203114806463,
    11.912599228331));
#7317 = CARTESIAN_POINT('',(11.098444838875,14.194692055227,
    12.057028919546));
#7318 = CARTESIAN_POINT('',(10.88547072207,14.186250064118,
    12.184946085225));
#7319 = CARTESIAN_POINT('',(10.662956699302,14.177788009279,
    12.295249925287));
#7320 = CARTESIAN_POINT('',(10.432705899459,14.16930503755,
    12.387044422458));
#7321 = CARTESIAN_POINT('',(9.963445408248,14.152399939067,
    12.53146923919));
#7322 = CARTESIAN_POINT('',(9.724546625352,14.143977369129,
    12.584560182754));
#7323 = CARTESIAN_POINT('',(9.481861100426,14.135535047609,
    12.618335110637));
#7324 = CARTESIAN_POINT('',(9.237328473428,14.127072348935,
    12.632440067458));
#7325 = CARTESIAN_POINT('',(8.992931501386,14.118588577731,
    12.626759032421));
#7326 = CARTESIAN_POINT('',(8.515075866196,14.101813170441,
    12.576864289682));
#7327 = CARTESIAN_POINT('',(8.281475929407,14.093521759457,
    12.533706040986));
#7328 = CARTESIAN_POINT('',(8.051753017224,14.085211173549,
    12.472143957911));
#7329 = CARTESIAN_POINT('',(7.827717468999,14.076880814706,
    12.392582499336));
#7330 = CARTESIAN_POINT('',(7.61113057412,14.068529959068,
    12.295645391641));
#7331 = CARTESIAN_POINT('',(7.201945950293,14.05201915166,
    12.071911496738));
#7332 = CARTESIAN_POINT('',(7.008831937628,14.043859477052,
    11.945999477068));
#7333 = CARTESIAN_POINT('',(6.825898282528,14.03568096935,
    11.805288782789));
#7334 = CARTESIAN_POINT('',(6.654570487342,14.027482998558,
    11.650783891756));
#7335 = CARTESIAN_POINT('',(6.496154010245,14.019264866017,
    11.483659896469));
#7336 = CARTESIAN_POINT('',(6.21144940331,14.00301790205,11.131861096239
    ));
#7337 = CARTESIAN_POINT('',(6.084379575136,13.994989402714,
    10.947785022955));
#7338 = CARTESIAN_POINT('',(5.971656337943,13.986942373352,
    10.754318798378));
#7339 = CARTESIAN_POINT('',(5.874162484523,13.978876285809,
    10.552842380446));
#7340 = CARTESIAN_POINT('',(5.792618024328,13.970790558449,
    10.344840262306));
#7341 = CARTESIAN_POINT('',(5.662781560716,13.954619935458,
    9.920003452586));
#7342 = CARTESIAN_POINT('',(5.614326249053,13.946534489456,
    9.703196417576));
#7343 = CARTESIAN_POINT('',(5.582697597003,13.938430200757,
    9.483067764996));
#7344 = CARTESIAN_POINT('',(5.568197986025,13.930306556941,
    9.261239895201));
#7345 = CARTESIAN_POINT('',(5.570937054706,13.922162949285,
    9.039371532802));
#7346 = CARTESIAN_POINT('',(5.590793259435,13.914,8.819153656139));
#7347 = PCURVE('',#6008,#7348);
#7348 = DEFINITIONAL_REPRESENTATION('',(#7349),#7392);
#7349 = B_SPLINE_CURVE_WITH_KNOTS('',6,(#7350,#7351,#7352,#7353,#7354,
    #7355,#7356,#7357,#7358,#7359,#7360,#7361,#7362,#7363,#7364,#7365,
    #7366,#7367,#7368,#7369,#7370,#7371,#7372,#7373,#7374,#7375,#7376,
    #7377,#7378,#7379,#7380,#7381,#7382,#7383,#7384,#7385,#7386,#7387,
    #7388,#7389,#7390,#7391),.UNSPECIFIED.,.F.,.F.,(7,5,5,5,5,5,5,5,7),(
    0.,0.137270877399,0.270857243073,0.398846239197,0.525313507623,
    0.648322151615,0.767943826591,0.884250383627,1.),.UNSPECIFIED.);
#7350 = CARTESIAN_POINT('',(6.28318530718,-1.683083878715));
#7351 = CARTESIAN_POINT('',(6.213450194522,-1.69187886351));
#7352 = CARTESIAN_POINT('',(6.143541888211,-1.700693495096));
#7353 = CARTESIAN_POINT('',(6.07346943017,-1.709530036565));
#7354 = CARTESIAN_POINT('',(6.00322606138,-1.718389259809));
#7355 = CARTESIAN_POINT('',(5.932804384365,-1.727271703116));
#7356 = CARTESIAN_POINT('',(5.793516251381,-1.744841016878));
#7357 = CARTESIAN_POINT('',(5.724649986977,-1.753527851465));
#7358 = CARTESIAN_POINT('',(5.655622195308,-1.762234956032));
#7359 = CARTESIAN_POINT('',(5.586426865695,-1.770962779567));
#7360 = CARTESIAN_POINT('',(5.517057082655,-1.779712241614));
#7361 = CARTESIAN_POINT('',(5.380897681197,-1.796885193537));
#7362 = CARTESIAN_POINT('',(5.314114109438,-1.805307944773));
#7363 = CARTESIAN_POINT('',(5.247176672942,-1.813749935882));
#7364 = CARTESIAN_POINT('',(5.180080096155,-1.822211990721));
#7365 = CARTESIAN_POINT('',(5.112818320244,-1.83069496245));
#7366 = CARTESIAN_POINT('',(4.978778972035,-1.847600060933));
#7367 = CARTESIAN_POINT('',(4.911997857122,-1.856022630871));
#7368 = CARTESIAN_POINT('',(4.845061256655,-1.864464952391));
#7369 = CARTESIAN_POINT('',(4.77796386675,-1.872927651065));
#7370 = CARTESIAN_POINT('',(4.71069963087,-1.881411422269));
#7371 = CARTESIAN_POINT('',(4.577694306415,-1.898186829559));
#7372 = CARTESIAN_POINT('',(4.51195500137,-1.906478240543));
#7373 = CARTESIAN_POINT('',(4.446063247964,-1.914788826451));
#7374 = CARTESIAN_POINT('',(4.380014109344,-1.923119185294));
#7375 = CARTESIAN_POINT('',(4.313801943506,-1.931470040932));
#7376 = CARTESIAN_POINT('',(4.182890751177,-1.94798084834));
#7377 = CARTESIAN_POINT('',(4.118193935799,-1.956140522948));
#7378 = CARTESIAN_POINT('',(4.053347787235,-1.96431903065));
#7379 = CARTESIAN_POINT('',(3.988347690565,-1.972517001442));
#7380 = CARTESIAN_POINT('',(3.923188373521,-1.980735133983));
#7381 = CARTESIAN_POINT('',(3.79437201878,-1.99698209795));
#7382 = CARTESIAN_POINT('',(3.730717576634,-2.005010597286));
#7383 = CARTESIAN_POINT('',(3.666916925483,-2.013057626648));
#7384 = CARTESIAN_POINT('',(3.602965748439,-2.021123714191));
#7385 = CARTESIAN_POINT('',(3.538859136694,-2.029209441551));
#7386 = CARTESIAN_POINT('',(3.410652426506,-2.045380064542));
#7387 = CARTESIAN_POINT('',(3.346547960727,-2.053465510623));
#7388 = CARTESIAN_POINT('',(3.282293763958,-2.061569799053));
#7389 = CARTESIAN_POINT('',(3.217885382013,-2.069693443227));
#7390 = CARTESIAN_POINT('',(3.153317751854,-2.077837050671));
#7391 = CARTESIAN_POINT('',(3.088595867541,-2.086));
#7392 = ( GEOMETRIC_REPRESENTATION_CONTEXT(2) 
PARAMETRIC_REPRESENTATION_CONTEXT() REPRESENTATION_CONTEXT('2D SPACE',''
  ) );
#7393 = PCURVE('',#7394,#7457);
#7394 = B_SPLINE_SURFACE_WITH_KNOTS('',1,9,(
    (#7395,#7396,#7397,#7398,#7399,#7400,#7401,#7402,#7403,#7404,#7405
      ,#7406,#7407,#7408,#7409,#7410,#7411,#7412,#7413,#7414,#7415,#7416
      ,#7417,#7418,#7419,#7420,#7421,#7422,#7423,#7424,#7425)
    ,(#7426,#7427,#7428,#7429,#7430,#7431,#7432,#7433,#7434,#7435,#7436
      ,#7437,#7438,#7439,#7440,#7441,#7442,#7443,#7444,#7445,#7446,#7447
      ,#7448,#7449,#7450,#7451,#7452,#7453,#7454,#7455,#7456
  )),.UNSPECIFIED.,.F.,.F.,.F.,(2,2),(10,7,7,7,10),(0.,1.09175),(0.,
    1.601579642188,3.203159284377,4.804738926565,6.406318568754),
  .UNSPECIFIED.);
#7395 = CARTESIAN_POINT('',(13.014005033912,14.203124899751,
    8.999999995014));
#7396 = CARTESIAN_POINT('',(13.014005998398,14.168402658335,
    9.700575728251));
#7397 = CARTESIAN_POINT('',(12.876483426714,14.133680324424,
    10.40114816275));
#7398 = CARTESIAN_POINT('',(12.601328816599,14.098958216584,
    11.070867069711));
#7399 = CARTESIAN_POINT('',(12.196723866708,14.064236050731,
    11.678831670779));
#7400 = CARTESIAN_POINT('',(11.678821879628,14.029513799524,
    12.196740110895));
#7401 = CARTESIAN_POINT('',(11.070857296707,13.99479154852,
    12.601331757489));
#7402 = CARTESIAN_POINT('',(10.401155233921,13.960069306331,
    12.876448228363));
#7403 = CARTESIAN_POINT('',(9.000007453529,13.890624852194,
    13.151564844372));
#7404 = CARTESIAN_POINT('',(7.598848466457,13.82118043184,
    12.876449131953));
#7405 = CARTESIAN_POINT('',(6.929135635676,13.786458224714,
    12.601333565876));
#7406 = CARTESIAN_POINT('',(6.321157618064,13.751736003491,
    12.196739260831));
#7407 = CARTESIAN_POINT('',(5.803254243587,13.717013769506,
    11.678834572889));
#7408 = CARTESIAN_POINT('',(5.39866442762,13.682291536803,
    11.070859479714));
#7409 = CARTESIAN_POINT('',(5.123553456163,13.647569313894,
    10.401151742957));
#7410 = CARTESIAN_POINT('',(4.848442304684,13.578124874683,
    8.999999962065));
#7411 = CARTESIAN_POINT('',(5.123553989884,13.508680435473,
    7.598848285968));
#7412 = CARTESIAN_POINT('',(5.398664955781,13.473958212564,
    6.929140715456));
#7413 = CARTESIAN_POINT('',(5.803253484231,13.439235979861,
    6.321165346432));
#7414 = CARTESIAN_POINT('',(6.321156222364,13.404513745875,
    5.803259581936));
#7415 = CARTESIAN_POINT('',(6.929134960918,13.369791524652,
    5.398664863441));
#7416 = CARTESIAN_POINT('',(7.598848341406,13.335069317528,
    5.123550775235));
#7417 = CARTESIAN_POINT('',(9.000007466547,13.265624897172,
    4.848437365237));
#7418 = CARTESIAN_POINT('',(10.401155108869,13.196180443035,
    5.123553085197));
#7419 = CARTESIAN_POINT('',(11.070857701924,13.161458200873,
    5.398667591149));
#7420 = CARTESIAN_POINT('',(11.678822054478,13.126735949767,
    5.803256951264));
#7421 = CARTESIAN_POINT('',(12.196730541527,13.09201369873,6.3211617238)
  );
#7422 = CARTESIAN_POINT('',(12.601330247498,13.057291532718,
    6.929138219102));
#7423 = CARTESIAN_POINT('',(12.876472883738,13.022569424961,
    7.598852203543));
#7424 = CARTESIAN_POINT('',(13.014006585947,12.987847091033,
    8.299424259284));
#7425 = CARTESIAN_POINT('',(13.014007550868,12.953124849613,
    8.99999999252));
#7426 = CARTESIAN_POINT('',(12.068525707461,14.749006668775,
    9.000000331678));
#7427 = CARTESIAN_POINT('',(12.068527361319,14.714285723117,
    9.535594520065));
#7428 = CARTESIAN_POINT('',(11.963396121133,14.679570929216,
    10.071087255755));
#7429 = CARTESIAN_POINT('',(11.75307859486,14.644841097335,
    10.583062781461));
#7430 = CARTESIAN_POINT('',(11.443746951096,14.610115131756,
    11.047862842596));
#7431 = CARTESIAN_POINT('',(11.047829149316,14.575394831333,
    11.443760428831));
#7432 = CARTESIAN_POINT('',(10.5830737781,14.54067452668,11.753058440974
    ));
#7433 = CARTESIAN_POINT('',(10.071119749624,14.505953631424,
    11.963371671917));
#7434 = CARTESIAN_POINT('',(9.000007274198,14.436509831565,
    12.173686423854));
#7435 = CARTESIAN_POINT('',(7.928880337325,14.367063785081,
    11.963371321136));
#7436 = CARTESIAN_POINT('',(7.416912115589,14.332340558826,
    11.753056030152));
#7437 = CARTESIAN_POINT('',(6.952143129295,14.297618270158,
    11.443760440293));
#7438 = CARTESIAN_POINT('',(6.556233094049,14.262896830228,
    11.047849212664));
#7439 = CARTESIAN_POINT('',(6.246942537159,14.228175305051,
    10.583084530142));
#7440 = CARTESIAN_POINT('',(6.036631375219,14.193453128503,
    10.071122016225));
#7441 = CARTESIAN_POINT('',(5.826320728685,14.124008335959,
    8.999999492359));
#7442 = CARTESIAN_POINT('',(6.036632620472,14.054563543415,
    7.928877212994));
#7443 = CARTESIAN_POINT('',(6.246943914573,14.019841366867,
    7.416915052737));
#7444 = CARTESIAN_POINT('',(6.55623231331,13.98511984169,6.952149966015)
  );
#7445 = CARTESIAN_POINT('',(6.952141328021,13.950398401758,
    6.556236935878));
#7446 = CARTESIAN_POINT('',(7.416911680783,13.915676113091,6.24694074053
    ));
#7447 = CARTESIAN_POINT('',(7.92888093735,13.880952886839,6.036628216825
    ));
#7448 = CARTESIAN_POINT('',(9.000008177833,13.811506840351,
    5.826317501223));
#7449 = CARTESIAN_POINT('',(10.071120349647,13.742063040492,
    6.036630958621));
#7450 = CARTESIAN_POINT('',(10.583075261724,13.707342145283,
    6.246940841182));
#7451 = CARTESIAN_POINT('',(11.047830137917,13.67262184045,
    6.556234920649));
#7452 = CARTESIAN_POINT('',(11.44375937617,13.63790154033,6.952126101745
    ));
#7453 = CARTESIAN_POINT('',(11.753081575898,13.603175574469,
    7.416947377205));
#7454 = CARTESIAN_POINT('',(11.963377690128,13.568445742734,
    7.928914217089));
#7455 = CARTESIAN_POINT('',(12.068528553575,13.533730948803,
    8.464406309128));
#7456 = CARTESIAN_POINT('',(12.068530178499,13.499010003139,
    9.000000497515));
#7457 = DEFINITIONAL_REPRESENTATION('',(#7458),#7501);
#7458 = B_SPLINE_CURVE_WITH_KNOTS('',6,(#7459,#7460,#7461,#7462,#7463,
    #7464,#7465,#7466,#7467,#7468,#7469,#7470,#7471,#7472,#7473,#7474,
    #7475,#7476,#7477,#7478,#7479,#7480,#7481,#7482,#7483,#7484,#7485,
    #7486,#7487,#7488,#7489,#7490,#7491,#7492,#7493,#7494,#7495,#7496,
    #7497,#7498,#7499,#7500),.UNSPECIFIED.,.F.,.F.,(7,5,5,5,5,5,5,5,7),(
    0.,0.137270877399,0.270857243073,0.398846239197,0.525313507623,
    0.648322151615,0.767943826591,0.884250383627,1.),.UNSPECIFIED.);
#7459 = CARTESIAN_POINT('',(0.2275796167,0.));
#7460 = CARTESIAN_POINT('',(0.237735744944,7.110096739709E-02));
#7461 = CARTESIAN_POINT('',(0.247921428491,0.142379449053));
#7462 = CARTESIAN_POINT('',(0.258129014275,0.213826100535));
#7463 = CARTESIAN_POINT('',(0.268359387859,0.285446528083));
#7464 = CARTESIAN_POINT('',(0.278614397245,0.357248560124));
#7465 = CARTESIAN_POINT('',(0.29889678624,0.499266261681));
#7466 = CARTESIAN_POINT('',(0.308924167089,0.569481784086));
#7467 = CARTESIAN_POINT('',(0.31897522395,0.639861754241));
#7468 = CARTESIAN_POINT('',(0.329051418745,0.710412543544));
#7469 = CARTESIAN_POINT('',(0.339153680353,0.781141356939));
#7470 = CARTESIAN_POINT('',(0.358983446892,0.919968662526));
#7471 = CARTESIAN_POINT('',(0.368710027287,0.988060973155));
#7472 = CARTESIAN_POINT('',(0.378459324843,1.056310391359));
#7473 = CARTESIAN_POINT('',(0.388231819479,1.124722246669));
#7474 = CARTESIAN_POINT('',(0.398028231726,1.193302606896));
#7475 = CARTESIAN_POINT('',(0.417550144985,1.329969595574));
#7476 = CARTESIAN_POINT('',(0.42727616878,1.398059836387));
#7477 = CARTESIAN_POINT('',(0.437024587041,1.466308508378));
#7478 = CARTESIAN_POINT('',(0.446796259123,1.534720952294));
#7479 = CARTESIAN_POINT('',(0.456592194865,1.603303345981));
#7480 = CARTESIAN_POINT('',(0.475962328133,1.738914892317));
#7481 = CARTESIAN_POINT('',(0.485536265419,1.805942233034));
#7482 = CARTESIAN_POINT('',(0.495132515177,1.873124926156));
#7483 = CARTESIAN_POINT('',(0.504751831871,1.940468069273));
#7484 = CARTESIAN_POINT('',(0.514395009605,2.007977484565));
#7485 = CARTESIAN_POINT('',(0.533461089365,2.141453700593));
#7486 = CARTESIAN_POINT('',(0.542883666723,2.207418242314));
#7487 = CARTESIAN_POINT('',(0.552327981428,2.273535159027));
#7488 = CARTESIAN_POINT('',(0.561794610806,2.339809163126));
#7489 = CARTESIAN_POINT('',(0.571284256315,2.40624559453));
#7490 = CARTESIAN_POINT('',(0.590044398386,2.537586819218));
#7491 = CARTESIAN_POINT('',(0.599314526862,2.602488963615));
#7492 = CARTESIAN_POINT('',(0.60860576438,2.66754018428));
#7493 = CARTESIAN_POINT('',(0.61791877679,2.732744833829));
#7494 = CARTESIAN_POINT('',(0.627254360134,2.798107888589));
#7495 = CARTESIAN_POINT('',(0.645924612925,2.92882719406));
#7496 = CARTESIAN_POINT('',(0.655259918445,2.994187896987));
#7497 = CARTESIAN_POINT('',(0.664617126765,3.059701185251));
#7498 = CARTESIAN_POINT('',(0.673996972585,3.125371597311));
#7499 = CARTESIAN_POINT('',(0.683400255861,3.191204357619));
#7500 = CARTESIAN_POINT('',(0.692826228523,3.257194406717));
#7501 = ( GEOMETRIC_REPRESENTATION_CONTEXT(2) 
PARAMETRIC_REPRESENTATION_CONTEXT() REPRESENTATION_CONTEXT('2D SPACE',''
  ) );
#7502 = ORIENTED_EDGE('',*,*,#7503,.F.);
#7503 = EDGE_CURVE('',#7504,#7301,#7506,.T.);
#7504 = VERTEX_POINT('',#7505);
#7505 = CARTESIAN_POINT('',(10.629169985895,13.914,5.999799813836));
#7506 = SURFACE_CURVE('',#7507,(#7512,#7519),.PCURVE_S1.);
#7507 = CIRCLE('',#7508,3.414);
#7508 = AXIS2_PLACEMENT_3D('',#7509,#7510,#7511);
#7509 = CARTESIAN_POINT('',(9.,13.914,9.));
#7510 = DIRECTION('',(0.,1.,-2.22044604925E-16));
#7511 = DIRECTION('',(1.,0.,0.));
#7512 = PCURVE('',#6008,#7513);
#7513 = DEFINITIONAL_REPRESENTATION('',(#7514),#7518);
#7514 = LINE('',#7515,#7516);
#7515 = CARTESIAN_POINT('',(0.,-2.086));
#7516 = VECTOR('',#7517,1.);
#7517 = DIRECTION('',(1.,-0.));
#7518 = ( GEOMETRIC_REPRESENTATION_CONTEXT(2) 
PARAMETRIC_REPRESENTATION_CONTEXT() REPRESENTATION_CONTEXT('2D SPACE',''
  ) );
#7519 = PCURVE('',#7520,#7525);
#7520 = CYLINDRICAL_SURFACE('',#7521,3.414);
#7521 = AXIS2_PLACEMENT_3D('',#7522,#7523,#7524);
#7522 = CARTESIAN_POINT('',(9.,13.914,9.));
#7523 = DIRECTION('',(0.,-1.,2.22044604925E-16));
#7524 = DIRECTION('',(1.,0.,0.));
#7525 = DEFINITIONAL_REPRESENTATION('',(#7526),#7530);
#7526 = LINE('',#7527,#7528);
#7527 = CARTESIAN_POINT('',(-0.,0.));
#7528 = VECTOR('',#7529,1.);
#7529 = DIRECTION('',(-1.,0.));
#7530 = ( GEOMETRIC_REPRESENTATION_CONTEXT(2) 
PARAMETRIC_REPRESENTATION_CONTEXT() REPRESENTATION_CONTEXT('2D SPACE',''
  ) );
#7531 = ORIENTED_EDGE('',*,*,#7532,.F.);
#7532 = EDGE_CURVE('',#7533,#7504,#7535,.T.);
#7533 = VERTEX_POINT('',#7534);
#7534 = CARTESIAN_POINT('',(6.18485274746,14.514006333761,6.138672896366
    ));
#7535 = SURFACE_CURVE('',#7536,(#7551,#7569),.PCURVE_S1.);
#7536 = B_SPLINE_CURVE_WITH_KNOTS('',7,(#7537,#7538,#7539,#7540,#7541,
    #7542,#7543,#7544,#7545,#7546,#7547,#7548,#7549,#7550),
  .UNSPECIFIED.,.F.,.F.,(8,6,8),(0.,0.534801327247,1.),.UNSPECIFIED.);
#7537 = CARTESIAN_POINT('',(6.18485274746,14.514006333761,6.138672896367
    ));
#7538 = CARTESIAN_POINT('',(6.47643005786,14.471002286637,5.912129574591
    ));
#7539 = CARTESIAN_POINT('',(6.792042362024,14.42753356553,5.717427810104
    ));
#7540 = CARTESIAN_POINT('',(7.127629900304,14.383611347914,
    5.558212441041));
#7541 = CARTESIAN_POINT('',(7.478562271327,14.339215581468,
    5.437335400573));
#7542 = CARTESIAN_POINT('',(7.839742714963,14.294320296215,
    5.356945718738));
#7543 = CARTESIAN_POINT('',(8.205590149248,14.248893480418,
    5.318448518632));
#7544 = CARTESIAN_POINT('',(8.88700874121,14.162962226448,5.325299571123
    ));
#7545 = CARTESIAN_POINT('',(9.20308214806,14.122567240783,5.360388858325
    ));
#7546 = CARTESIAN_POINT('',(9.514190530905,14.081756022275,
    5.427611344635));
#7547 = CARTESIAN_POINT('',(9.816315685087,14.040515049083,
    5.526526136823));
#7548 = CARTESIAN_POINT('',(10.105453291297,13.998820586312,
    5.656107073445));
#7549 = CARTESIAN_POINT('',(10.377661581332,13.956650367316,
    5.814692733147));
#7550 = CARTESIAN_POINT('',(10.629169985895,13.914,5.999799813836));
#7551 = PCURVE('',#6008,#7552);
#7552 = DEFINITIONAL_REPRESENTATION('',(#7553),#7568);
#7553 = B_SPLINE_CURVE_WITH_KNOTS('',7,(#7554,#7555,#7556,#7557,#7558,
    #7559,#7560,#7561,#7562,#7563,#7564,#7565,#7566,#7567),
  .UNSPECIFIED.,.F.,.F.,(8,6,8),(0.,0.534801327247,1.),.UNSPECIFIED.);
#7554 = CARTESIAN_POINT('',(2.348059364503,-1.485993666239));
#7555 = CARTESIAN_POINT('',(2.256697130244,-1.528997713363));
#7556 = CARTESIAN_POINT('',(2.164346007709,-1.572466434495));
#7557 = CARTESIAN_POINT('',(2.07102986435,-1.616388652049));
#7558 = CARTESIAN_POINT('',(1.976707055996,-1.660784418557));
#7559 = CARTESIAN_POINT('',(1.881324010447,-1.705679703775));
#7560 = CARTESIAN_POINT('',(1.784813275869,-1.751106519582));
#7561 = CARTESIAN_POINT('',(1.60225189477,-1.837037773552));
#7562 = CARTESIAN_POINT('',(1.516433437681,-1.877432759219));
#7563 = CARTESIAN_POINT('',(1.429731517886,-1.918243977724));
#7564 = CARTESIAN_POINT('',(1.34211616142,-1.959484950916));
#7565 = CARTESIAN_POINT('',(1.253535538752,-2.00117941369));
#7566 = CARTESIAN_POINT('',(1.163941879488,-2.043349632682));
#7567 = CARTESIAN_POINT('',(1.073327501201,-2.086));
#7568 = ( GEOMETRIC_REPRESENTATION_CONTEXT(2) 
PARAMETRIC_REPRESENTATION_CONTEXT() REPRESENTATION_CONTEXT('2D SPACE',''
  ) );
#7569 = PCURVE('',#7570,#7633);
#7570 = B_SPLINE_SURFACE_WITH_KNOTS('',1,9,(
    (#7571,#7572,#7573,#7574,#7575,#7576,#7577,#7578,#7579,#7580,#7581
      ,#7582,#7583,#7584,#7585,#7586,#7587,#7588,#7589,#7590,#7591,#7592
      ,#7593,#7594,#7595,#7596,#7597,#7598,#7599,#7600,#7601)
    ,(#7602,#7603,#7604,#7605,#7606,#7607,#7608,#7609,#7610,#7611,#7612
      ,#7613,#7614,#7615,#7616,#7617,#7618,#7619,#7620,#7621,#7622,#7623
      ,#7624,#7625,#7626,#7627,#7628,#7629,#7630,#7631,#7632
  )),.UNSPECIFIED.,.F.,.F.,.F.,(2,2),(10,7,7,7,10),(0.,1.09175),(0.,
    1.601579642188,3.203159284377,4.804738926565,6.406318568754),
  .UNSPECIFIED.);
#7571 = CARTESIAN_POINT('',(12.068516769004,14.751003334404,
    9.00000016584));
#7572 = CARTESIAN_POINT('',(12.068516741441,14.716282388757,
    9.535592404734));
#7573 = CARTESIAN_POINT('',(11.963376036844,14.681567594931,
    10.071082859694));
#7574 = CARTESIAN_POINT('',(11.753069932729,14.646837763032,
    10.583052164961));
#7575 = CARTESIAN_POINT('',(11.443744095383,14.612111797267,
    11.047861108051));
#7576 = CARTESIAN_POINT('',(11.047821989296,14.577391497018,
    11.443754020494));
#7577 = CARTESIAN_POINT('',(10.583068532577,14.542671192298,
    11.753048904212));
#7578 = CARTESIAN_POINT('',(10.071115909645,14.507950297082,
    11.963359655112));
#7579 = CARTESIAN_POINT('',(9.000007468716,14.43850649723,
    12.173672907854));
#7580 = CARTESIAN_POINT('',(7.928884296986,14.369060450725,
    11.963360675936));
#7581 = CARTESIAN_POINT('',(7.416917439253,14.33433722446,
    11.753047491746));
#7582 = CARTESIAN_POINT('',(6.952149487529,14.299614935791,
    11.443752687847));
#7583 = CARTESIAN_POINT('',(6.556241435722,14.26489349587,
    11.047841969159));
#7584 = CARTESIAN_POINT('',(6.246953120771,14.230171970701,
    10.583078751894));
#7585 = CARTESIAN_POINT('',(6.036642699953,14.195449794153,
    10.071118261625));
#7586 = CARTESIAN_POINT('',(5.826332283715,14.126005001605,
    8.999999742652));
#7587 = CARTESIAN_POINT('',(6.036642874386,14.056560209058,7.92888125793
    ));
#7588 = CARTESIAN_POINT('',(6.246953378206,14.02183803251,7.416920801997
    ));
#7589 = CARTESIAN_POINT('',(6.556241766678,13.987116507341,
    6.952157634488));
#7590 = CARTESIAN_POINT('',(6.952149881772,13.952395067419,
    6.556246978457));
#7591 = CARTESIAN_POINT('',(7.416917884675,13.917672778751,
    6.246952249327));
#7592 = CARTESIAN_POINT('',(7.928884777293,13.882949552486,
    6.036639150259));
#7593 = CARTESIAN_POINT('',(9.000007983321,13.81350350598,5.826327095304
    ));
#7594 = CARTESIAN_POINT('',(10.071116389953,13.744059706129,
    6.036640520439));
#7595 = CARTESIAN_POINT('',(10.583068979541,13.709338810913,
    6.246951351541));
#7596 = CARTESIAN_POINT('',(11.047822385786,13.674618506193,
    6.556246307353));
#7597 = CARTESIAN_POINT('',(11.443744436954,13.639898205944,
    6.952139278743));
#7598 = CARTESIAN_POINT('',(11.753070191472,13.605172240179,
    7.416948288971));
#7599 = CARTESIAN_POINT('',(11.963376195462,13.57044240828,
    7.928917621324));
#7600 = CARTESIAN_POINT('',(12.068516829098,13.535727614453,
    8.464408092784));
#7601 = CARTESIAN_POINT('',(12.068516772602,13.501006668807,
    9.000000331679));
#7602 = CARTESIAN_POINT('',(13.014001957633,15.296874949881,
    8.999999997507));
#7603 = CARTESIAN_POINT('',(13.014002707547,15.26215270847,
    9.700575145148));
#7604 = CARTESIAN_POINT('',(12.876479013901,15.227430374583,
    10.40114695158));
#7605 = CARTESIAN_POINT('',(12.601325964185,15.192708266725,
    11.070864751608));
#7606 = CARTESIAN_POINT('',(12.19672193496,15.157986100841,
    11.678830166004));
#7607 = CARTESIAN_POINT('',(11.678819658489,15.123263849659,
    12.196737765391));
#7608 = CARTESIAN_POINT('',(11.070855609368,15.088541598651,
    12.601328819519));
#7609 = CARTESIAN_POINT('',(10.401154047508,15.05381935647,
    12.876444841864));
#7610 = CARTESIAN_POINT('',(9.00000745383,14.984374902335,
    13.151561127913));
#7611 = CARTESIAN_POINT('',(7.598849622929,14.914930481975,
    12.876445900943));
#7612 = CARTESIAN_POINT('',(6.929137291054,14.880208274846,
    12.601330728897));
#7613 = CARTESIAN_POINT('',(6.321159701763,14.845486053622,
    12.196736716004));
#7614 = CARTESIAN_POINT('',(5.803256831146,14.81076381964,
    11.678832341312));
#7615 = CARTESIAN_POINT('',(5.398667496667,14.776041586939,
    11.070857725695));
#7616 = CARTESIAN_POINT('',(5.123556756017,14.74131936403,
    10.401150567245));
#7617 = CARTESIAN_POINT('',(4.848445775628,14.671874924819,
    8.999999969349));
#7618 = CARTESIAN_POINT('',(5.123557171907,14.602430485608,
    7.598849453111));
#7619 = CARTESIAN_POINT('',(5.398667908602,14.567708262699,
    6.929142424115));
#7620 = CARTESIAN_POINT('',(5.803256242015,14.532986029998,
    6.321167594172));
#7621 = CARTESIAN_POINT('',(6.321158617984,14.498263796015,
    5.803262382447));
#7622 = CARTESIAN_POINT('',(6.929136768231,14.463541574792,
    5.398668048317));
#7623 = CARTESIAN_POINT('',(7.598849527808,14.428819367664,
    5.123554026096));
#7624 = CARTESIAN_POINT('',(9.000007466248,14.359374947302,
    4.848440590672));
#7625 = CARTESIAN_POINT('',(10.401153952386,14.289930493168,
    5.123556180567));
#7626 = CARTESIAN_POINT('',(11.070855926526,14.255208251007,
    5.398670675009));
#7627 = CARTESIAN_POINT('',(11.67881979625,14.22048599992,5.803259951102
    ));
#7628 = CARTESIAN_POINT('',(12.196727127965,14.185763748871,
    6.32116469821));
#7629 = CARTESIAN_POINT('',(12.601327078251,14.151041582863,
    6.929139363903));
#7630 = CARTESIAN_POINT('',(12.876470814582,14.116319475069,
    7.598853335455));
#7631 = CARTESIAN_POINT('',(13.014003164916,14.081597141169,
    8.299424847374));
#7632 = CARTESIAN_POINT('',(13.014003915265,14.046874899755,
    8.999999995014));
#7633 = DEFINITIONAL_REPRESENTATION('',(#7634),#7649);
#7634 = B_SPLINE_CURVE_WITH_KNOTS('',7,(#7635,#7636,#7637,#7638,#7639,
    #7640,#7641,#7642,#7643,#7644,#7645,#7646,#7647,#7648),
  .UNSPECIFIED.,.F.,.F.,(8,6,8),(0.,0.534801327247,1.),.UNSPECIFIED.);
#7635 = CARTESIAN_POINT('',(1.09175,4.012244435292));
#7636 = CARTESIAN_POINT('',(1.042093309888,4.105397197698));
#7637 = CARTESIAN_POINT('',(0.991900677082,4.199558151167));
#7638 = CARTESIAN_POINT('',(0.941184961744,4.294702897826));
#7639 = CARTESIAN_POINT('',(0.889922650669,4.390873828797));
#7640 = CARTESIAN_POINT('',(0.838083234677,4.48812561646));
#7641 = CARTESIAN_POINT('',(0.785629565193,4.586527198196));
#7642 = CARTESIAN_POINT('',(0.686405212949,4.772665648164));
#7643 = CARTESIAN_POINT('',(0.639761035508,4.860165742172));
#7644 = CARTESIAN_POINT('',(0.592635924355,4.948566819917));
#7645 = CARTESIAN_POINT('',(0.545014683209,5.037899591814));
#7646 = CARTESIAN_POINT('',(0.496870343811,5.128216861585));
#7647 = CARTESIAN_POINT('',(0.448177302629,5.219567067625));
#7648 = CARTESIAN_POINT('',(0.398929963219,5.311957733238));
#7649 = ( GEOMETRIC_REPRESENTATION_CONTEXT(2) 
PARAMETRIC_REPRESENTATION_CONTEXT() REPRESENTATION_CONTEXT('2D SPACE',''
  ) );
#7650 = ORIENTED_EDGE('',*,*,#7651,.F.);
#7651 = EDGE_CURVE('',#7652,#7533,#7654,.T.);
#7652 = VERTEX_POINT('',#7653);
#7653 = CARTESIAN_POINT('',(9.032732770458,14.51400283346,4.98613063083)
  );
#7654 = SURFACE_CURVE('',#7655,(#7670,#7688),.PCURVE_S1.);
#7655 = B_SPLINE_CURVE_WITH_KNOTS('',5,(#7656,#7657,#7658,#7659,#7660,
    #7661,#7662,#7663,#7664,#7665,#7666,#7667,#7668,#7669),
  .UNSPECIFIED.,.F.,.F.,(6,4,4,6),(0.,0.331994924629,0.663001043547,1.),
  .UNSPECIFIED.);
#7656 = CARTESIAN_POINT('',(9.032732770458,14.51400283346,4.98613063083)
  );
#7657 = CARTESIAN_POINT('',(8.823406230559,14.514002711193,
    4.984423712599));
#7658 = CARTESIAN_POINT('',(8.613965827,14.514002658658,4.996362552907)
  );
#7659 = CARTESIAN_POINT('',(8.405605037626,14.514002721194,
    5.021956468777));
#7660 = CARTESIAN_POINT('',(8.199501463018,14.514002912506,
    5.061060800952));
#7661 = CARTESIAN_POINT('',(7.794723916077,14.514003495734,
    5.165538691573));
#7662 = CARTESIAN_POINT('',(7.596024709731,14.514003887203,
    5.230834935019));
#7663 = CARTESIAN_POINT('',(7.401858449428,14.514004353474,
    5.308970437184));
#7664 = CARTESIAN_POINT('',(7.213316037787,14.514004831304,
    5.399506269125));
#7665 = CARTESIAN_POINT('',(6.846247975778,14.514005694992,
    5.606072273346));
#7666 = CARTESIAN_POINT('',(6.667960776315,14.51400607924,5.722537002691
    ));
#7667 = CARTESIAN_POINT('',(6.497654872484,14.514006346977,
    5.850644250134));
#7668 = CARTESIAN_POINT('',(6.336322023481,14.514006440073,
    5.989648062241));
#7669 = CARTESIAN_POINT('',(6.184852557967,14.514006345519,
    6.138673066307));
#7670 = PCURVE('',#6008,#7671);
#7671 = DEFINITIONAL_REPRESENTATION('',(#7672),#7687);
#7672 = B_SPLINE_CURVE_WITH_KNOTS('',5,(#7673,#7674,#7675,#7676,#7677,
    #7678,#7679,#7680,#7681,#7682,#7683,#7684,#7685,#7686),
  .UNSPECIFIED.,.F.,.F.,(6,4,4,6),(0.,0.331994924629,0.663001043547,1.),
  .UNSPECIFIED.);
#7673 = CARTESIAN_POINT('',(1.562641590835,-1.48599716654));
#7674 = CARTESIAN_POINT('',(1.614792400852,-1.485997288807));
#7675 = CARTESIAN_POINT('',(1.666943861137,-1.48599734134));
#7676 = CARTESIAN_POINT('',(1.719094109291,-1.485997278806));
#7677 = CARTESIAN_POINT('',(1.771245576087,-1.485997087494));
#7678 = CARTESIAN_POINT('',(1.875391892693,-1.485996504266));
#7679 = CARTESIAN_POINT('',(1.927388021092,-1.485996112797));
#7680 = CARTESIAN_POINT('',(1.979382943153,-1.485995646526));
#7681 = CARTESIAN_POINT('',(2.031379056434,-1.485995168696));
#7682 = CARTESIAN_POINT('',(2.136311369357,-1.485994305008));
#7683 = CARTESIAN_POINT('',(2.189248897459,-1.485993920759));
#7684 = CARTESIAN_POINT('',(2.242185102846,-1.485993653025));
#7685 = CARTESIAN_POINT('',(2.295122613796,-1.485993559927));
#7686 = CARTESIAN_POINT('',(2.348059427847,-1.485993654481));
#7687 = ( GEOMETRIC_REPRESENTATION_CONTEXT(2) 
PARAMETRIC_REPRESENTATION_CONTEXT() REPRESENTATION_CONTEXT('2D SPACE',''
  ) );
#7688 = PCURVE('',#7689,#7732);
#7689 = B_SPLINE_SURFACE_WITH_KNOTS('',1,11,(
    (#7690,#7691,#7692,#7693,#7694,#7695,#7696,#7697,#7698,#7699,#7700
      ,#7701,#7702,#7703,#7704,#7705,#7706,#7707,#7708,#7709,#7710)
    ,(#7711,#7712,#7713,#7714,#7715,#7716,#7717,#7718,#7719,#7720,#7721
      ,#7722,#7723,#7724,#7725,#7726,#7727,#7728,#7729,#7730,#7731
  )),.UNSPECIFIED.,.F.,.F.,.F.,(2,2),(12,9,12),(0.,0.15625),(0.,
    3.203159284377,6.406318568754),.UNSPECIFIED.);
#7690 = CARTESIAN_POINT('',(13.014001957633,15.296874949881,
    8.999999997507));
#7691 = CARTESIAN_POINT('',(13.014003184765,15.240056736662,
    10.146395693646));
#7692 = CARTESIAN_POINT('',(12.653940414212,15.183238281328,
    11.292782641894));
#7693 = CARTESIAN_POINT('',(11.933383283873,15.126420893637,
    12.313514413293));
#7694 = CARTESIAN_POINT('',(10.902533284057,15.06960209372,
    13.082649955527));
#7695 = CARTESIAN_POINT('',(9.659376848283,15.012783633211,
    13.497043091291));
#7696 = CARTESIAN_POINT('',(8.34065600058,14.955966090831,
    13.496944197319));
#7697 = CARTESIAN_POINT('',(7.097525135539,14.899147626919,
    13.082734145096));
#7698 = CARTESIAN_POINT('',(6.066436569309,14.842329486238,
    12.313470487696));
#7699 = CARTESIAN_POINT('',(5.346146585158,14.785511279892,
    11.292791863868));
#7700 = CARTESIAN_POINT('',(4.625855814158,14.671874924819,
    8.999999936314));
#7701 = CARTESIAN_POINT('',(5.346147265706,14.558238569746,
    6.707208222558));
#7702 = CARTESIAN_POINT('',(6.066439715083,14.501420363427,
    5.686526274555));
#7703 = CARTESIAN_POINT('',(7.097506313233,14.444602222593,
    4.917285232325));
#7704 = CARTESIAN_POINT('',(8.3406809737,14.38778375909,4.502992126319)
  );
#7705 = CARTESIAN_POINT('',(9.659373248069,14.33096621605,4.503055238762
    ));
#7706 = CARTESIAN_POINT('',(10.902500483563,14.274147756231,
    4.917282968656));
#7707 = CARTESIAN_POINT('',(11.933429369746,14.217328955844,
    5.686500873349));
#7708 = CARTESIAN_POINT('',(12.653918725071,14.160511568345,
    6.707218121717));
#7709 = CARTESIAN_POINT('',(13.014002687421,14.103693112979,
    7.853604298875));
#7710 = CARTESIAN_POINT('',(13.014003915265,14.046874899755,
    8.999999995014));
#7711 = CARTESIAN_POINT('',(13.014002516956,15.45312494988,
    8.999999997507));
#7712 = CARTESIAN_POINT('',(13.014004094494,15.39630673666,
    10.146395933208));
#7713 = CARTESIAN_POINT('',(12.653944275792,15.339488281313,
    11.292783231307));
#7714 = CARTESIAN_POINT('',(11.933377312288,15.282670893643,
    12.313517290364));
#7715 = CARTESIAN_POINT('',(10.902538366706,15.225852093756,
    13.082641227034));
#7716 = CARTESIAN_POINT('',(9.659377498896,15.169033633132,
    13.497058078776));
#7717 = CARTESIAN_POINT('',(8.340652294173,15.112216090884,
    13.496936040231));
#7718 = CARTESIAN_POINT('',(7.097527425662,15.055397626897,
    13.082737766265));
#7719 = CARTESIAN_POINT('',(6.066435505876,14.998579486241,
    12.313470716919));
#7720 = CARTESIAN_POINT('',(5.346145723616,14.941761279889,
    11.292792354462));
#7721 = CARTESIAN_POINT('',(4.625854899898,14.828124924817,
    8.999999916954));
#7722 = CARTESIAN_POINT('',(5.346146599826,14.714488569744,
    6.707207754712));
#7723 = CARTESIAN_POINT('',(6.066439552206,14.657670363427,5.6865251187)
  );
#7724 = CARTESIAN_POINT('',(7.097503227727,14.600852222574,4.91728714655
    ));
#7725 = CARTESIAN_POINT('',(8.340684404863,14.544033759113,
    4.502982089807));
#7726 = CARTESIAN_POINT('',(9.659372872444,14.487216216017,
    4.503068345932));
#7727 = CARTESIAN_POINT('',(10.902496196812,14.43039775628,4.91727253364
    ));
#7728 = CARTESIAN_POINT('',(11.933436567319,14.373578955789,
    5.68650236545));
#7729 = CARTESIAN_POINT('',(12.653916390973,14.316761568364,
    6.707217752424));
#7730 = CARTESIAN_POINT('',(13.014003455662,14.259943112977,
    7.853604059313));
#7731 = CARTESIAN_POINT('',(13.014005033912,14.203124899751,
    8.999999995014));
#7732 = DEFINITIONAL_REPRESENTATION('',(#7733),#7748);
#7733 = B_SPLINE_CURVE_WITH_KNOTS('',5,(#7734,#7735,#7736,#7737,#7738,
    #7739,#7740,#7741,#7742,#7743,#7744,#7745,#7746,#7747),
  .UNSPECIFIED.,.F.,.F.,(6,4,4,6),(0.,0.331994924629,0.663001043547,1.),
  .UNSPECIFIED.);
#7734 = CARTESIAN_POINT('',(0.15625,4.813052307294));
#7735 = CARTESIAN_POINT('',(0.145874811703,4.759879519796));
#7736 = CARTESIAN_POINT('',(0.135499578274,4.706706139081));
#7737 = CARTESIAN_POINT('',(0.125124713549,4.653534054871));
#7738 = CARTESIAN_POINT('',(0.114749742455,4.600360764127));
#7739 = CARTESIAN_POINT('',(9.403116345437E-02,4.494173893024));
#7740 = CARTESIAN_POINT('',(8.368730073197E-02,4.441159009003));
#7741 = CARTESIAN_POINT('',(7.33437502508E-02,4.38814534367));
#7742 = CARTESIAN_POINT('',(6.299996740561E-02,4.335130431134));
#7743 = CARTESIAN_POINT('',(4.212526855473E-02,4.228142015817));
#7744 = CARTESIAN_POINT('',(3.159408633293E-02,4.174167157027));
#7745 = CARTESIAN_POINT('',(2.106303965176E-02,4.120193593488));
#7746 = CARTESIAN_POINT('',(1.053154824605E-02,4.066218648508));
#7747 = CARTESIAN_POINT('',(0.,4.012244375687));
#7748 = ( GEOMETRIC_REPRESENTATION_CONTEXT(2) 
PARAMETRIC_REPRESENTATION_CONTEXT() REPRESENTATION_CONTEXT('2D SPACE',''
  ) );
#7749 = ORIENTED_EDGE('',*,*,#7750,.F.);
#7750 = EDGE_CURVE('',#7278,#7652,#7751,.T.);
#7751 = SURFACE_CURVE('',#7752,(#7775,#7801),.PCURVE_S1.);
#7752 = B_SPLINE_CURVE_WITH_KNOTS('',6,(#7753,#7754,#7755,#7756,#7757,
    #7758,#7759,#7760,#7761,#7762,#7763,#7764,#7765,#7766,#7767,#7768,
    #7769,#7770,#7771,#7772,#7773,#7774),.UNSPECIFIED.,.F.,.F.,(7,5,5,5,
    7),(0.,0.24515827083,0.489041849684,0.739647530407,1.),
  .UNSPECIFIED.);
#7753 = CARTESIAN_POINT('',(12.816916121285,14.316916121285,9.));
#7754 = CARTESIAN_POINT('',(12.825150525391,14.325150525469,
    8.750792575406));
#7755 = CARTESIAN_POINT('',(12.813843039888,14.333368038496,
    8.500846420501));
#7756 = CARTESIAN_POINT('',(12.782963910624,14.34156624001,
    8.252106444833));
#7757 = CARTESIAN_POINT('',(12.732750308998,14.349745655765,
    8.006464240293));
#7758 = CARTESIAN_POINT('',(12.663658861106,14.35790701273,7.76575753586
    ));
#7759 = CARTESIAN_POINT('',(12.489586431452,14.374150121803,
    7.298975695933));
#7760 = CARTESIAN_POINT('',(12.384785520679,14.382232842101,
    7.072808509215));
#7761 = CARTESIAN_POINT('',(12.262681005396,14.390297420238,
    6.855000886988));
#7762 = CARTESIAN_POINT('',(12.124174341904,14.398344636942,
    6.647155150285));
#7763 = CARTESIAN_POINT('',(11.970340697746,14.406375030007,
    6.450747435094));
#7764 = CARTESIAN_POINT('',(11.629932988255,14.42262161055,6.07840527907
    ));
#7765 = CARTESIAN_POINT('',(11.442556525401,14.430837613717,
    5.903165948229));
#7766 = CARTESIAN_POINT('',(11.2416938905,14.439035149882,5.742835775008
    ));
#7767 = CARTESIAN_POINT('',(11.028874069448,14.447214782256,
    5.598632009309));
#7768 = CARTESIAN_POINT('',(10.805748218823,14.455377029141,
    5.471575441675));
#7769 = CARTESIAN_POINT('',(10.333449789374,14.471981956353,
    5.249100727912));
#7770 = CARTESIAN_POINT('',(10.083575884743,14.480424095506,
    5.155093155782));
#7771 = CARTESIAN_POINT('',(9.826482180888,14.488846674014,
    5.081334882268));
#7772 = CARTESIAN_POINT('',(9.564232694524,14.497250453309,
    5.028415520162));
#7773 = CARTESIAN_POINT('',(9.298933106508,14.505636126196,
    4.996668442434));
#7774 = CARTESIAN_POINT('',(9.032732537956,14.514002846524,4.98613061587
    ));
#7775 = PCURVE('',#6008,#7776);
#7776 = DEFINITIONAL_REPRESENTATION('',(#7777),#7800);
#7777 = B_SPLINE_CURVE_WITH_KNOTS('',6,(#7778,#7779,#7780,#7781,#7782,
    #7783,#7784,#7785,#7786,#7787,#7788,#7789,#7790,#7791,#7792,#7793,
    #7794,#7795,#7796,#7797,#7798,#7799),.UNSPECIFIED.,.F.,.F.,(7,5,5,5,
    7),(0.,0.24515827083,0.489041849684,0.739647530407,1.),
  .UNSPECIFIED.);
#7778 = CARTESIAN_POINT('',(0.,-1.683083878715));
#7779 = CARTESIAN_POINT('',(6.529025440319E-02,-1.67484947457));
#7780 = CARTESIAN_POINT('',(0.130435970944,-1.666631961422));
#7781 = CARTESIAN_POINT('',(0.195431490424,-1.658433760064));
#7782 = CARTESIAN_POINT('',(0.260282144593,-1.650254344207));
#7783 = CARTESIAN_POINT('',(0.324992493378,-1.64209298727));
#7784 = CARTESIAN_POINT('',(0.453785022928,-1.625849878197));
#7785 = CARTESIAN_POINT('',(0.517874868895,-1.617767157899));
#7786 = CARTESIAN_POINT('',(0.581820957571,-1.609702579762));
#7787 = CARTESIAN_POINT('',(0.64562808184,-1.601655363058));
#7788 = CARTESIAN_POINT('',(0.709300471497,-1.593624969993));
#7789 = CARTESIAN_POINT('',(0.838116067659,-1.57737838945));
#7790 = CARTESIAN_POINT('',(0.903257754991,-1.569162386283));
#7791 = CARTESIAN_POINT('',(0.968252054122,-1.560964850118));
#7792 = CARTESIAN_POINT('',(1.033104135474,-1.552785217744));
#7793 = CARTESIAN_POINT('',(1.097818562635,-1.544622970859));
#7794 = CARTESIAN_POINT('',(1.229471558599,-1.528018043647));
#7795 = CARTESIAN_POINT('',(1.296405862864,-1.519575904494));
#7796 = CARTESIAN_POINT('',(1.363185667352,-1.511153325986));
#7797 = CARTESIAN_POINT('',(1.429816826171,-1.502749546691));
#7798 = CARTESIAN_POINT('',(1.496304463835,-1.494363873804));
#7799 = CARTESIAN_POINT('',(1.562641648787,-1.485997153476));
#7800 = ( GEOMETRIC_REPRESENTATION_CONTEXT(2) 
PARAMETRIC_REPRESENTATION_CONTEXT() REPRESENTATION_CONTEXT('2D SPACE',''
  ) );
#7801 = PCURVE('',#7802,#7865);
#7802 = B_SPLINE_SURFACE_WITH_KNOTS('',1,9,(
    (#7803,#7804,#7805,#7806,#7807,#7808,#7809,#7810,#7811,#7812,#7813
      ,#7814,#7815,#7816,#7817,#7818,#7819,#7820,#7821,#7822,#7823,#7824
      ,#7825,#7826,#7827,#7828,#7829,#7830,#7831,#7832,#7833)
    ,(#7834,#7835,#7836,#7837,#7838,#7839,#7840,#7841,#7842,#7843,#7844
      ,#7845,#7846,#7847,#7848,#7849,#7850,#7851,#7852,#7853,#7854,#7855
      ,#7856,#7857,#7858,#7859,#7860,#7861,#7862,#7863,#7864
  )),.UNSPECIFIED.,.F.,.F.,.F.,(2,2),(10,7,7,7,10),(0.,1.09175),(0.,
    1.601579642188,3.203159284377,4.804738926565,6.406318568754),
  .UNSPECIFIED.);
#7803 = CARTESIAN_POINT('',(13.014002516956,15.45312494988,
    8.999999997507));
#7804 = CARTESIAN_POINT('',(13.014003481007,15.418402708468,
    9.700575291547));
#7805 = CARTESIAN_POINT('',(12.876480995105,15.383680374577,
    10.401147286502));
#7806 = CARTESIAN_POINT('',(12.60132655719,15.348958266716,
    11.070865773359));
#7807 = CARTESIAN_POINT('',(12.196721860553,15.314236100853,
    11.678829993069));
#7808 = CARTESIAN_POINT('',(11.678820197879,15.279513849651,
    12.196738108056));
#7809 = CARTESIAN_POINT('',(11.070855995944,15.244791598652,
    12.601329500589));
#7810 = CARTESIAN_POINT('',(10.401154352927,15.210069356467,
    12.876445798532));
#7811 = CARTESIAN_POINT('',(9.000007450951,15.140624902331,
    13.151562241162));
#7812 = CARTESIAN_POINT('',(7.598849342627,15.071180481973,
    12.876446700381));
#7813 = CARTESIAN_POINT('',(6.929136931948,15.036458274845,
    12.601331306394));
#7814 = CARTESIAN_POINT('',(6.321159295823,15.001736053621,
    12.196737254665));
#7815 = CARTESIAN_POINT('',(5.803256246426,14.967013819638,
    11.678832891159));
#7816 = CARTESIAN_POINT('',(5.398666684535,14.932291586937,
    11.070858178973));
#7817 = CARTESIAN_POINT('',(5.123555885996,14.897569364028,
    10.401150861978));
#7818 = CARTESIAN_POINT('',(4.848444907892,14.828124924817,
    8.999999959486));
#7819 = CARTESIAN_POINT('',(5.123556421458,14.758680485606,
    7.598849162131));
#7820 = CARTESIAN_POINT('',(5.398667215268,14.723958262697,
    6.929142011723));
#7821 = CARTESIAN_POINT('',(5.803255490398,14.689236029995,6.32116702419
    ));
#7822 = CARTESIAN_POINT('',(6.321157904094,14.654513796011,
    5.803261584774));
#7823 = CARTESIAN_POINT('',(6.929136261664,14.619791574789,5.39866712035
    ));
#7824 = CARTESIAN_POINT('',(7.598849222392,14.585069367661,
    5.123553205066));
#7825 = CARTESIAN_POINT('',(9.000007469126,14.515624947301,
    4.848439968447));
#7826 = CARTESIAN_POINT('',(10.401154232691,14.446180493166,
    5.123555516768));
#7827 = CARTESIAN_POINT('',(11.070856405634,14.411458251007,
    5.398669850622));
#7828 = CARTESIAN_POINT('',(11.678820376701,14.376735999907,
    5.803258957432));
#7829 = CARTESIAN_POINT('',(12.196728538699,14.342013748875,
    6.321163405479));
#7830 = CARTESIAN_POINT('',(12.601327990662,14.307291582853,
    6.929139519928));
#7831 = CARTESIAN_POINT('',(12.876470453869,14.272569475075,
    7.598853084607));
#7832 = CARTESIAN_POINT('',(13.014004069426,14.237847141167,
    8.299424700975));
#7833 = CARTESIAN_POINT('',(13.014005033912,14.203124899751,
    8.999999995014));
#7834 = CARTESIAN_POINT('',(12.068521236434,15.999003334396,
    9.000000165839));
#7835 = CARTESIAN_POINT('',(12.068522919225,15.964282388743,
    9.535593574052));
#7836 = CARTESIAN_POINT('',(11.963391861123,15.929567594878,
    10.071085534783));
#7837 = CARTESIAN_POINT('',(11.753074669174,15.89483776296,
    10.583060325896));
#7838 = CARTESIAN_POINT('',(11.443743501077,15.860111797364,
    11.047859726787));
#7839 = CARTESIAN_POINT('',(11.047826297516,15.82539149695,
    11.443756757432));
#7840 = CARTESIAN_POINT('',(10.583071620233,15.790671192307,
    11.753054344054));
#7841 = CARTESIAN_POINT('',(10.071118349089,15.755950297057,
    11.963367296213));
#7842 = CARTESIAN_POINT('',(9.00000744572,15.6865064972,12.173681799597)
  );
#7843 = CARTESIAN_POINT('',(7.928882058155,15.617060450709,
    11.963367061209));
#7844 = CARTESIAN_POINT('',(7.416914571003,15.582337224449,
    11.753052104332));
#7845 = CARTESIAN_POINT('',(6.952146245205,15.547614935781,
    11.443756990244));
#7846 = CARTESIAN_POINT('',(6.556236765452,15.512893495854,
    11.047846360899));
#7847 = CARTESIAN_POINT('',(6.246946634105,15.478171970681,
    10.583082372314));
#7848 = CARTESIAN_POINT('',(6.036635750925,15.443449794133,
    10.071120615718));
#7849 = CARTESIAN_POINT('',(5.826325352933,15.374005001587,8.99999966388
    ));
#7850 = CARTESIAN_POINT('',(6.036636880401,15.304560209042,
    7.928878933811));
#7851 = CARTESIAN_POINT('',(6.246947840405,15.269838032494,
    7.416917508143));
#7852 = CARTESIAN_POINT('',(6.556235763367,15.23511650732,6.952153081928
    ));
#7853 = CARTESIAN_POINT('',(6.952144179791,15.200395067392,
    6.556240607283));
#7854 = CARTESIAN_POINT('',(7.416913838623,15.165672778725,
    6.246944837471));
#7855 = CARTESIAN_POINT('',(7.928882337871,15.130949552468,
    6.036632592528));
#7856 = CARTESIAN_POINT('',(9.000008006313,15.061503505972,
    5.826322125471));
#7857 = CARTESIAN_POINT('',(10.071118628803,14.992059706116,
    6.036635218542));
#7858 = CARTESIAN_POINT('',(10.583072806278,14.957338810914,
    6.24694476699));
#7859 = CARTESIAN_POINT('',(11.04782702197,14.92261850609,6.556238370709
    ));
#7860 = CARTESIAN_POINT('',(11.443755704773,14.887898205979,
    6.952128953439));
#7861 = CARTESIAN_POINT('',(11.753077479082,14.8531722401,7.416949535177
    ));
#7862 = CARTESIAN_POINT('',(11.963373314381,14.818442408329,
    7.928915617745));
#7863 = CARTESIAN_POINT('',(12.068524053603,14.783727614434,
    8.464406923465));
#7864 = CARTESIAN_POINT('',(12.068525707461,14.749006668775,
    9.000000331678));
#7865 = DEFINITIONAL_REPRESENTATION('',(#7866),#7889);
#7866 = B_SPLINE_CURVE_WITH_KNOTS('',6,(#7867,#7868,#7869,#7870,#7871,
    #7872,#7873,#7874,#7875,#7876,#7877,#7878,#7879,#7880,#7881,#7882,
    #7883,#7884,#7885,#7886,#7887,#7888),.UNSPECIFIED.,.F.,.F.,(7,5,5,5,
    7),(0.,0.24515827083,0.489041849684,0.739647530407,1.),
  .UNSPECIFIED.);
#7867 = CARTESIAN_POINT('',(0.227579614121,6.406318550698));
#7868 = CARTESIAN_POINT('',(0.218070820184,6.339749449092));
#7869 = CARTESIAN_POINT('',(0.208585691851,6.273326692755));
#7870 = CARTESIAN_POINT('',(0.199121315204,6.207056778169));
#7871 = CARTESIAN_POINT('',(0.189676901996,6.140934806306));
#7872 = CARTESIAN_POINT('',(0.180252164883,6.074956149872));
#7873 = CARTESIAN_POINT('',(0.161493480203,5.943639770933));
#7874 = CARTESIAN_POINT('',(0.152158416696,5.878294227695));
#7875 = CARTESIAN_POINT('',(0.142844345933,5.813095431184));
#7876 = CARTESIAN_POINT('',(0.133550899816,5.748038315153));
#7877 = CARTESIAN_POINT('',(0.124277425756,5.683118470348));
#7878 = CARTESIAN_POINT('',(0.105516818635,5.551778863783));
#7879 = CARTESIAN_POINT('',(9.602992036556E-02,5.485360643412));
#7880 = CARTESIAN_POINT('',(8.656468363581E-02,5.419092510248));
#7881 = CARTESIAN_POINT('',(7.712016362349E-02,5.352969228794));
#7882 = CARTESIAN_POINT('',(6.769560055547E-02,5.286986225303));
#7883 = CARTESIAN_POINT('',(4.852234211181E-02,5.15275245778));
#7884 = CARTESIAN_POINT('',(3.877425973231E-02,5.084506041355));
#7885 = CARTESIAN_POINT('',(2.904853366872E-02,5.016417216721));
#7886 = CARTESIAN_POINT('',(1.934439205925E-02,4.948480079693));
#7887 = CARTESIAN_POINT('',(9.661192532619E-03,4.880689404135));
#7888 = CARTESIAN_POINT('',(0.,4.813052239575));
#7889 = ( GEOMETRIC_REPRESENTATION_CONTEXT(2) 
PARAMETRIC_REPRESENTATION_CONTEXT() REPRESENTATION_CONTEXT('2D SPACE',''
  ) );
#7890 = ORIENTED_EDGE('',*,*,#7277,.F.);
#7891 = ADVANCED_FACE('',(#7892),#6043,.F.);
#7892 = FACE_BOUND('',#7893,.T.);
#7893 = EDGE_LOOP('',(#7894,#8213,#8241,#8325,#8353,#8438,#8459,#8460));
#7894 = ORIENTED_EDGE('',*,*,#7895,.F.);
#7895 = EDGE_CURVE('',#7896,#7898,#7900,.T.);
#7896 = VERTEX_POINT('',#7897);
#7897 = CARTESIAN_POINT('',(12.414,12.450469888631,9.000000156496));
#7898 = VERTEX_POINT('',#7899);
#7899 = CARTESIAN_POINT('',(12.414,11.200471572013,9.000000208661));
#7900 = SURFACE_CURVE('',#7901,(#7982,#8066),.PCURVE_S1.);
#7901 = B_SPLINE_CURVE_WITH_KNOTS('',7,(#7902,#7903,#7904,#7905,#7906,
    #7907,#7908,#7909,#7910,#7911,#7912,#7913,#7914,#7915,#7916,#7917,
    #7918,#7919,#7920,#7921,#7922,#7923,#7924,#7925,#7926,#7927,#7928,
    #7929,#7930,#7931,#7932,#7933,#7934,#7935,#7936,#7937,#7938,#7939,
    #7940,#7941,#7942,#7943,#7944,#7945,#7946,#7947,#7948,#7949,#7950,
    #7951,#7952,#7953,#7954,#7955,#7956,#7957,#7958,#7959,#7960,#7961,
    #7962,#7963,#7964,#7965,#7966,#7967,#7968,#7969,#7970,#7971,#7972,
    #7973,#7974,#7975,#7976,#7977,#7978,#7979,#7980,#7981),
  .UNSPECIFIED.,.F.,.F.,(8,6,6,6,6,6,6,6,6,6,6,6,6,8),(0.,
    4.490445011128E-02,0.134125024107,0.219580119471,0.272118257055,
    0.374982890789,0.501850267664,0.526852251488,0.626851101311,
    0.735509157916,0.785729191825,0.867523339787,0.954550510206,1.),
  .UNSPECIFIED.);
#7902 = CARTESIAN_POINT('',(12.414,12.450469888631,9.000000312992));
#7903 = CARTESIAN_POINT('',(12.414,12.442452278022,9.137595389993));
#7904 = CARTESIAN_POINT('',(12.40753012759,12.43443362258,9.275191573284
    ));
#7905 = CARTESIAN_POINT('',(12.394590575481,12.426414740793,
    9.412421432786));
#7906 = CARTESIAN_POINT('',(12.375207111853,12.418395974008,
    9.548920421154));
#7907 = CARTESIAN_POINT('',(12.349431030404,12.410377390795,
    9.684327343372));
#7908 = CARTESIAN_POINT('',(12.31733910039,12.402358991321,
    9.818284826338));
#7909 = CARTESIAN_POINT('',(12.202924218876,12.378409803252,
    10.213018253323));
#7910 = CARTESIAN_POINT('',(12.102270559543,12.362476960591,
    10.468531140315));
#7911 = CARTESIAN_POINT('',(11.977878839987,12.346546761217,
    10.714143524779));
#7912 = CARTESIAN_POINT('',(11.830953173887,12.33061762002,
    10.947242886008));
#7913 = CARTESIAN_POINT('',(11.663018553439,12.314686631835,
    11.165409716096));
#7914 = CARTESIAN_POINT('',(11.47591245383,12.298753295007,
    11.366430910545));
#7915 = CARTESIAN_POINT('',(11.076389992995,12.267563690429,
    11.722602979159));
#7916 = CARTESIAN_POINT('',(10.865315047872,12.252302631897,
    11.879385296569));
#7917 = CARTESIAN_POINT('',(10.640541073033,12.23704300708,
    12.016975121677));
#7918 = CARTESIAN_POINT('',(10.404174019297,12.221784426985,
    12.133976585855));
#7919 = CARTESIAN_POINT('',(10.158465902618,12.206524993382,
    12.229274960413));
#7920 = CARTESIAN_POINT('',(9.90580369429,12.191264131262,
    12.302042145915));
#7921 = CARTESIAN_POINT('',(9.490673684044,12.166624443768,
    12.382388767531));
#7922 = CARTESIAN_POINT('',(9.330935217957,12.157243226043,
    12.404284458908));
#7923 = CARTESIAN_POINT('',(9.170090154312,12.147862155932,
    12.417373661448));
#7924 = CARTESIAN_POINT('',(9.008720870517,12.138481162472,
    12.421592810798));
#7925 = CARTESIAN_POINT('',(8.847411543657,12.129100053184,
    12.416926630598));
#7926 = CARTESIAN_POINT('',(8.686747070703,12.11971876529,
    12.403408158718));
#7927 = CARTESIAN_POINT('',(8.215153391804,12.091970228301,
    12.337478295326));
#7928 = CARTESIAN_POINT('',(7.907601796476,12.07359728887,
    12.260201277827));
#7929 = CARTESIAN_POINT('',(7.609178939002,12.055228105132,
    12.149885844235));
#7930 = CARTESIAN_POINT('',(7.324080962746,12.036861313312,
    12.007899475872));
#7931 = CARTESIAN_POINT('',(7.056231087898,12.018492065965,
    11.836196071983));
#7932 = CARTESIAN_POINT('',(6.809248882543,12.000119123742,
    11.63730062113));
#7933 = CARTESIAN_POINT('',(6.311408256383,11.95909870651,
    11.139624392496));
#7934 = CARTESIAN_POINT('',(6.072804791077,11.936430573062,
    10.828076526489));
#7935 = CARTESIAN_POINT('',(5.876775861206,11.913776019912,
    10.485899585645));
#7936 = CARTESIAN_POINT('',(5.727740981014,11.891125148982,
    10.120154811872));
#7937 = CARTESIAN_POINT('',(5.628787957836,11.868470624411,
    9.738420901502));
#7938 = CARTESIAN_POINT('',(5.581691911979,11.84580247849,9.348836216367
    ));
#7939 = CARTESIAN_POINT('',(5.587127840573,11.818684969976,
    8.883515369159));
#7940 = CARTESIAN_POINT('',(5.590028270727,11.814220640072,
    8.806933761167));
#7941 = CARTESIAN_POINT('',(5.594933479316,11.809756288461,
    8.730438664068));
#7942 = CARTESIAN_POINT('',(5.601840256671,11.805291916406,8.65409302683
    ));
#7943 = CARTESIAN_POINT('',(5.610742927879,11.800827525631,
    8.577959575288));
#7944 = CARTESIAN_POINT('',(5.621633352781,11.796363118317,
    8.502100812147));
#7945 = CARTESIAN_POINT('',(5.685966542792,11.774042634578,
    8.124519280179));
#7946 = CARTESIAN_POINT('',(5.769075089616,11.756181647909,
    7.827767682804));
#7947 = CARTESIAN_POINT('',(5.883152434783,11.738323968514,
    7.540450871124));
#7948 = CARTESIAN_POINT('',(6.026849588821,11.720468543623,
    7.266391384892));
#7949 = CARTESIAN_POINT('',(6.198296767476,11.702611173916,
    7.009155257095));
#7950 = CARTESIAN_POINT('',(6.395117035473,11.684750684592,
    6.772026010392));
#7951 = CARTESIAN_POINT('',(6.8524617104,11.647493407919,6.325242700134)
  );
#7952 = CARTESIAN_POINT('',(7.117183789797,11.62808483491,6.119592325148
    ));
#7953 = CARTESIAN_POINT('',(7.404639737489,11.608682361267,5.94475800891
    ));
#7954 = CARTESIAN_POINT('',(7.710484001408,11.589281883224,
    5.803622977048));
#7955 = CARTESIAN_POINT('',(8.03003804561,11.569879145255,5.698345907263
    ));
#7956 = CARTESIAN_POINT('',(8.358288917906,11.550470263774,
    5.630362982413));
#7957 = CARTESIAN_POINT('',(8.843103903826,11.522101236342,
    5.586137492172));
#7958 = CARTESIAN_POINT('',(8.997087581595,11.513133841786,
    5.580216764206));
#7959 = CARTESIAN_POINT('',(9.15129598276,11.50416653785,5.582401160605)
  );
#7960 = CARTESIAN_POINT('',(9.305217559851,11.495199306144,
    5.592696884384));
#7961 = CARTESIAN_POINT('',(9.458343056003,11.486232031252,
    5.611069862663));
#7962 = CARTESIAN_POINT('',(9.610166345701,11.477264695254,
    5.637445812972));
#7963 = CARTESIAN_POINT('',(10.004523432758,11.453692679999,
    5.727517426493));
#7964 = CARTESIAN_POINT('',(10.244111308222,11.439086218473,
    5.804258404727));
#7965 = CARTESIAN_POINT('',(10.476743219762,11.424481248192,
    5.901438544012));
#7966 = CARTESIAN_POINT('',(10.70034665802,11.409877279194,6.01827649997
    ));
#7967 = CARTESIAN_POINT('',(10.912968576622,11.395272526796,
    6.153751786018));
#7968 = CARTESIAN_POINT('',(11.112784052717,11.380666280886,
    6.306609283895));
#7969 = CARTESIAN_POINT('',(11.495328466298,11.35052210553,
    6.654826057411));
#7970 = CARTESIAN_POINT('',(11.676201877105,11.334980038099,
    6.85232939884));
#7971 = CARTESIAN_POINT('',(11.838719305335,11.319439136504,
    7.066001685883));
#7972 = CARTESIAN_POINT('',(11.981188701068,11.30389851199,
    7.293778741064));
#7973 = CARTESIAN_POINT('',(12.102202597194,11.288356418598,
    7.533410430806));
#7974 = CARTESIAN_POINT('',(12.200645462101,11.272813292119,
    7.78247220972));
#7975 = CARTESIAN_POINT('',(12.314988205249,11.249158451316,
    8.17196424385));
#7976 = CARTESIAN_POINT('',(12.347857415859,11.241043316002,
    8.307457874184));
#7977 = CARTESIAN_POINT('',(12.374260402589,11.232928653251,
    8.444454165025));
#7978 = CARTESIAN_POINT('',(12.394116589801,11.224814471127,
    8.582582751697));
#7979 = CARTESIAN_POINT('',(12.407372136472,11.216700561545,
    8.721469192147));
#7980 = CARTESIAN_POINT('',(12.414,11.208586488802,8.860735439229));
#7981 = CARTESIAN_POINT('',(12.414,11.200471578093,9.000000312992));
#7982 = PCURVE('',#6043,#7983);
#7983 = DEFINITIONAL_REPRESENTATION('',(#7984),#8065);
#7984 = B_SPLINE_CURVE_WITH_KNOTS('',7,(#7985,#7986,#7987,#7988,#7989,
    #7990,#7991,#7992,#7993,#7994,#7995,#7996,#7997,#7998,#7999,#8000,
    #8001,#8002,#8003,#8004,#8005,#8006,#8007,#8008,#8009,#8010,#8011,
    #8012,#8013,#8014,#8015,#8016,#8017,#8018,#8019,#8020,#8021,#8022,
    #8023,#8024,#8025,#8026,#8027,#8028,#8029,#8030,#8031,#8032,#8033,
    #8034,#8035,#8036,#8037,#8038,#8039,#8040,#8041,#8042,#8043,#8044,
    #8045,#8046,#8047,#8048,#8049,#8050,#8051,#8052,#8053,#8054,#8055,
    #8056,#8057,#8058,#8059,#8060,#8061,#8062,#8063,#8064),
  .UNSPECIFIED.,.F.,.F.,(8,6,6,6,6,6,6,6,6,6,6,6,6,8),(0.,
    4.490445011128E-02,0.134125024107,0.219580119471,0.272118257055,
    0.374982890789,0.501850267664,0.526852251488,0.626851101311,
    0.735509157916,0.785729191825,0.867523339787,0.954550510206,1.),
  .UNSPECIFIED.);
#7985 = CARTESIAN_POINT('',(-6.28318530718,1.463530111369));
#7986 = CARTESIAN_POINT('',(-6.24288212118,1.471547721978));
#7987 = CARTESIAN_POINT('',(-6.20257860894,1.47956637742));
#7988 = CARTESIAN_POINT('',(-6.162275471574,1.487585259207));
#7989 = CARTESIAN_POINT('',(-6.121972560066,1.495604025992));
#7990 = CARTESIAN_POINT('',(-6.081669449047,1.503622609205));
#7991 = CARTESIAN_POINT('',(-6.041366010577,1.511641008679));
#7992 = CARTESIAN_POINT('',(-5.92098498215,1.535590196748));
#7993 = CARTESIAN_POINT('',(-5.840893527713,1.551523039409));
#7994 = CARTESIAN_POINT('',(-5.760811832509,1.567453238783));
#7995 = CARTESIAN_POINT('',(-5.680736370551,1.58338237998));
#7996 = CARTESIAN_POINT('',(-5.600654647079,1.599313368165));
#7997 = CARTESIAN_POINT('',(-5.520563076989,1.615246704993));
#7998 = CARTESIAN_POINT('',(-5.36378650448,1.646436309571));
#7999 = CARTESIAN_POINT('',(-5.287077229267,1.661697368103));
#8000 = CARTESIAN_POINT('',(-5.210375949263,1.67695699292));
#8001 = CARTESIAN_POINT('',(-5.133679753867,1.692215573015));
#8002 = CARTESIAN_POINT('',(-5.056978495707,1.707475006618));
#8003 = CARTESIAN_POINT('',(-4.980269260425,1.722735868738));
#8004 = CARTESIAN_POINT('',(-4.856416331994,1.747375556232));
#8005 = CARTESIAN_POINT('',(-4.809260880314,1.756756773957));
#8006 = CARTESIAN_POINT('',(-4.762106109601,1.766137844068));
#8007 = CARTESIAN_POINT('',(-4.714951771754,1.775518837528));
#8008 = CARTESIAN_POINT('',(-4.667796991727,1.784899946816));
#8009 = CARTESIAN_POINT('',(-4.620641519208,1.79428123471));
#8010 = CARTESIAN_POINT('',(-4.481162916371,1.822029771699));
#8011 = CARTESIAN_POINT('',(-4.388811826064,1.84040271113));
#8012 = CARTESIAN_POINT('',(-4.296480650295,1.858771894868));
#8013 = CARTESIAN_POINT('',(-4.204162148777,1.877138686688));
#8014 = CARTESIAN_POINT('',(-4.111831008975,1.895507934035));
#8015 = CARTESIAN_POINT('',(-4.019479969056,1.913880876258));
#8016 = CARTESIAN_POINT('',(-3.813288777373,1.95490129349));
#8017 = CARTESIAN_POINT('',(-3.69934401062,1.977569426938));
#8018 = CARTESIAN_POINT('',(-3.585464729723,2.000223980088));
#8019 = CARTESIAN_POINT('',(-3.471602500455,2.022874851018));
#8020 = CARTESIAN_POINT('',(-3.357723201348,2.045529375589));
#8021 = CARTESIAN_POINT('',(-3.243778218853,2.06819752151));
#8022 = CARTESIAN_POINT('',(-3.107471072491,2.095315030024));
#8023 = CARTESIAN_POINT('',(-3.085031061071,2.099779359928));
#8024 = CARTESIAN_POINT('',(-3.062591045609,2.104243711539));
#8025 = CARTESIAN_POINT('',(-3.040151029414,2.108708083594));
#8026 = CARTESIAN_POINT('',(-3.017711015769,2.113172474369));
#8027 = CARTESIAN_POINT('',(-2.995271007932,2.117636881683));
#8028 = CARTESIAN_POINT('',(-2.883079168427,2.139957365422));
#8029 = CARTESIAN_POINT('',(-2.793303836768,2.157818352091));
#8030 = CARTESIAN_POINT('',(-2.703545839894,2.175676031486));
#8031 = CARTESIAN_POINT('',(-2.613798864678,2.193531456377));
#8032 = CARTESIAN_POINT('',(-2.524040881493,2.211388826083));
#8033 = CARTESIAN_POINT('',(-2.434265570189,2.229249315408));
#8034 = CARTESIAN_POINT('',(-2.246990044167,2.266506592081));
#8035 = CARTESIAN_POINT('',(-2.149430343385,2.28591516509));
#8036 = CARTESIAN_POINT('',(-2.051900058079,2.305317638733));
#8037 = CARTESIAN_POINT('',(-1.954379791189,2.324718116776));
#8038 = CARTESIAN_POINT('',(-1.856849476112,2.344120854745));
#8039 = CARTESIAN_POINT('',(-1.759289574728,2.363529736226));
#8040 = CARTESIAN_POINT('',(-1.616692046324,2.391898763658));
#8041 = CARTESIAN_POINT('',(-1.571617397232,2.400866158214));
#8042 = CARTESIAN_POINT('',(-1.526543300963,2.40983346215));
#8043 = CARTESIAN_POINT('',(-1.481469564012,2.418800693856));
#8044 = CARTESIAN_POINT('',(-1.436395485544,2.427767968748));
#8045 = CARTESIAN_POINT('',(-1.391320860927,2.436735304746));
#8046 = CARTESIAN_POINT('',(-1.272834465015,2.460307320001));
#8047 = CARTESIAN_POINT('',(-1.199413219466,2.474913781527));
#8048 = CARTESIAN_POINT('',(-1.125998377769,2.489518751808));
#8049 = CARTESIAN_POINT('',(-1.052587606464,2.504122720806));
#8050 = CARTESIAN_POINT('',(-0.979172738384,2.518727473204));
#8051 = CARTESIAN_POINT('',(-0.905751428771,2.533333719114));
#8052 = CARTESIAN_POINT('',(-0.754229460943,2.56347789447));
#8053 = CARTESIAN_POINT('',(-0.676108325881,2.579019961901));
#8054 = CARTESIAN_POINT('',(-0.597995888412,2.594560863496));
#8055 = CARTESIAN_POINT('',(-0.519889011825,2.61010148801));
#8056 = CARTESIAN_POINT('',(-0.441776605639,2.625643581402));
#8057 = CARTESIAN_POINT('',(-0.363655463094,2.641186707881));
#8058 = CARTESIAN_POINT('',(-0.244754190692,2.664841548684));
#8059 = CARTESIAN_POINT('',(-0.203961609468,2.672956683998));
#8060 = CARTESIAN_POINT('',(-0.163169353332,2.681071346749));
#8061 = CARTESIAN_POINT('',(-0.122377291607,2.689185528873));
#8062 = CARTESIAN_POINT('',(-8.158498204888E-02,2.697299438455));
#8063 = CARTESIAN_POINT('',(-4.079228874126E-02,2.705413511198));
#8064 = CARTESIAN_POINT('',(0.,2.713528421907));
#8065 = ( GEOMETRIC_REPRESENTATION_CONTEXT(2) 
PARAMETRIC_REPRESENTATION_CONTEXT() REPRESENTATION_CONTEXT('2D SPACE',''
  ) );
#8066 = PCURVE('',#8067,#8130);
#8067 = B_SPLINE_SURFACE_WITH_KNOTS('',1,9,(
    (#8068,#8069,#8070,#8071,#8072,#8073,#8074,#8075,#8076,#8077,#8078
      ,#8079,#8080,#8081,#8082,#8083,#8084,#8085,#8086,#8087,#8088,#8089
      ,#8090,#8091,#8092,#8093,#8094,#8095,#8096,#8097,#8098)
    ,(#8099,#8100,#8101,#8102,#8103,#8104,#8105,#8106,#8107,#8108,#8109
      ,#8110,#8111,#8112,#8113,#8114,#8115,#8116,#8117,#8118,#8119,#8120
      ,#8121,#8122,#8123,#8124,#8125,#8126,#8127,#8128,#8129
  )),.UNSPECIFIED.,.F.,.F.,.F.,(2,2),(10,7,7,7,10),(0.,1.09175),(0.,
    1.601579642188,3.203159284377,4.804738926565,6.406318568754),
  .UNSPECIFIED.);
#8068 = CARTESIAN_POINT('',(12.068516776211,12.251010003211,
    9.000000497519));
#8069 = CARTESIAN_POINT('',(12.068516690781,12.216289057565,
    9.535592737673));
#8070 = CARTESIAN_POINT('',(11.963375928079,12.181574263738,
    10.071083182533));
#8071 = CARTESIAN_POINT('',(11.753069768073,12.14684443184,
    10.583052466281));
#8072 = CARTESIAN_POINT('',(11.443743879754,12.112118466074,
    11.047861376985));
#8073 = CARTESIAN_POINT('',(11.047821729964,12.077398165826,
    11.443754247585));
#8074 = CARTESIAN_POINT('',(10.583068238721,12.042677861105,
    11.753049081803));
#8075 = CARTESIAN_POINT('',(10.071115591853,12.007956965889,
    11.963359777868));
#8076 = CARTESIAN_POINT('',(9.00000712567,11.938513166038,
    12.173672915331));
#8077 = CARTESIAN_POINT('',(7.928883974153,11.869067119533,
    11.96336056713));
#8078 = CARTESIAN_POINT('',(7.416917137951,11.834343893267,
    11.753047327101));
#8079 = CARTESIAN_POINT('',(6.952149218569,11.799621604598,
    11.443752472238));
#8080 = CARTESIAN_POINT('',(6.556241208623,11.764900164677,
    11.047841709827));
#8081 = CARTESIAN_POINT('',(6.246952943177,11.730178639508,
    10.583078458038));
#8082 = CARTESIAN_POINT('',(6.036642577202,11.695456462961,
    10.071117943832));
#8083 = CARTESIAN_POINT('',(5.826332276249,11.626011670413,
    8.999999399607));
#8084 = CARTESIAN_POINT('',(6.036642983193,11.556566877865,
    7.928880935097));
#8085 = CARTESIAN_POINT('',(6.246953542846,11.521844701317,
    7.416920500693));
#8086 = CARTESIAN_POINT('',(6.556241982279,11.487123176149,6.95215736552
    ));
#8087 = CARTESIAN_POINT('',(6.952150141097,11.452401736227,
    6.556246751348));
#8088 = CARTESIAN_POINT('',(7.416918178528,11.417679447559,
    6.246952071728));
#8089 = CARTESIAN_POINT('',(7.928885095086,11.382956221293,
    6.036639027509));
#8090 = CARTESIAN_POINT('',(9.000008326367,11.313510174788,
    5.826327087848));
#8091 = CARTESIAN_POINT('',(10.071116712785,11.244066374936,
    6.036640629252));
#8092 = CARTESIAN_POINT('',(10.583069280847,11.20934547972,
    6.246951516178));
#8093 = CARTESIAN_POINT('',(11.047822654751,11.174625175,6.556246522945)
  );
#8094 = CARTESIAN_POINT('',(11.443744664085,11.139904874752,
    6.952139538041));
#8095 = CARTESIAN_POINT('',(11.753070369079,11.105178908987,
    7.416948582842));
#8096 = CARTESIAN_POINT('',(11.963376318172,11.070449077087,
    7.928917939123));
#8097 = CARTESIAN_POINT('',(12.068516894197,11.035734283261,
    8.464408423204));
#8098 = CARTESIAN_POINT('',(12.068516779833,11.001013337615,
    9.000000663359));
#8099 = CARTESIAN_POINT('',(13.014005872897,12.796874849622,
    8.999999992521));
#8100 = CARTESIAN_POINT('',(13.014006623682,12.762152608205,
    9.700575823357));
#8101 = CARTESIAN_POINT('',(12.876482796789,12.727430274288,
    10.401148313562));
#8102 = CARTESIAN_POINT('',(12.601329479394,12.692708166461,
    11.070866767161));
#8103 = CARTESIAN_POINT('',(12.196725056385,12.657986000593,
    11.678832774892));
#8104 = CARTESIAN_POINT('',(11.678822275425,12.623263749404,
    12.196740880179));
#8105 = CARTESIAN_POINT('',(11.070857633772,12.588541498387,
    12.601332329681));
#8106 = CARTESIAN_POINT('',(10.401155419013,12.5538192562,
    12.876448621213));
#8107 = CARTESIAN_POINT('',(9.000007458987,12.484374802063,
    13.151565177351));
#8108 = CARTESIAN_POINT('',(7.598848261068,12.414930381709,
    12.876449683775));
#8109 = CARTESIAN_POINT('',(6.929135275625,12.380208174585,
    12.601334244219));
#8110 = CARTESIAN_POINT('',(6.321157092799,12.345485953361,
    12.196739837445));
#8111 = CARTESIAN_POINT('',(5.803253716357,12.310763719376,
    11.678834958218));
#8112 = CARTESIAN_POINT('',(5.398663986484,12.276041486672,
    11.070859750064));
#8113 = CARTESIAN_POINT('',(5.123552976663,12.241319263763,
    10.401151938726));
#8114 = CARTESIAN_POINT('',(4.848441726194,12.171874824553,
    8.999999974506));
#8115 = CARTESIAN_POINT('',(5.123553389072,12.102430385343,
    7.598848091262));
#8116 = CARTESIAN_POINT('',(5.398664393274,12.067708162434,
    6.929140408694));
#8117 = CARTESIAN_POINT('',(5.803253120571,12.032985929731,
    6.321164985209));
#8118 = CARTESIAN_POINT('',(6.321156001077,11.998263695744,
    5.803259267662));
#8119 = CARTESIAN_POINT('',(6.929134743854,11.963541474522,
    5.398664538142));
#8120 = CARTESIAN_POINT('',(7.598848156315,11.928819267397,
    5.123550246745));
#8121 = CARTESIAN_POINT('',(9.000007461089,11.859374847043,
    4.848436541234));
#8122 = CARTESIAN_POINT('',(10.401155314259,11.789930392906,
    5.123552397736));
#8123 = CARTESIAN_POINT('',(11.070857941981,11.755208150739,
    5.398667159702));
#8124 = CARTESIAN_POINT('',(11.678822405241,11.720485899644,
    5.803256829659));
#8125 = CARTESIAN_POINT('',(12.196730242736,11.685763648586,
    6.32116208138));
#8126 = CARTESIAN_POINT('',(12.601330588312,11.651041482595,
    6.929137339402));
#8127 = CARTESIAN_POINT('',(12.87647459399,11.616319374832,
    7.598851963841));
#8128 = CARTESIAN_POINT('',(13.01400707931,11.581597040902,
    8.299424159191));
#8129 = CARTESIAN_POINT('',(13.01400783053,11.546874799482,
    8.999999990027));
#8130 = DEFINITIONAL_REPRESENTATION('',(#8131),#8212);
#8131 = B_SPLINE_CURVE_WITH_KNOTS('',7,(#8132,#8133,#8134,#8135,#8136,
    #8137,#8138,#8139,#8140,#8141,#8142,#8143,#8144,#8145,#8146,#8147,
    #8148,#8149,#8150,#8151,#8152,#8153,#8154,#8155,#8156,#8157,#8158,
    #8159,#8160,#8161,#8162,#8163,#8164,#8165,#8166,#8167,#8168,#8169,
    #8170,#8171,#8172,#8173,#8174,#8175,#8176,#8177,#8178,#8179,#8180,
    #8181,#8182,#8183,#8184,#8185,#8186,#8187,#8188,#8189,#8190,#8191,
    #8192,#8193,#8194,#8195,#8196,#8197,#8198,#8199,#8200,#8201,#8202,
    #8203,#8204,#8205,#8206,#8207,#8208,#8209,#8210,#8211),
  .UNSPECIFIED.,.F.,.F.,(8,6,6,6,6,6,6,6,6,6,6,6,6,8),(0.,
    4.490445011128E-02,0.134125024107,0.219580119471,0.272118257055,
    0.374982890789,0.501850267664,0.526852251488,0.626851101311,
    0.735509157916,0.785729191825,0.867523339787,0.954550510206,1.),
  .UNSPECIFIED.);
#8132 = CARTESIAN_POINT('',(0.398927191116,0.));
#8133 = CARTESIAN_POINT('',(0.398927132424,4.109149419489E-02));
#8134 = CARTESIAN_POINT('',(0.398925113249,8.218441116357E-02));
#8135 = CARTESIAN_POINT('',(0.398922687634,0.123277608621));
#8136 = CARTESIAN_POINT('',(0.398920662938,0.164370914455));
#8137 = CARTESIAN_POINT('',(0.398919327985,0.205464532264));
#8138 = CARTESIAN_POINT('',(0.398918681219,0.24655844689));
#8139 = CARTESIAN_POINT('',(0.398918614415,0.369300201467));
#8140 = CARTESIAN_POINT('',(0.398921041904,0.450961857294));
#8141 = CARTESIAN_POINT('',(0.398925038165,0.532612522904));
#8142 = CARTESIAN_POINT('',(0.398928430203,0.614256251095));
#8143 = CARTESIAN_POINT('',(0.398930241865,0.695906356688));
#8144 = CARTESIAN_POINT('',(0.39893100788,0.777566766421));
#8145 = CARTESIAN_POINT('',(0.398930865753,0.937414958573));
#8146 = CARTESIAN_POINT('',(0.39893005429,1.015627459892));
#8147 = CARTESIAN_POINT('',(0.398928840488,1.093832196737));
#8148 = CARTESIAN_POINT('',(0.398927723784,1.172032009711));
#8149 = CARTESIAN_POINT('',(0.39892701666,1.250237045077));
#8150 = CARTESIAN_POINT('',(0.398926736362,1.328450103572));
#8151 = CARTESIAN_POINT('',(0.398926734345,1.454730783842));
#8152 = CARTESIAN_POINT('',(0.398926841861,1.502810504281));
#8153 = CARTESIAN_POINT('',(0.398927011219,1.550889446303));
#8154 = CARTESIAN_POINT('',(0.398927193493,1.598967859236));
#8155 = CARTESIAN_POINT('',(0.398927343642,1.647046642394));
#8156 = CARTESIAN_POINT('',(0.398927426884,1.695126066497));
#8157 = CARTESIAN_POINT('',(0.398927421512,1.837337446389));
#8158 = CARTESIAN_POINT('',(0.398927098229,1.931497786107));
#8159 = CARTESIAN_POINT('',(0.398926323615,2.025637796954));
#8160 = CARTESIAN_POINT('',(0.398925217803,2.119765084926));
#8161 = CARTESIAN_POINT('',(0.398924159837,2.213905562614));
#8162 = CARTESIAN_POINT('',(0.3989235838,2.308066574358));
#8163 = CARTESIAN_POINT('',(0.398923539353,2.518299166966));
#8164 = CARTESIAN_POINT('',(0.398924362636,2.634477481207));
#8165 = CARTESIAN_POINT('',(0.398926281404,2.750589036066));
#8166 = CARTESIAN_POINT('',(0.398928789806,2.866682840316));
#8167 = CARTESIAN_POINT('',(0.398930876233,2.982793682666));
#8168 = CARTESIAN_POINT('',(0.398931850703,3.098971289302));
#8169 = CARTESIAN_POINT('',(0.398931721778,3.237949240204));
#8170 = CARTESIAN_POINT('',(0.398931658492,3.260828942238));
#8171 = CARTESIAN_POINT('',(0.398931553326,3.283708650742));
#8172 = CARTESIAN_POINT('',(0.398931407353,3.306588363876));
#8173 = CARTESIAN_POINT('',(0.39893122254,3.329468079662));
#8174 = CARTESIAN_POINT('',(0.39893100175,3.352347795976));
#8175 = CARTESIAN_POINT('',(0.39892973679,3.466738054616));
#8176 = CARTESIAN_POINT('',(0.398928211051,3.558272669765));
#8177 = CARTESIAN_POINT('',(0.398926375672,3.649789793347));
#8178 = CARTESIAN_POINT('',(0.398924642813,3.741295884034));
#8179 = CARTESIAN_POINT('',(0.398923396864,3.832813318646));
#8180 = CARTESIAN_POINT('',(0.398922823719,3.924348384525));
#8181 = CARTESIAN_POINT('',(0.398922784838,4.11529456672));
#8182 = CARTESIAN_POINT('',(0.398923422386,4.214766310189));
#8183 = CARTESIAN_POINT('',(0.398924614835,4.31420778284));
#8184 = CARTESIAN_POINT('',(0.398925881985,4.413638686784));
#8185 = CARTESIAN_POINT('',(0.398926719162,4.513079662576));
#8186 = CARTESIAN_POINT('',(0.398927057275,4.612550893751));
#8187 = CARTESIAN_POINT('',(0.398927037036,4.75794245481));
#8188 = CARTESIAN_POINT('',(0.398926957523,4.803900341266));
#8189 = CARTESIAN_POINT('',(0.39892682015,4.8498577319));
#8190 = CARTESIAN_POINT('',(0.39892665792,4.895814833812));
#8191 = CARTESIAN_POINT('',(0.398926512771,4.941772363648));
#8192 = CARTESIAN_POINT('',(0.398926426763,4.987730522654));
#8193 = CARTESIAN_POINT('',(0.398926443861,5.108539581663));
#8194 = CARTESIAN_POINT('',(0.398926692492,5.183400229322));
#8195 = CARTESIAN_POINT('',(0.398927279927,5.258254413446));
#8196 = CARTESIAN_POINT('',(0.398928171586,5.333104355581));
#8197 = CARTESIAN_POINT('',(0.39892911717,5.407958215023));
#8198 = CARTESIAN_POINT('',(0.398929734368,5.48281828788));
#8199 = CARTESIAN_POINT('',(0.398929780335,5.637308900385));
#8200 = CARTESIAN_POINT('',(0.398929106701,5.716960279948));
#8201 = CARTESIAN_POINT('',(0.398927561017,5.796602555289));
#8202 = CARTESIAN_POINT('',(0.398924703915,5.876239184103));
#8203 = CARTESIAN_POINT('',(0.398921322562,5.955881998379));
#8204 = CARTESIAN_POINT('',(0.398919192506,6.035534681136));
#8205 = CARTESIAN_POINT('',(0.398919067201,6.156767622977));
#8206 = CARTESIAN_POINT('',(0.39891958172,6.198360267144));
#8207 = CARTESIAN_POINT('',(0.398920719899,6.239952626115));
#8208 = CARTESIAN_POINT('',(0.398922494386,6.281544686825));
#8209 = CARTESIAN_POINT('',(0.398924645415,6.323136665273));
#8210 = CARTESIAN_POINT('',(0.398926421891,6.364728365337));
#8211 = CARTESIAN_POINT('',(0.398926362486,6.406318537596));
#8212 = ( GEOMETRIC_REPRESENTATION_CONTEXT(2) 
PARAMETRIC_REPRESENTATION_CONTEXT() REPRESENTATION_CONTEXT('2D SPACE',''
  ) );
#8213 = ORIENTED_EDGE('',*,*,#8214,.T.);
#8214 = EDGE_CURVE('',#7896,#8215,#8217,.T.);
#8215 = VERTEX_POINT('',#8216);
#8216 = CARTESIAN_POINT('',(12.414,12.049552228876,9.000000208663));
#8217 = SURFACE_CURVE('',#8218,(#8222,#8229),.PCURVE_S1.);
#8218 = LINE('',#8219,#8220);
#8219 = CARTESIAN_POINT('',(12.414,13.914,9.));
#8220 = VECTOR('',#8221,1.);
#8221 = DIRECTION('',(0.,-1.,2.22044604925E-16));
#8222 = PCURVE('',#6043,#8223);
#8223 = DEFINITIONAL_REPRESENTATION('',(#8224),#8228);
#8224 = LINE('',#8225,#8226);
#8225 = CARTESIAN_POINT('',(-6.28318530718,0.));
#8226 = VECTOR('',#8227,1.);
#8227 = DIRECTION('',(-0.,1.));
#8228 = ( GEOMETRIC_REPRESENTATION_CONTEXT(2) 
PARAMETRIC_REPRESENTATION_CONTEXT() REPRESENTATION_CONTEXT('2D SPACE',''
  ) );
#8229 = PCURVE('',#8230,#8235);
#8230 = CYLINDRICAL_SURFACE('',#8231,3.414);
#8231 = AXIS2_PLACEMENT_3D('',#8232,#8233,#8234);
#8232 = CARTESIAN_POINT('',(9.,13.914,9.));
#8233 = DIRECTION('',(0.,-1.,2.22044604925E-16));
#8234 = DIRECTION('',(1.,0.,0.));
#8235 = DEFINITIONAL_REPRESENTATION('',(#8236),#8240);
#8236 = LINE('',#8237,#8238);
#8237 = CARTESIAN_POINT('',(-0.,0.));
#8238 = VECTOR('',#8239,1.);
#8239 = DIRECTION('',(-0.,1.));
#8240 = ( GEOMETRIC_REPRESENTATION_CONTEXT(2) 
PARAMETRIC_REPRESENTATION_CONTEXT() REPRESENTATION_CONTEXT('2D SPACE',''
  ) );
#8241 = ORIENTED_EDGE('',*,*,#8242,.T.);
#8242 = EDGE_CURVE('',#8215,#8243,#8245,.T.);
#8243 = VERTEX_POINT('',#8244);
#8244 = CARTESIAN_POINT('',(11.414062420918,11.893292683357,
    11.414062681024));
#8245 = SURFACE_CURVE('',#8246,(#8264,#8285),.PCURVE_S1.);
#8246 = B_SPLINE_CURVE_WITH_KNOTS('',4,(#8247,#8248,#8249,#8250,#8251,
    #8252,#8253,#8254,#8255,#8256,#8257,#8258,#8259,#8260,#8261,#8262,
    #8263),.UNSPECIFIED.,.F.,.F.,(5,3,3,3,3,5),(0.,0.103733627179,
    0.232598198902,0.52424348605,0.829074837616,1.),.UNSPECIFIED.);
#8247 = CARTESIAN_POINT('',(12.414,12.049552228876,9.000000417327));
#8248 = CARTESIAN_POINT('',(12.414,12.045497505073,9.069536815923));
#8249 = CARTESIAN_POINT('',(12.412111575111,12.041444127256,9.1390732488
    ));
#8250 = CARTESIAN_POINT('',(12.408334724891,12.037391429892,
    9.208532705422));
#8251 = CARTESIAN_POINT('',(12.395645729701,12.028305031752,
    9.363934518993));
#8252 = CARTESIAN_POINT('',(12.385711151961,12.023271519919,9.4497934352
    ));
#8253 = CARTESIAN_POINT('',(12.372884002863,12.018237971855,
    9.535268064659));
#8254 = CARTESIAN_POINT('',(12.32167502905,12.001812188492,
    9.812460510794));
#8255 = CARTESIAN_POINT('',(12.271479898826,11.990419211855,
    10.001998165384));
#8256 = CARTESIAN_POINT('',(12.206918426616,11.979025652486,
    10.187135942128));
#8257 = CARTESIAN_POINT('',(12.046900479592,11.955725715572,
    10.553560282074));
#8258 = CARTESIAN_POINT('',(11.950177110331,11.943819161993,
    10.734298829531));
#8259 = CARTESIAN_POINT('',(11.839294903971,11.931914224042,
    10.906713570929));
#8260 = CARTESIAN_POINT('',(11.645997965169,11.913330071226,
    11.160375089348));
#8261 = CARTESIAN_POINT('',(11.572474046098,11.906652569209,
    11.248400627611));
#8262 = CARTESIAN_POINT('',(11.495081037909,11.899973590898,
    11.333044476083));
#8263 = CARTESIAN_POINT('',(11.414062629582,11.893292512981,
    11.414062889687));
#8264 = PCURVE('',#6043,#8265);
#8265 = DEFINITIONAL_REPRESENTATION('',(#8266),#8284);
#8266 = B_SPLINE_CURVE_WITH_KNOTS('',4,(#8267,#8268,#8269,#8270,#8271,
    #8272,#8273,#8274,#8275,#8276,#8277,#8278,#8279,#8280,#8281,#8282,
    #8283),.UNSPECIFIED.,.F.,.F.,(5,3,3,3,3,5),(0.,0.103733627179,
    0.232598198902,0.52424348605,0.829074837616,1.),.UNSPECIFIED.);
#8267 = CARTESIAN_POINT('',(-6.28318530718,1.864447771124));
#8268 = CARTESIAN_POINT('',(-6.262817293531,1.868502494927));
#8269 = CARTESIAN_POINT('',(-6.242449272337,1.872555872744));
#8270 = CARTESIAN_POINT('',(-6.222081253114,1.876608570108));
#8271 = CARTESIAN_POINT('',(-6.17641077888,1.885694968248));
#8272 = CARTESIAN_POINT('',(-6.151108320956,1.890728480081));
#8273 = CARTESIAN_POINT('',(-6.125805865219,1.895762028145));
#8274 = CARTESIAN_POINT('',(-6.043239088919,1.912187811508));
#8275 = CARTESIAN_POINT('',(-5.985974566266,1.923580788145));
#8276 = CARTESIAN_POINT('',(-5.928709965208,1.934974347514));
#8277 = CARTESIAN_POINT('',(-5.811592026251,1.958274284428));
#8278 = CARTESIAN_POINT('',(-5.751738265529,1.970180838007));
#8279 = CARTESIAN_POINT('',(-5.691884593326,1.982085775958));
#8280 = CARTESIAN_POINT('',(-5.598470206346,2.000669928774));
#8281 = CARTESIAN_POINT('',(-5.564909201186,2.007347430791));
#8282 = CARTESIAN_POINT('',(-5.531348200244,2.014026409102));
#8283 = CARTESIAN_POINT('',(-5.497787176346,2.020707487019));
#8284 = ( GEOMETRIC_REPRESENTATION_CONTEXT(2) 
PARAMETRIC_REPRESENTATION_CONTEXT() REPRESENTATION_CONTEXT('2D SPACE',''
  ) );
#8285 = PCURVE('',#8286,#8305);
#8286 = B_SPLINE_SURFACE_WITH_KNOTS('',1,8,(
    (#8287,#8288,#8289,#8290,#8291,#8292,#8293,#8294,#8295)
    ,(#8296,#8297,#8298,#8299,#8300,#8301,#8302,#8303,#8304
  )),.UNSPECIFIED.,.F.,.F.,.F.,(2,2),(9,9),(0.,1.09175),(0.,
    0.800789821094),.PIECEWISE_BEZIER_KNOTS.);
#8287 = CARTESIAN_POINT('',(13.014010067824,11.703124799466,
    8.999999990026));
#8288 = CARTESIAN_POINT('',(13.014002168694,11.683593706879,
    9.394073929773));
#8289 = CARTESIAN_POINT('',(12.969802716746,11.664062345432,9.7881513524
    ));
#8290 = CARTESIAN_POINT('',(12.88136323682,11.644531040906,
    10.176436247311));
#8291 = CARTESIAN_POINT('',(12.749614657446,11.6249998553,
    10.553142510619));
#8292 = CARTESIAN_POINT('',(12.57639830098,11.605468670619,
    10.912668694829));
#8293 = CARTESIAN_POINT('',(12.36438209246,11.585937365488,
    11.249765234057));
#8294 = CARTESIAN_POINT('',(12.116987701273,11.566406004289,
    11.559682984894));
#8295 = CARTESIAN_POINT('',(11.838329760274,11.546874911639,
    11.838329754059));
#8296 = CARTESIAN_POINT('',(12.068534649552,12.249013337487,
    9.000000663352));
#8297 = CARTESIAN_POINT('',(12.068520550885,12.229471621809,
    9.301272856537));
#8298 = CARTESIAN_POINT('',(12.034735449927,12.209947774493,
    9.602492906786));
#8299 = CARTESIAN_POINT('',(11.967139882252,12.190420171053,
    9.899305909424));
#8300 = CARTESIAN_POINT('',(11.866420848424,12.170884607347,
    10.187313176397));
#8301 = CARTESIAN_POINT('',(11.733978891089,12.151349045284,
    10.462174042333));
#8302 = CARTESIAN_POINT('',(11.571909183927,12.13182144077,
    10.719852428065));
#8303 = CARTESIAN_POINT('',(11.382815933823,12.112297593894,
    10.956753125712));
#8304 = CARTESIAN_POINT('',(11.169774379588,12.092755878104,
    11.169774793038));
#8305 = DEFINITIONAL_REPRESENTATION('',(#8306),#8324);
#8306 = B_SPLINE_CURVE_WITH_KNOTS('',4,(#8307,#8308,#8309,#8310,#8311,
    #8312,#8313,#8314,#8315,#8316,#8317,#8318,#8319,#8320,#8321,#8322,
    #8323),.UNSPECIFIED.,.F.,.F.,(5,3,3,3,3,5),(0.,0.103733627179,
    0.232598198902,0.52424348605,0.829074837616,1.),.UNSPECIFIED.);
#8307 = CARTESIAN_POINT('',(0.692837676038,0.));
#8308 = CARTESIAN_POINT('',(0.692834841276,2.076641706254E-02));
#8309 = CARTESIAN_POINT('',(0.692833744053,4.153328014821E-02));
#8310 = CARTESIAN_POINT('',(0.692833415236,6.230043389426E-02));
#8311 = CARTESIAN_POINT('',(0.692833453973,0.10886624242));
#8312 = CARTESIAN_POINT('',(0.692833995087,0.134664991986));
#8313 = CARTESIAN_POINT('',(0.692834267603,0.160463754478));
#8314 = CARTESIAN_POINT('',(0.692834267444,0.244649783238));
#8315 = CARTESIAN_POINT('',(0.692832455641,0.303036819815));
#8316 = CARTESIAN_POINT('',(0.692830448053,0.361422625437));
#8317 = CARTESIAN_POINT('',(0.692830435206,0.480834171437));
#8318 = CARTESIAN_POINT('',(0.692832446424,0.541860180636));
#8319 = CARTESIAN_POINT('',(0.692836302693,0.602887955236));
#8320 = CARTESIAN_POINT('',(0.692836384482,0.698134544299));
#8321 = CARTESIAN_POINT('',(0.692835322479,0.732353743083));
#8322 = CARTESIAN_POINT('',(0.69283229613,0.766572422394));
#8323 = CARTESIAN_POINT('',(0.692827630013,0.800789821094));
#8324 = ( GEOMETRIC_REPRESENTATION_CONTEXT(2) 
PARAMETRIC_REPRESENTATION_CONTEXT() REPRESENTATION_CONTEXT('2D SPACE',''
  ) );
#8325 = ORIENTED_EDGE('',*,*,#8326,.T.);
#8326 = EDGE_CURVE('',#8243,#8327,#8329,.T.);
#8327 = VERTEX_POINT('',#8328);
#8328 = CARTESIAN_POINT('',(11.414062420919,11.044217806074,
    11.414062681023));
#8329 = SURFACE_CURVE('',#8330,(#8334,#8341),.PCURVE_S1.);
#8330 = LINE('',#8331,#8332);
#8331 = CARTESIAN_POINT('',(11.414062420917,13.914,11.414062681025));
#8332 = VECTOR('',#8333,1.);
#8333 = DIRECTION('',(0.,-1.,2.22044604925E-16));
#8334 = PCURVE('',#6043,#8335);
#8335 = DEFINITIONAL_REPRESENTATION('',(#8336),#8340);
#8336 = LINE('',#8337,#8338);
#8337 = CARTESIAN_POINT('',(-5.497787089909,9.194038442241E-17));
#8338 = VECTOR('',#8339,1.);
#8339 = DIRECTION('',(-0.,1.));
#8340 = ( GEOMETRIC_REPRESENTATION_CONTEXT(2) 
PARAMETRIC_REPRESENTATION_CONTEXT() REPRESENTATION_CONTEXT('2D SPACE',''
  ) );
#8341 = PCURVE('',#8342,#8347);
#8342 = PLANE('',#8343);
#8343 = AXIS2_PLACEMENT_3D('',#8344,#8345,#8346);
#8344 = CARTESIAN_POINT('',(11.402329648267,11.468753802676,
    11.402329915736));
#8345 = DIRECTION('',(-0.707106559255,-1.016287840592E-12,0.707107003118
    ));
#8346 = DIRECTION('',(0.707107003118,1.009741958683E-28,0.707106559255)
  );
#8347 = DEFINITIONAL_REPRESENTATION('',(#8348),#8352);
#8348 = LINE('',#8349,#8350);
#8349 = CARTESIAN_POINT('',(1.65926410008E-02,2.445246197324));
#8350 = VECTOR('',#8351,1.);
#8351 = DIRECTION('',(1.570091965896E-16,-1.));
#8352 = ( GEOMETRIC_REPRESENTATION_CONTEXT(2) 
PARAMETRIC_REPRESENTATION_CONTEXT() REPRESENTATION_CONTEXT('2D SPACE',''
  ) );
#8353 = ORIENTED_EDGE('',*,*,#8354,.F.);
#8354 = EDGE_CURVE('',#7898,#8327,#8355,.T.);
#8355 = SURFACE_CURVE('',#8356,(#8375,#8397),.PCURVE_S1.);
#8356 = B_SPLINE_CURVE_WITH_KNOTS('',5,(#8357,#8358,#8359,#8360,#8361,
    #8362,#8363,#8364,#8365,#8366,#8367,#8368,#8369,#8370,#8371,#8372,
    #8373,#8374),.UNSPECIFIED.,.F.,.F.,(6,4,4,4,6),(0.,0.193688902763,
    0.509277937629,0.816277513317,1.),.UNSPECIFIED.);
#8357 = CARTESIAN_POINT('',(12.414,11.200471572013,9.000000417323));
#8358 = CARTESIAN_POINT('',(12.414,11.194417388377,9.103869959159));
#8359 = CARTESIAN_POINT('',(12.410049760087,11.188363391828,
    9.207739441233));
#8360 = CARTESIAN_POINT('',(12.402149324895,11.182309866639,
    9.31140819871));
#8361 = CARTESIAN_POINT('',(12.390313912567,11.176256857595,
    9.414676676079));
#8362 = CARTESIAN_POINT('',(12.348927785059,11.160342160309,
    9.684632457443));
#8363 = CARTESIAN_POINT('',(12.312915316393,11.150480953559,
    9.85033101492));
#8364 = CARTESIAN_POINT('',(12.266668674132,11.140620133827,
    10.013581173331));
#8365 = CARTESIAN_POINT('',(12.210424141057,11.130758353771,
    10.17354858294));
#8366 = CARTESIAN_POINT('',(12.080411232329,11.111302365201,
    10.481070025069));
#8367 = CARTESIAN_POINT('',(12.007160321015,11.101708005231,
    10.628846155329));
#8368 = CARTESIAN_POINT('',(11.925080534976,11.092113358629,
    10.772020545331));
#8369 = CARTESIAN_POINT('',(11.834568832893,11.082519271375,
    10.90990092692));
#8370 = CARTESIAN_POINT('',(11.677178870338,11.067184350284,
    11.120806016891));
#8371 = CARTESIAN_POINT('',(11.615404792825,11.06144317958,
    11.197641668653));
#8372 = CARTESIAN_POINT('',(11.550884649129,11.055702087405,
    11.272214498547));
#8373 = CARTESIAN_POINT('',(11.483730221585,11.049960636359,
    11.344395293143));
#8374 = CARTESIAN_POINT('',(11.41406262958,11.044217976442,
    11.414062889684));
#8375 = PCURVE('',#6043,#8376);
#8376 = DEFINITIONAL_REPRESENTATION('',(#8377),#8396);
#8377 = B_SPLINE_CURVE_WITH_KNOTS('',5,(#8378,#8379,#8380,#8381,#8382,
    #8383,#8384,#8385,#8386,#8387,#8388,#8389,#8390,#8391,#8392,#8393,
    #8394,#8395),.UNSPECIFIED.,.F.,.F.,(6,4,4,4,6),(0.,0.193688902763,
    0.509277937629,0.816277513317,1.),.UNSPECIFIED.);
#8378 = CARTESIAN_POINT('',(-6.28318530718,2.713528427987));
#8379 = CARTESIAN_POINT('',(-6.252760719647,2.719582611623));
#8380 = CARTESIAN_POINT('',(-6.222336183417,2.725636608172));
#8381 = CARTESIAN_POINT('',(-6.191911668088,2.731690133361));
#8382 = CARTESIAN_POINT('',(-6.161487157439,2.737743142405));
#8383 = CARTESIAN_POINT('',(-6.081490159838,2.753657839691));
#8384 = CARTESIAN_POINT('',(-6.031917158763,2.763519046441));
#8385 = CARTESIAN_POINT('',(-5.98234498892,2.773379866174));
#8386 = CARTESIAN_POINT('',(-5.93277189394,2.783241646229));
#8387 = CARTESIAN_POINT('',(-5.834975931259,2.802697634799));
#8388 = CARTESIAN_POINT('',(-5.786752163384,2.812291994769));
#8389 = CARTESIAN_POINT('',(-5.738529241677,2.821886641371));
#8390 = CARTESIAN_POINT('',(-5.69030557311,2.831480728625));
#8391 = CARTESIAN_POINT('',(-5.613223321728,2.846815649716));
#8392 = CARTESIAN_POINT('',(-5.58436431788,2.85255682042));
#8393 = CARTESIAN_POINT('',(-5.555505292472,2.858297912595));
#8394 = CARTESIAN_POINT('',(-5.526646243914,2.864039363641));
#8395 = CARTESIAN_POINT('',(-5.497787176345,2.869782023558));
#8396 = ( GEOMETRIC_REPRESENTATION_CONTEXT(2) 
PARAMETRIC_REPRESENTATION_CONTEXT() REPRESENTATION_CONTEXT('2D SPACE',''
  ) );
#8397 = PCURVE('',#8398,#8417);
#8398 = B_SPLINE_SURFACE_WITH_KNOTS('',1,8,(
    (#8399,#8400,#8401,#8402,#8403,#8404,#8405,#8406,#8407)
    ,(#8408,#8409,#8410,#8411,#8412,#8413,#8414,#8415,#8416
  )),.UNSPECIFIED.,.F.,.F.,.F.,(2,2),(9,9),(0.,1.09175),(0.,
    0.800789821094),.PIECEWISE_BEZIER_KNOTS.);
#8399 = CARTESIAN_POINT('',(12.068516779833,11.001013337615,
    9.000000663359));
#8400 = CARTESIAN_POINT('',(12.068516703336,10.981471621737,
    9.301271593051));
#8401 = CARTESIAN_POINT('',(12.034721770552,10.961947774742,
    9.602491952004));
#8402 = CARTESIAN_POINT('',(11.967121455834,10.942420170816,
    9.899300561372));
#8403 = CARTESIAN_POINT('',(11.866409623091,10.922884607872,
    10.187306265993));
#8404 = CARTESIAN_POINT('',(11.733972763282,10.903349044928,
    10.462171023251));
#8405 = CARTESIAN_POINT('',(11.57189795291,10.883821441001,
    10.719846996267));
#8406 = CARTESIAN_POINT('',(11.382799556404,10.864297594008,
    10.956738535135));
#8407 = CARTESIAN_POINT('',(11.169768810762,10.844755878128,
    11.169769224213));
#8408 = CARTESIAN_POINT('',(13.01400783053,11.546874799482,
    8.999999990027));
#8409 = CARTESIAN_POINT('',(13.01400168698,11.52734370687,9.394073771584
    ));
#8410 = CARTESIAN_POINT('',(12.969801004083,11.507812345463,
    9.788151232861));
#8411 = CARTESIAN_POINT('',(12.881360929827,11.488281040877,
    10.176435577733));
#8412 = CARTESIAN_POINT('',(12.749613252031,11.468749855366,
    10.553141645434));
#8413 = CARTESIAN_POINT('',(12.576397533776,11.449218670574,
    10.912668316839));
#8414 = CARTESIAN_POINT('',(12.364380686334,11.429687365517,
    11.249764553994));
#8415 = CARTESIAN_POINT('',(12.116985650815,11.410156004303,
    11.559681158149));
#8416 = CARTESIAN_POINT('',(11.838329063056,11.390624911642,
    11.838329056841));
#8417 = DEFINITIONAL_REPRESENTATION('',(#8418),#8437);
#8418 = B_SPLINE_CURVE_WITH_KNOTS('',5,(#8419,#8420,#8421,#8422,#8423,
    #8424,#8425,#8426,#8427,#8428,#8429,#8430,#8431,#8432,#8433,#8434,
    #8435,#8436),.UNSPECIFIED.,.F.,.F.,(6,4,4,4,6),(0.,0.193688902763,
    0.509277937629,0.816277513317,1.),.UNSPECIFIED.);
#8419 = CARTESIAN_POINT('',(0.398926362486,0.));
#8420 = CARTESIAN_POINT('',(0.39892718313,3.101966915055E-02));
#8421 = CARTESIAN_POINT('',(0.398926376535,6.204024414766E-02));
#8422 = CARTESIAN_POINT('',(0.39892543656,9.306132492889E-02));
#8423 = CARTESIAN_POINT('',(0.39892504107,0.124082598881));
#8424 = CARTESIAN_POINT('',(0.398925069621,0.20564862513));
#8425 = CARTESIAN_POINT('',(0.398926299382,0.256193881816));
#8426 = CARTESIAN_POINT('',(0.398928614915,0.306737312959));
#8427 = CARTESIAN_POINT('',(0.398929646458,0.357281167547));
#8428 = CARTESIAN_POINT('',(0.398929560694,0.456992312302));
#8429 = CARTESIAN_POINT('',(0.398928497582,0.506160504355));
#8430 = CARTESIAN_POINT('',(0.398926226112,0.555328397245));
#8431 = CARTESIAN_POINT('',(0.398924815212,0.604497942224));
#8432 = CARTESIAN_POINT('',(0.398924800625,0.683092061845));
#8433 = CARTESIAN_POINT('',(0.398925260271,0.712517094908));
#8434 = CARTESIAN_POINT('',(0.398926376187,0.741941940266));
#8435 = CARTESIAN_POINT('',(0.398927782635,0.771366308654));
#8436 = CARTESIAN_POINT('',(0.39892855697,0.800789821094));
#8437 = ( GEOMETRIC_REPRESENTATION_CONTEXT(2) 
PARAMETRIC_REPRESENTATION_CONTEXT() REPRESENTATION_CONTEXT('2D SPACE',''
  ) );
#8438 = ORIENTED_EDGE('',*,*,#8439,.T.);
#8439 = EDGE_CURVE('',#7898,#6027,#8440,.T.);
#8440 = SEAM_CURVE('',#8441,(#8445,#8452),.PCURVE_S1.);
#8441 = LINE('',#8442,#8443);
#8442 = CARTESIAN_POINT('',(12.414,13.914,9.));
#8443 = VECTOR('',#8444,1.);
#8444 = DIRECTION('',(0.,-1.,2.22044604925E-16));
#8445 = PCURVE('',#6043,#8446);
#8446 = DEFINITIONAL_REPRESENTATION('',(#8447),#8451);
#8447 = LINE('',#8448,#8449);
#8448 = CARTESIAN_POINT('',(-0.,0.));
#8449 = VECTOR('',#8450,1.);
#8450 = DIRECTION('',(-0.,1.));
#8451 = ( GEOMETRIC_REPRESENTATION_CONTEXT(2) 
PARAMETRIC_REPRESENTATION_CONTEXT() REPRESENTATION_CONTEXT('2D SPACE',''
  ) );
#8452 = PCURVE('',#6043,#8453);
#8453 = DEFINITIONAL_REPRESENTATION('',(#8454),#8458);
#8454 = LINE('',#8455,#8456);
#8455 = CARTESIAN_POINT('',(-6.28318530718,0.));
#8456 = VECTOR('',#8457,1.);
#8457 = DIRECTION('',(-0.,1.));
#8458 = ( GEOMETRIC_REPRESENTATION_CONTEXT(2) 
PARAMETRIC_REPRESENTATION_CONTEXT() REPRESENTATION_CONTEXT('2D SPACE',''
  ) );
#8459 = ORIENTED_EDGE('',*,*,#6026,.F.);
#8460 = ORIENTED_EDGE('',*,*,#8439,.F.);
#8461 = ADVANCED_FACE('',(#8462),#6101,.T.);
#8462 = FACE_BOUND('',#8463,.T.);
#8463 = EDGE_LOOP('',(#8464,#8485,#8486,#8487));
#8464 = ORIENTED_EDGE('',*,*,#8465,.F.);
#8465 = EDGE_CURVE('',#6842,#6305,#8466,.T.);
#8466 = SURFACE_CURVE('',#8467,(#8471,#8478),.PCURVE_S1.);
#8467 = LINE('',#8468,#8469);
#8468 = CARTESIAN_POINT('',(16.5,3.5,0.));
#8469 = VECTOR('',#8470,1.);
#8470 = DIRECTION('',(0.,0.,1.));
#8471 = PCURVE('',#6101,#8472);
#8472 = DEFINITIONAL_REPRESENTATION('',(#8473),#8477);
#8473 = LINE('',#8474,#8475);
#8474 = CARTESIAN_POINT('',(3.5,0.));
#8475 = VECTOR('',#8476,1.);
#8476 = DIRECTION('',(0.,-1.));
#8477 = ( GEOMETRIC_REPRESENTATION_CONTEXT(2) 
PARAMETRIC_REPRESENTATION_CONTEXT() REPRESENTATION_CONTEXT('2D SPACE',''
  ) );
#8478 = PCURVE('',#6450,#8479);
#8479 = DEFINITIONAL_REPRESENTATION('',(#8480),#8484);
#8480 = LINE('',#8481,#8482);
#8481 = CARTESIAN_POINT('',(0.,0.));
#8482 = VECTOR('',#8483,1.);
#8483 = DIRECTION('',(0.,1.));
#8484 = ( GEOMETRIC_REPRESENTATION_CONTEXT(2) 
PARAMETRIC_REPRESENTATION_CONTEXT() REPRESENTATION_CONTEXT('2D SPACE',''
  ) );
#8485 = ORIENTED_EDGE('',*,*,#6865,.T.);
#8486 = ORIENTED_EDGE('',*,*,#6085,.T.);
#8487 = ORIENTED_EDGE('',*,*,#6304,.T.);
#8488 = ADVANCED_FACE('',(#8489),#6233,.F.);
#8489 = FACE_BOUND('',#8490,.T.);
#8490 = EDGE_LOOP('',(#8491,#8492,#8493,#8514));
#8491 = ORIENTED_EDGE('',*,*,#7249,.F.);
#8492 = ORIENTED_EDGE('',*,*,#6917,.T.);
#8493 = ORIENTED_EDGE('',*,*,#8494,.T.);
#8494 = EDGE_CURVE('',#6894,#6193,#8495,.T.);
#8495 = SURFACE_CURVE('',#8496,(#8500,#8507),.PCURVE_S1.);
#8496 = LINE('',#8497,#8498);
#8497 = CARTESIAN_POINT('',(2.,4.,0.));
#8498 = VECTOR('',#8499,1.);
#8499 = DIRECTION('',(0.,0.,1.));
#8500 = PCURVE('',#6233,#8501);
#8501 = DEFINITIONAL_REPRESENTATION('',(#8502),#8506);
#8502 = LINE('',#8503,#8504);
#8503 = CARTESIAN_POINT('',(-1.570796326795,0.));
#8504 = VECTOR('',#8505,1.);
#8505 = DIRECTION('',(-0.,1.));
#8506 = ( GEOMETRIC_REPRESENTATION_CONTEXT(2) 
PARAMETRIC_REPRESENTATION_CONTEXT() REPRESENTATION_CONTEXT('2D SPACE',''
  ) );
#8507 = PCURVE('',#6286,#8508);
#8508 = DEFINITIONAL_REPRESENTATION('',(#8509),#8513);
#8509 = LINE('',#8510,#8511);
#8510 = CARTESIAN_POINT('',(0.5,0.));
#8511 = VECTOR('',#8512,1.);
#8512 = DIRECTION('',(0.,-1.));
#8513 = ( GEOMETRIC_REPRESENTATION_CONTEXT(2) 
PARAMETRIC_REPRESENTATION_CONTEXT() REPRESENTATION_CONTEXT('2D SPACE',''
  ) );
#8514 = ORIENTED_EDGE('',*,*,#6218,.T.);
#8515 = ADVANCED_FACE('',(#8516),#6286,.F.);
#8516 = FACE_BOUND('',#8517,.F.);
#8517 = EDGE_LOOP('',(#8518,#8519,#8520,#8541));
#8518 = ORIENTED_EDGE('',*,*,#8494,.T.);
#8519 = ORIENTED_EDGE('',*,*,#6272,.F.);
#8520 = ORIENTED_EDGE('',*,*,#8521,.F.);
#8521 = EDGE_CURVE('',#6995,#6249,#8522,.T.);
#8522 = SURFACE_CURVE('',#8523,(#8527,#8534),.PCURVE_S1.);
#8523 = LINE('',#8524,#8525);
#8524 = CARTESIAN_POINT('',(7.75,4.,0.));
#8525 = VECTOR('',#8526,1.);
#8526 = DIRECTION('',(0.,0.,1.));
#8527 = PCURVE('',#6286,#8528);
#8528 = DEFINITIONAL_REPRESENTATION('',(#8529),#8533);
#8529 = LINE('',#8530,#8531);
#8530 = CARTESIAN_POINT('',(6.25,0.));
#8531 = VECTOR('',#8532,1.);
#8532 = DIRECTION('',(0.,-1.));
#8533 = ( GEOMETRIC_REPRESENTATION_CONTEXT(2) 
PARAMETRIC_REPRESENTATION_CONTEXT() REPRESENTATION_CONTEXT('2D SPACE',''
  ) );
#8534 = PCURVE('',#6394,#8535);
#8535 = DEFINITIONAL_REPRESENTATION('',(#8536),#8540);
#8536 = LINE('',#8537,#8538);
#8537 = CARTESIAN_POINT('',(-0.,0.));
#8538 = VECTOR('',#8539,1.);
#8539 = DIRECTION('',(-0.,1.));
#8540 = ( GEOMETRIC_REPRESENTATION_CONTEXT(2) 
PARAMETRIC_REPRESENTATION_CONTEXT() REPRESENTATION_CONTEXT('2D SPACE',''
  ) );
#8541 = ORIENTED_EDGE('',*,*,#6994,.F.);
#8542 = ADVANCED_FACE('',(#8543),#6394,.F.);
#8543 = FACE_BOUND('',#8544,.T.);
#8544 = EDGE_LOOP('',(#8545,#8546,#8547,#8568));
#8545 = ORIENTED_EDGE('',*,*,#8521,.F.);
#8546 = ORIENTED_EDGE('',*,*,#7119,.T.);
#8547 = ORIENTED_EDGE('',*,*,#8548,.T.);
#8548 = EDGE_CURVE('',#7096,#6354,#8549,.T.);
#8549 = SURFACE_CURVE('',#8550,(#8554,#8561),.PCURVE_S1.);
#8550 = LINE('',#8551,#8552);
#8551 = CARTESIAN_POINT('',(8.25,3.5,0.));
#8552 = VECTOR('',#8553,1.);
#8553 = DIRECTION('',(0.,0.,1.));
#8554 = PCURVE('',#6394,#8555);
#8555 = DEFINITIONAL_REPRESENTATION('',(#8556),#8560);
#8556 = LINE('',#8557,#8558);
#8557 = CARTESIAN_POINT('',(-1.570796326795,0.));
#8558 = VECTOR('',#8559,1.);
#8559 = DIRECTION('',(-0.,1.));
#8560 = ( GEOMETRIC_REPRESENTATION_CONTEXT(2) 
PARAMETRIC_REPRESENTATION_CONTEXT() REPRESENTATION_CONTEXT('2D SPACE',''
  ) );
#8561 = PCURVE('',#6507,#8562);
#8562 = DEFINITIONAL_REPRESENTATION('',(#8563),#8567);
#8563 = LINE('',#8564,#8565);
#8564 = CARTESIAN_POINT('',(0.5,0.));
#8565 = VECTOR('',#8566,1.);
#8566 = DIRECTION('',(0.,-1.));
#8567 = ( GEOMETRIC_REPRESENTATION_CONTEXT(2) 
PARAMETRIC_REPRESENTATION_CONTEXT() REPRESENTATION_CONTEXT('2D SPACE',''
  ) );
#8568 = ORIENTED_EDGE('',*,*,#6379,.T.);
#8569 = ADVANCED_FACE('',(#8570),#6450,.F.);
#8570 = FACE_BOUND('',#8571,.F.);
#8571 = EDGE_LOOP('',(#8572,#8573,#8574,#8595));
#8572 = ORIENTED_EDGE('',*,*,#8465,.F.);
#8573 = ORIENTED_EDGE('',*,*,#6968,.F.);
#8574 = ORIENTED_EDGE('',*,*,#8575,.T.);
#8575 = EDGE_CURVE('',#6943,#6412,#8576,.T.);
#8576 = SURFACE_CURVE('',#8577,(#8581,#8588),.PCURVE_S1.);
#8577 = LINE('',#8578,#8579);
#8578 = CARTESIAN_POINT('',(16.,4.,0.));
#8579 = VECTOR('',#8580,1.);
#8580 = DIRECTION('',(0.,0.,1.));
#8581 = PCURVE('',#6450,#8582);
#8582 = DEFINITIONAL_REPRESENTATION('',(#8583),#8587);
#8583 = LINE('',#8584,#8585);
#8584 = CARTESIAN_POINT('',(1.570796326795,0.));
#8585 = VECTOR('',#8586,1.);
#8586 = DIRECTION('',(0.,1.));
#8587 = ( GEOMETRIC_REPRESENTATION_CONTEXT(2) 
PARAMETRIC_REPRESENTATION_CONTEXT() REPRESENTATION_CONTEXT('2D SPACE',''
  ) );
#8588 = PCURVE('',#6541,#8589);
#8589 = DEFINITIONAL_REPRESENTATION('',(#8590),#8594);
#8590 = LINE('',#8591,#8592);
#8591 = CARTESIAN_POINT('',(6.25,0.));
#8592 = VECTOR('',#8593,1.);
#8593 = DIRECTION('',(0.,-1.));
#8594 = ( GEOMETRIC_REPRESENTATION_CONTEXT(2) 
PARAMETRIC_REPRESENTATION_CONTEXT() REPRESENTATION_CONTEXT('2D SPACE',''
  ) );
#8595 = ORIENTED_EDGE('',*,*,#6435,.F.);
#8596 = ADVANCED_FACE('',(#8597),#6507,.F.);
#8597 = FACE_BOUND('',#8598,.F.);
#8598 = EDGE_LOOP('',(#8599,#8600,#8601,#8602));
#8599 = ORIENTED_EDGE('',*,*,#8548,.T.);
#8600 = ORIENTED_EDGE('',*,*,#6493,.F.);
#8601 = ORIENTED_EDGE('',*,*,#6604,.F.);
#8602 = ORIENTED_EDGE('',*,*,#7196,.F.);
#8603 = ADVANCED_FACE('',(#8604),#6541,.F.);
#8604 = FACE_BOUND('',#8605,.F.);
#8605 = EDGE_LOOP('',(#8606,#8627,#8628,#8629));
#8606 = ORIENTED_EDGE('',*,*,#8607,.T.);
#8607 = EDGE_CURVE('',#7044,#6526,#8608,.T.);
#8608 = SURFACE_CURVE('',#8609,(#8613,#8620),.PCURVE_S1.);
#8609 = LINE('',#8610,#8611);
#8610 = CARTESIAN_POINT('',(10.25,4.,0.));
#8611 = VECTOR('',#8612,1.);
#8612 = DIRECTION('',(0.,0.,1.));
#8613 = PCURVE('',#6541,#8614);
#8614 = DEFINITIONAL_REPRESENTATION('',(#8615),#8619);
#8615 = LINE('',#8616,#8617);
#8616 = CARTESIAN_POINT('',(0.5,0.));
#8617 = VECTOR('',#8618,1.);
#8618 = DIRECTION('',(0.,-1.));
#8619 = ( GEOMETRIC_REPRESENTATION_CONTEXT(2) 
PARAMETRIC_REPRESENTATION_CONTEXT() REPRESENTATION_CONTEXT('2D SPACE',''
  ) );
#8620 = PCURVE('',#6749,#8621);
#8621 = DEFINITIONAL_REPRESENTATION('',(#8622),#8626);
#8622 = LINE('',#8623,#8624);
#8623 = CARTESIAN_POINT('',(0.,0.));
#8624 = VECTOR('',#8625,1.);
#8625 = DIRECTION('',(0.,1.));
#8626 = ( GEOMETRIC_REPRESENTATION_CONTEXT(2) 
PARAMETRIC_REPRESENTATION_CONTEXT() REPRESENTATION_CONTEXT('2D SPACE',''
  ) );
#8627 = ORIENTED_EDGE('',*,*,#6525,.F.);
#8628 = ORIENTED_EDGE('',*,*,#8575,.F.);
#8629 = ORIENTED_EDGE('',*,*,#7067,.F.);
#8630 = ADVANCED_FACE('',(#8631),#6667,.F.);
#8631 = FACE_BOUND('',#8632,.F.);
#8632 = EDGE_LOOP('',(#8633,#8654,#8655,#8656));
#8633 = ORIENTED_EDGE('',*,*,#8634,.F.);
#8634 = EDGE_CURVE('',#7145,#6711,#8635,.T.);
#8635 = SURFACE_CURVE('',#8636,(#8640,#8647),.PCURVE_S1.);
#8636 = LINE('',#8637,#8638);
#8637 = CARTESIAN_POINT('',(9.75,3.5,0.));
#8638 = VECTOR('',#8639,1.);
#8639 = DIRECTION('',(0.,0.,1.));
#8640 = PCURVE('',#6667,#8641);
#8641 = DEFINITIONAL_REPRESENTATION('',(#8642),#8646);
#8642 = LINE('',#8643,#8644);
#8643 = CARTESIAN_POINT('',(3.5,0.));
#8644 = VECTOR('',#8645,1.);
#8645 = DIRECTION('',(0.,-1.));
#8646 = ( GEOMETRIC_REPRESENTATION_CONTEXT(2) 
PARAMETRIC_REPRESENTATION_CONTEXT() REPRESENTATION_CONTEXT('2D SPACE',''
  ) );
#8647 = PCURVE('',#6749,#8648);
#8648 = DEFINITIONAL_REPRESENTATION('',(#8649),#8653);
#8649 = LINE('',#8650,#8651);
#8650 = CARTESIAN_POINT('',(1.570796326795,0.));
#8651 = VECTOR('',#8652,1.);
#8652 = DIRECTION('',(0.,1.));
#8653 = ( GEOMETRIC_REPRESENTATION_CONTEXT(2) 
PARAMETRIC_REPRESENTATION_CONTEXT() REPRESENTATION_CONTEXT('2D SPACE',''
  ) );
#8654 = ORIENTED_EDGE('',*,*,#7223,.F.);
#8655 = ORIENTED_EDGE('',*,*,#6651,.T.);
#8656 = ORIENTED_EDGE('',*,*,#6765,.F.);
#8657 = ADVANCED_FACE('',(#8658),#6749,.F.);
#8658 = FACE_BOUND('',#8659,.F.);
#8659 = EDGE_LOOP('',(#8660,#8661,#8662,#8663));
#8660 = ORIENTED_EDGE('',*,*,#8607,.F.);
#8661 = ORIENTED_EDGE('',*,*,#7170,.F.);
#8662 = ORIENTED_EDGE('',*,*,#8634,.T.);
#8663 = ORIENTED_EDGE('',*,*,#6734,.F.);
#8664 = ADVANCED_FACE('',(#8665),#7802,.F.);
#8665 = FACE_BOUND('',#8666,.F.);
#8666 = EDGE_LOOP('',(#8667,#8708,#8709));
#8667 = ORIENTED_EDGE('',*,*,#8668,.F.);
#8668 = EDGE_CURVE('',#7652,#8669,#8671,.T.);
#8669 = VERTEX_POINT('',#8670);
#8670 = CARTESIAN_POINT('',(13.014005033912,14.203124899751,
    8.999999995014));
#8671 = SURFACE_CURVE('',#8672,(#8694,#8701),.PCURVE_S1.);
#8672 = B_SPLINE_CURVE_WITH_KNOTS('',11,(#8673,#8674,#8675,#8676,#8677,
    #8678,#8679,#8680,#8681,#8682,#8683,#8684,#8685,#8686,#8687,#8688,
    #8689,#8690,#8691,#8692,#8693),.UNSPECIFIED.,.F.,.F.,(12,9,12),(0.,
    3.203159284377,6.406318568754),.UNSPECIFIED.);
#8673 = CARTESIAN_POINT('',(13.014002516956,15.45312494988,
    8.999999997507));
#8674 = CARTESIAN_POINT('',(13.014004094494,15.39630673666,
    10.146395933208));
#8675 = CARTESIAN_POINT('',(12.653944275792,15.339488281313,
    11.292783231307));
#8676 = CARTESIAN_POINT('',(11.933377312288,15.282670893643,
    12.313517290364));
#8677 = CARTESIAN_POINT('',(10.902538366706,15.225852093756,
    13.082641227034));
#8678 = CARTESIAN_POINT('',(9.659377498896,15.169033633132,
    13.497058078776));
#8679 = CARTESIAN_POINT('',(8.340652294173,15.112216090884,
    13.496936040231));
#8680 = CARTESIAN_POINT('',(7.097527425662,15.055397626897,
    13.082737766265));
#8681 = CARTESIAN_POINT('',(6.066435505876,14.998579486241,
    12.313470716919));
#8682 = CARTESIAN_POINT('',(5.346145723616,14.941761279889,
    11.292792354462));
#8683 = CARTESIAN_POINT('',(4.625854899898,14.828124924817,
    8.999999916954));
#8684 = CARTESIAN_POINT('',(5.346146599826,14.714488569744,
    6.707207754712));
#8685 = CARTESIAN_POINT('',(6.066439552206,14.657670363427,5.6865251187)
  );
#8686 = CARTESIAN_POINT('',(7.097503227727,14.600852222574,4.91728714655
    ));
#8687 = CARTESIAN_POINT('',(8.340684404863,14.544033759113,
    4.502982089807));
#8688 = CARTESIAN_POINT('',(9.659372872444,14.487216216017,
    4.503068345932));
#8689 = CARTESIAN_POINT('',(10.902496196812,14.43039775628,4.91727253364
    ));
#8690 = CARTESIAN_POINT('',(11.933436567319,14.373578955789,
    5.68650236545));
#8691 = CARTESIAN_POINT('',(12.653916390973,14.316761568364,
    6.707217752424));
#8692 = CARTESIAN_POINT('',(13.014003455662,14.259943112977,
    7.853604059313));
#8693 = CARTESIAN_POINT('',(13.014005033912,14.203124899751,
    8.999999995014));
#8694 = PCURVE('',#7802,#8695);
#8695 = DEFINITIONAL_REPRESENTATION('',(#8696),#8700);
#8696 = LINE('',#8697,#8698);
#8697 = CARTESIAN_POINT('',(0.,0.));
#8698 = VECTOR('',#8699,1.);
#8699 = DIRECTION('',(0.,1.));
#8700 = ( GEOMETRIC_REPRESENTATION_CONTEXT(2) 
PARAMETRIC_REPRESENTATION_CONTEXT() REPRESENTATION_CONTEXT('2D SPACE',''
  ) );
#8701 = PCURVE('',#7689,#8702);
#8702 = DEFINITIONAL_REPRESENTATION('',(#8703),#8707);
#8703 = LINE('',#8704,#8705);
#8704 = CARTESIAN_POINT('',(0.15625,0.));
#8705 = VECTOR('',#8706,1.);
#8706 = DIRECTION('',(0.,1.));
#8707 = ( GEOMETRIC_REPRESENTATION_CONTEXT(2) 
PARAMETRIC_REPRESENTATION_CONTEXT() REPRESENTATION_CONTEXT('2D SPACE',''
  ) );
#8708 = ORIENTED_EDGE('',*,*,#7750,.F.);
#8709 = ORIENTED_EDGE('',*,*,#8710,.F.);
#8710 = EDGE_CURVE('',#8669,#7278,#8711,.T.);
#8711 = SURFACE_CURVE('',#8712,(#8715,#8722),.PCURVE_S1.);
#8712 = B_SPLINE_CURVE_WITH_KNOTS('',1,(#8713,#8714),.UNSPECIFIED.,.F.,
  .F.,(2,2),(0.,1.09175),.PIECEWISE_BEZIER_KNOTS.);
#8713 = CARTESIAN_POINT('',(13.014005033912,14.203124899751,
    8.999999995014));
#8714 = CARTESIAN_POINT('',(12.068525707461,14.749006668775,
    9.000000331678));
#8715 = PCURVE('',#7802,#8716);
#8716 = DEFINITIONAL_REPRESENTATION('',(#8717),#8721);
#8717 = LINE('',#8718,#8719);
#8718 = CARTESIAN_POINT('',(0.,6.406318568754));
#8719 = VECTOR('',#8720,1.);
#8720 = DIRECTION('',(1.,0.));
#8721 = ( GEOMETRIC_REPRESENTATION_CONTEXT(2) 
PARAMETRIC_REPRESENTATION_CONTEXT() REPRESENTATION_CONTEXT('2D SPACE',''
  ) );
#8722 = PCURVE('',#7394,#8723);
#8723 = DEFINITIONAL_REPRESENTATION('',(#8724),#8728);
#8724 = LINE('',#8725,#8726);
#8725 = CARTESIAN_POINT('',(0.,0.));
#8726 = VECTOR('',#8727,1.);
#8727 = DIRECTION('',(1.,0.));
#8728 = ( GEOMETRIC_REPRESENTATION_CONTEXT(2) 
PARAMETRIC_REPRESENTATION_CONTEXT() REPRESENTATION_CONTEXT('2D SPACE',''
  ) );
#8729 = ADVANCED_FACE('',(#8730),#7689,.F.);
#8730 = FACE_BOUND('',#8731,.F.);
#8731 = EDGE_LOOP('',(#8732,#8783,#8784,#8785));
#8732 = ORIENTED_EDGE('',*,*,#8733,.F.);
#8733 = EDGE_CURVE('',#7533,#8734,#8736,.T.);
#8734 = VERTEX_POINT('',#8735);
#8735 = CARTESIAN_POINT('',(13.014003915265,14.046874899755,
    8.999999995014));
#8736 = SURFACE_CURVE('',#8737,(#8769,#8776),.PCURVE_S1.);
#8737 = B_SPLINE_CURVE_WITH_KNOTS('',9,(#8738,#8739,#8740,#8741,#8742,
    #8743,#8744,#8745,#8746,#8747,#8748,#8749,#8750,#8751,#8752,#8753,
    #8754,#8755,#8756,#8757,#8758,#8759,#8760,#8761,#8762,#8763,#8764,
    #8765,#8766,#8767,#8768),.UNSPECIFIED.,.F.,.F.,(10,7,7,7,10),(0.,
    1.601579642188,3.203159284377,4.804738926565,6.406318568754),
  .UNSPECIFIED.);
#8738 = CARTESIAN_POINT('',(13.014001957633,15.296874949881,
    8.999999997507));
#8739 = CARTESIAN_POINT('',(13.014002707547,15.26215270847,
    9.700575145148));
#8740 = CARTESIAN_POINT('',(12.876479013901,15.227430374583,
    10.40114695158));
#8741 = CARTESIAN_POINT('',(12.601325964185,15.192708266725,
    11.070864751608));
#8742 = CARTESIAN_POINT('',(12.19672193496,15.157986100841,
    11.678830166004));
#8743 = CARTESIAN_POINT('',(11.678819658489,15.123263849659,
    12.196737765391));
#8744 = CARTESIAN_POINT('',(11.070855609368,15.088541598651,
    12.601328819519));
#8745 = CARTESIAN_POINT('',(10.401154047508,15.05381935647,
    12.876444841864));
#8746 = CARTESIAN_POINT('',(9.00000745383,14.984374902335,
    13.151561127913));
#8747 = CARTESIAN_POINT('',(7.598849622929,14.914930481975,
    12.876445900943));
#8748 = CARTESIAN_POINT('',(6.929137291054,14.880208274846,
    12.601330728897));
#8749 = CARTESIAN_POINT('',(6.321159701763,14.845486053622,
    12.196736716004));
#8750 = CARTESIAN_POINT('',(5.803256831146,14.81076381964,
    11.678832341312));
#8751 = CARTESIAN_POINT('',(5.398667496667,14.776041586939,
    11.070857725695));
#8752 = CARTESIAN_POINT('',(5.123556756017,14.74131936403,
    10.401150567245));
#8753 = CARTESIAN_POINT('',(4.848445775628,14.671874924819,
    8.999999969349));
#8754 = CARTESIAN_POINT('',(5.123557171907,14.602430485608,
    7.598849453111));
#8755 = CARTESIAN_POINT('',(5.398667908602,14.567708262699,
    6.929142424115));
#8756 = CARTESIAN_POINT('',(5.803256242015,14.532986029998,
    6.321167594172));
#8757 = CARTESIAN_POINT('',(6.321158617984,14.498263796015,
    5.803262382447));
#8758 = CARTESIAN_POINT('',(6.929136768231,14.463541574792,
    5.398668048317));
#8759 = CARTESIAN_POINT('',(7.598849527808,14.428819367664,
    5.123554026096));
#8760 = CARTESIAN_POINT('',(9.000007466248,14.359374947302,
    4.848440590672));
#8761 = CARTESIAN_POINT('',(10.401153952386,14.289930493168,
    5.123556180567));
#8762 = CARTESIAN_POINT('',(11.070855926526,14.255208251007,
    5.398670675009));
#8763 = CARTESIAN_POINT('',(11.67881979625,14.22048599992,5.803259951102
    ));
#8764 = CARTESIAN_POINT('',(12.196727127965,14.185763748871,
    6.32116469821));
#8765 = CARTESIAN_POINT('',(12.601327078251,14.151041582863,
    6.929139363903));
#8766 = CARTESIAN_POINT('',(12.876470814582,14.116319475069,
    7.598853335455));
#8767 = CARTESIAN_POINT('',(13.014003164916,14.081597141169,
    8.299424847374));
#8768 = CARTESIAN_POINT('',(13.014003915265,14.046874899755,
    8.999999995014));
#8769 = PCURVE('',#7689,#8770);
#8770 = DEFINITIONAL_REPRESENTATION('',(#8771),#8775);
#8771 = LINE('',#8772,#8773);
#8772 = CARTESIAN_POINT('',(0.,0.));
#8773 = VECTOR('',#8774,1.);
#8774 = DIRECTION('',(0.,1.));
#8775 = ( GEOMETRIC_REPRESENTATION_CONTEXT(2) 
PARAMETRIC_REPRESENTATION_CONTEXT() REPRESENTATION_CONTEXT('2D SPACE',''
  ) );
#8776 = PCURVE('',#7570,#8777);
#8777 = DEFINITIONAL_REPRESENTATION('',(#8778),#8782);
#8778 = LINE('',#8779,#8780);
#8779 = CARTESIAN_POINT('',(1.09175,0.));
#8780 = VECTOR('',#8781,1.);
#8781 = DIRECTION('',(0.,1.));
#8782 = ( GEOMETRIC_REPRESENTATION_CONTEXT(2) 
PARAMETRIC_REPRESENTATION_CONTEXT() REPRESENTATION_CONTEXT('2D SPACE',''
  ) );
#8783 = ORIENTED_EDGE('',*,*,#7651,.F.);
#8784 = ORIENTED_EDGE('',*,*,#8668,.T.);
#8785 = ORIENTED_EDGE('',*,*,#8786,.F.);
#8786 = EDGE_CURVE('',#8734,#8669,#8787,.T.);
#8787 = SURFACE_CURVE('',#8788,(#8791,#8798),.PCURVE_S1.);
#8788 = B_SPLINE_CURVE_WITH_KNOTS('',1,(#8789,#8790),.UNSPECIFIED.,.F.,
  .F.,(2,2),(0.,0.15625),.PIECEWISE_BEZIER_KNOTS.);
#8789 = CARTESIAN_POINT('',(13.014003915265,14.046874899755,
    8.999999995014));
#8790 = CARTESIAN_POINT('',(13.014005033912,14.203124899751,
    8.999999995014));
#8791 = PCURVE('',#7689,#8792);
#8792 = DEFINITIONAL_REPRESENTATION('',(#8793),#8797);
#8793 = LINE('',#8794,#8795);
#8794 = CARTESIAN_POINT('',(0.,6.406318568754));
#8795 = VECTOR('',#8796,1.);
#8796 = DIRECTION('',(1.,0.));
#8797 = ( GEOMETRIC_REPRESENTATION_CONTEXT(2) 
PARAMETRIC_REPRESENTATION_CONTEXT() REPRESENTATION_CONTEXT('2D SPACE',''
  ) );
#8798 = PCURVE('',#8799,#8842);
#8799 = B_SPLINE_SURFACE_WITH_KNOTS('',1,11,(
    (#8800,#8801,#8802,#8803,#8804,#8805,#8806,#8807,#8808,#8809,#8810
      ,#8811,#8812,#8813,#8814,#8815,#8816,#8817,#8818,#8819,#8820)
    ,(#8821,#8822,#8823,#8824,#8825,#8826,#8827,#8828,#8829,#8830,#8831
      ,#8832,#8833,#8834,#8835,#8836,#8837,#8838,#8839,#8840,#8841
  )),.UNSPECIFIED.,.F.,.F.,.F.,(2,2),(12,9,12),(0.,0.15625),(0.,
    3.203159284377,6.406318568754),.UNSPECIFIED.);
#8800 = CARTESIAN_POINT('',(13.014003915265,14.046874899755,
    8.999999995014));
#8801 = CARTESIAN_POINT('',(13.014005143109,13.990056686532,
    10.146396250131));
#8802 = CARTESIAN_POINT('',(12.653942197698,13.933238231159,
    11.292783758113));
#8803 = CARTESIAN_POINT('',(11.933384716252,13.876420843579,
    12.31351602727));
#8804 = CARTESIAN_POINT('',(10.902534215139,13.819602043576,
    13.082651945287));
#8805 = CARTESIAN_POINT('',(9.659377171896,13.762783583028,
    13.497045284582));
#8806 = CARTESIAN_POINT('',(8.340655682256,13.705966040737,
    13.496946390388));
#8807 = CARTESIAN_POINT('',(7.097524210128,13.649147576786,
    13.082736137712));
#8808 = CARTESIAN_POINT('',(6.066435140672,13.592329436111,
    12.313472105442));
#8809 = CARTESIAN_POINT('',(5.346144804591,13.535511229762,
    11.292792984318));
#8810 = CARTESIAN_POINT('',(4.625853680885,13.42187487469,8.999999939031
    ));
#8811 = CARTESIAN_POINT('',(5.34614548229,13.308238519618,6.707207106647
    ));
#8812 = CARTESIAN_POINT('',(6.066438282329,13.251420313294,
    5.686524660454));
#8813 = CARTESIAN_POINT('',(7.097505382753,13.194602172468,
    4.917283242072));
#8814 = CARTESIAN_POINT('',(8.340680649784,13.137783708924,4.50298993407
    ));
#8815 = CARTESIAN_POINT('',(9.659373566101,13.080966165975,
    4.503053044649));
#8816 = CARTESIAN_POINT('',(10.902501409572,13.024147706116,
    4.917280976534));
#8817 = CARTESIAN_POINT('',(11.933430798006,12.967328905643,
    5.686499255727));
#8818 = CARTESIAN_POINT('',(12.653920505709,12.910511518254,
    6.707217000958));
#8819 = CARTESIAN_POINT('',(13.014004644341,12.85369306285,
    7.853603737404));
#8820 = CARTESIAN_POINT('',(13.014005872897,12.796874849622,
    8.999999992521));
#8821 = CARTESIAN_POINT('',(13.014005033912,14.203124899751,
    8.999999995014));
#8822 = CARTESIAN_POINT('',(13.014006612162,14.146306686525,
    10.146396649401));
#8823 = CARTESIAN_POINT('',(12.653946568438,14.08948823113,
    11.292784667094));
#8824 = CARTESIAN_POINT('',(11.93337915333,14.032670843603,
    12.313519365999));
#8825 = CARTESIAN_POINT('',(10.902539563086,13.975852043604,
    13.082643785632));
#8826 = CARTESIAN_POINT('',(9.659377914173,13.919033582931,
    13.497060898841));
#8827 = CARTESIAN_POINT('',(8.340651884101,13.862216040796,
    13.496938859773));
#8828 = CARTESIAN_POINT('',(7.097526235123,13.805397576759,
    13.082740327863));
#8829 = CARTESIAN_POINT('',(6.066433668469,13.74857943611,
    12.313472796357));
#8830 = CARTESIAN_POINT('',(5.346143433908,13.691761229755,
    11.292793794392));
#8831 = CARTESIAN_POINT('',(4.625852157118,13.578124874683,
    8.999999919671));
#8832 = CARTESIAN_POINT('',(5.34614430727,13.464488519612,6.707206319321
    ));
#8833 = CARTESIAN_POINT('',(6.066437710682,13.407670313291,
    5.686523042907));
#8834 = CARTESIAN_POINT('',(7.097502032119,13.350852172445,
    4.917284587315));
#8835 = CARTESIAN_POINT('',(8.3406839892,13.294033708933,4.502979271086)
  );
#8836 = CARTESIAN_POINT('',(9.659373282138,13.237216165953,
    4.503065525044));
#8837 = CARTESIAN_POINT('',(10.902497388121,13.180397706165,
    4.917269972681));
#8838 = CARTESIAN_POINT('',(11.933438404241,13.123578905563,
    5.686500286171));
#8839 = CARTESIAN_POINT('',(12.653918680772,13.066761518281,
    6.707216312097));
#8840 = CARTESIAN_POINT('',(13.014005971906,13.009943062845,
    7.853603338134));
#8841 = CARTESIAN_POINT('',(13.014007550868,12.953124849613,
    8.99999999252));
#8842 = DEFINITIONAL_REPRESENTATION('',(#8843),#8847);
#8843 = LINE('',#8844,#8845);
#8844 = CARTESIAN_POINT('',(0.,0.));
#8845 = VECTOR('',#8846,1.);
#8846 = DIRECTION('',(1.,0.));
#8847 = ( GEOMETRIC_REPRESENTATION_CONTEXT(2) 
PARAMETRIC_REPRESENTATION_CONTEXT() REPRESENTATION_CONTEXT('2D SPACE',''
  ) );
#8848 = ADVANCED_FACE('',(#8849),#7570,.F.);
#8849 = FACE_BOUND('',#8850,.F.);
#8850 = EDGE_LOOP('',(#8851,#8936,#8999,#9000));
#8851 = ORIENTED_EDGE('',*,*,#8852,.F.);
#8852 = EDGE_CURVE('',#8853,#8734,#8855,.T.);
#8853 = VERTEX_POINT('',#8854);
#8854 = CARTESIAN_POINT('',(12.414,13.70046820525,9.000000104331));
#8855 = SURFACE_CURVE('',#8856,(#8859,#8866),.PCURVE_S1.);
#8856 = B_SPLINE_CURVE_WITH_KNOTS('',1,(#8857,#8858),.UNSPECIFIED.,.F.,
  .F.,(2,2),(0.,1.09175),.PIECEWISE_BEZIER_KNOTS.);
#8857 = CARTESIAN_POINT('',(12.068516772602,13.501006668807,
    9.000000331679));
#8858 = CARTESIAN_POINT('',(13.014003915265,14.046874899755,
    8.999999995014));
#8859 = PCURVE('',#7570,#8860);
#8860 = DEFINITIONAL_REPRESENTATION('',(#8861),#8865);
#8861 = LINE('',#8862,#8863);
#8862 = CARTESIAN_POINT('',(0.,6.406318568754));
#8863 = VECTOR('',#8864,1.);
#8864 = DIRECTION('',(1.,0.));
#8865 = ( GEOMETRIC_REPRESENTATION_CONTEXT(2) 
PARAMETRIC_REPRESENTATION_CONTEXT() REPRESENTATION_CONTEXT('2D SPACE',''
  ) );
#8866 = PCURVE('',#8867,#8930);
#8867 = B_SPLINE_SURFACE_WITH_KNOTS('',1,9,(
    (#8868,#8869,#8870,#8871,#8872,#8873,#8874,#8875,#8876,#8877,#8878
      ,#8879,#8880,#8881,#8882,#8883,#8884,#8885,#8886,#8887,#8888,#8889
      ,#8890,#8891,#8892,#8893,#8894,#8895,#8896,#8897,#8898)
    ,(#8899,#8900,#8901,#8902,#8903,#8904,#8905,#8906,#8907,#8908,#8909
      ,#8910,#8911,#8912,#8913,#8914,#8915,#8916,#8917,#8918,#8919,#8920
      ,#8921,#8922,#8923,#8924,#8925,#8926,#8927,#8928,#8929
  )),.UNSPECIFIED.,.F.,.F.,.F.,(2,2),(10,7,7,7,10),(0.,1.09175),(0.,
    1.601579642188,3.203159284377,4.804738926565,6.406318568754),
  .UNSPECIFIED.);
#8868 = CARTESIAN_POINT('',(12.068516772602,13.501006668807,
    9.000000331679));
#8869 = CARTESIAN_POINT('',(12.068516716105,13.466285723161,
    9.535592571203));
#8870 = CARTESIAN_POINT('',(11.963375982456,13.431570929334,
    10.071083021112));
#8871 = CARTESIAN_POINT('',(11.753069850396,13.396841097436,
    10.583052315618));
#8872 = CARTESIAN_POINT('',(11.443743987564,13.36211513167,
    11.047861242514));
#8873 = CARTESIAN_POINT('',(11.047821859626,13.327394831422,
    11.443754134035));
#8874 = CARTESIAN_POINT('',(10.583068385646,13.292674526701,
    11.753048993003));
#8875 = CARTESIAN_POINT('',(10.071115750747,13.257953631485,
    11.963359716485));
#8876 = CARTESIAN_POINT('',(9.000007297193,13.188509831634,
    12.173672911586));
#8877 = CARTESIAN_POINT('',(7.928884135571,13.119063785129,
    11.963360621528));
#8878 = CARTESIAN_POINT('',(7.416917288605,13.084340558863,
    11.753047409418));
#8879 = CARTESIAN_POINT('',(6.952149353053,13.049618270194,
    11.443752580038));
#8880 = CARTESIAN_POINT('',(6.556241322177,13.014896830274,
    11.047841839489));
#8881 = CARTESIAN_POINT('',(6.24695303198,12.980175305104,
    10.583078604963));
#8882 = CARTESIAN_POINT('',(6.036642638583,12.945453128557,
    10.071118102726));
#8883 = CARTESIAN_POINT('',(5.826332279988,12.876008336009,8.99999957113
    ));
#8884 = CARTESIAN_POINT('',(6.036642928796,12.806563543461,
    7.928881096515));
#8885 = CARTESIAN_POINT('',(6.246953460532,12.771841366913,
    7.416920651348));
#8886 = CARTESIAN_POINT('',(6.556241874483,12.737119841745,
    6.952157500008));
#8887 = CARTESIAN_POINT('',(6.952150011439,12.702398401823,
    6.556246864907));
#8888 = CARTESIAN_POINT('',(7.416918031604,12.667676113155,
    6.246952160533));
#8889 = CARTESIAN_POINT('',(7.928884936192,12.632952886889,6.03663908889
    ));
#8890 = CARTESIAN_POINT('',(9.000008154844,12.563506840384,
    5.826327091582));
#8891 = CARTESIAN_POINT('',(10.071116551367,12.494063040532,
    6.036640574851));
#8892 = CARTESIAN_POINT('',(10.583069130191,12.459342145316,
    6.246951433865));
#8893 = CARTESIAN_POINT('',(11.047822520265,12.424621840596,
    6.556246415153));
#8894 = CARTESIAN_POINT('',(11.443744550514,12.389901540348,
    6.952139408397));
#8895 = CARTESIAN_POINT('',(11.753070280271,12.355175574583,
    7.416948435909));
#8896 = CARTESIAN_POINT('',(11.963376256811,12.320445742683,
    7.928917780225));
#8897 = CARTESIAN_POINT('',(12.068516861642,12.285730948857,
    8.464408257995));
#8898 = CARTESIAN_POINT('',(12.068516776211,12.251010003211,
    9.000000497519));
#8899 = CARTESIAN_POINT('',(13.014003915265,14.046874899755,
    8.999999995014));
#8900 = CARTESIAN_POINT('',(13.014004665614,14.012152658341,
    9.700575484252));
#8901 = CARTESIAN_POINT('',(12.876480905345,13.977430324439,
    10.401147632571));
#8902 = CARTESIAN_POINT('',(12.60132772179,13.942708216596,
    11.070865759384));
#8903 = CARTESIAN_POINT('',(12.196723495673,13.907986050721,
    11.678831470448));
#8904 = CARTESIAN_POINT('',(11.678820966957,13.873263799535,
    12.196739322785));
#8905 = CARTESIAN_POINT('',(11.07085662157,13.838541548523,12.6013305746
    ));
#8906 = CARTESIAN_POINT('',(10.40115473326,13.803819306338,
    12.876446731539));
#8907 = CARTESIAN_POINT('',(9.000007456408,13.734374852202,
    13.151563152632));
#8908 = CARTESIAN_POINT('',(7.598848941999,13.664930431846,
    12.876447792359));
#8909 = CARTESIAN_POINT('',(6.929136283339,13.630208224719,
    12.601332486558));
#8910 = CARTESIAN_POINT('',(6.321158397281,13.595486003495,
    12.196738276724));
#8911 = CARTESIAN_POINT('',(5.803255273751,13.560763769512,
    11.678833649765));
#8912 = CARTESIAN_POINT('',(5.398665741575,13.526041536809,
    11.07085873788));
#8913 = CARTESIAN_POINT('',(5.12355486634,13.4913193139,10.401151252985)
  );
#8914 = CARTESIAN_POINT('',(4.848443750911,13.42187487469,8.999999971927
    ));
#8915 = CARTESIAN_POINT('',(5.12355528049,13.352430435479,7.598848772187
    ));
#8916 = CARTESIAN_POINT('',(5.398666150938,13.31770821257,6.929141416404
    ));
#8917 = CARTESIAN_POINT('',(5.803254681293,13.282985979868,
    6.321166289691));
#8918 = CARTESIAN_POINT('',(6.32115730953,13.248263745883,5.803260825054
    ));
#8919 = CARTESIAN_POINT('',(6.929135756043,13.21354152466,5.398666293229
    ));
#8920 = CARTESIAN_POINT('',(7.598848842062,13.178819317534,
    5.123552136421));
#8921 = CARTESIAN_POINT('',(9.000007463668,13.109374897176,
    4.848438565953));
#8922 = CARTESIAN_POINT('',(10.401154633323,13.03993044304,
    5.123554289152));
#8923 = CARTESIAN_POINT('',(11.070856934254,13.005208200877,
    5.398668917356));
#8924 = CARTESIAN_POINT('',(11.678821100746,12.970485949785,
    5.80325839038));
#8925 = CARTESIAN_POINT('',(12.19672868535,12.935763698732,
    6.321163389797));
#8926 = CARTESIAN_POINT('',(12.601328833282,12.901041532732,
    6.929138351652));
#8927 = CARTESIAN_POINT('',(12.876472704286,12.866319424954,
    7.598852649648));
#8928 = CARTESIAN_POINT('',(13.014005122113,12.831597091039,
    8.299424503283));
#8929 = CARTESIAN_POINT('',(13.014005872897,12.796874849622,
    8.999999992521));
#8930 = DEFINITIONAL_REPRESENTATION('',(#8931),#8935);
#8931 = LINE('',#8932,#8933);
#8932 = CARTESIAN_POINT('',(0.,0.));
#8933 = VECTOR('',#8934,1.);
#8934 = DIRECTION('',(1.,0.));
#8935 = ( GEOMETRIC_REPRESENTATION_CONTEXT(2) 
PARAMETRIC_REPRESENTATION_CONTEXT() REPRESENTATION_CONTEXT('2D SPACE',''
  ) );
#8936 = ORIENTED_EDGE('',*,*,#8937,.F.);
#8937 = EDGE_CURVE('',#7504,#8853,#8938,.T.);
#8938 = SURFACE_CURVE('',#8939,(#8957,#8978),.PCURVE_S1.);
#8939 = B_SPLINE_CURVE_WITH_KNOTS('',6,(#8940,#8941,#8942,#8943,#8944,
    #8945,#8946,#8947,#8948,#8949,#8950,#8951,#8952,#8953,#8954,#8955,
    #8956),.UNSPECIFIED.,.F.,.F.,(7,5,5,7),(0.,0.228520326732,
    0.737212102342,1.),.UNSPECIFIED.);
#8940 = CARTESIAN_POINT('',(10.628654822113,13.914034046061,
    5.999520335306));
#8941 = CARTESIAN_POINT('',(10.751329299073,13.905900542536,
    6.066107810272));
#8942 = CARTESIAN_POINT('',(10.870737897101,13.897767032389,
    6.138714584191));
#8943 = CARTESIAN_POINT('',(10.986509204524,13.889633493361,
    6.217138881002));
#8944 = CARTESIAN_POINT('',(11.09829177844,13.881499901534,
    6.301150947421));
#8945 = CARTESIAN_POINT('',(11.205754144727,13.873366231334,
    6.390493052942));
#8946 = CARTESIAN_POINT('',(11.537488319954,13.847126473829,
    6.694985981725));
#8947 = CARTESIAN_POINT('',(11.743487574368,13.829016577641,
    6.930130615315));
#8948 = CARTESIAN_POINT('',(11.923059736386,13.810909684652,
    7.187109850856));
#8949 = CARTESIAN_POINT('',(12.073465021518,13.792801438564,
    7.462178225508));
#8950 = CARTESIAN_POINT('',(12.192565965821,13.774690210013,
    7.751216867177));
#8951 = CARTESIAN_POINT('',(12.323740033612,13.747230555592,
    8.203814142886));
#8952 = CARTESIAN_POINT('',(12.35972413001,13.737877383671,8.36050457508
    ));
#8953 = CARTESIAN_POINT('',(12.386831914032,13.728524925261,
    8.519100211089));
#8954 = CARTESIAN_POINT('',(12.404943874216,13.719173070612,
    8.678973304761));
#8955 = CARTESIAN_POINT('',(12.414,13.709821212474,8.839487662965));
#8956 = CARTESIAN_POINT('',(12.414,13.70046820525,9.000000208661));
#8957 = PCURVE('',#7570,#8958);
#8958 = DEFINITIONAL_REPRESENTATION('',(#8959),#8977);
#8959 = B_SPLINE_CURVE_WITH_KNOTS('',6,(#8960,#8961,#8962,#8963,#8964,
    #8965,#8966,#8967,#8968,#8969,#8970,#8971,#8972,#8973,#8974,#8975,
    #8976),.UNSPECIFIED.,.F.,.F.,(7,5,5,7),(0.,0.228520326732,
    0.737212102342,1.),.UNSPECIFIED.);
#8960 = CARTESIAN_POINT('',(0.398929749775,5.311782695396));
#8961 = CARTESIAN_POINT('',(0.398930156937,5.353469091147));
#8962 = CARTESIAN_POINT('',(0.398930588923,5.395155543636));
#8963 = CARTESIAN_POINT('',(0.398930994841,5.436841972196));
#8964 = CARTESIAN_POINT('',(0.398931320854,5.478528308314));
#8965 = CARTESIAN_POINT('',(0.398931510181,5.520214495628));
#8966 = CARTESIAN_POINT('',(0.398931487332,5.654694521694));
#8967 = CARTESIAN_POINT('',(0.398930480463,5.747504933653));
#8968 = CARTESIAN_POINT('',(0.398928188679,5.840295392657));
#8969 = CARTESIAN_POINT('',(0.398923719337,5.933086079844));
#8970 = CARTESIAN_POINT('',(0.398920815888,6.025897881086));
#8971 = CARTESIAN_POINT('',(0.398920790268,6.166631224725));
#8972 = CARTESIAN_POINT('',(0.398921550122,6.214569779971));
#8973 = CARTESIAN_POINT('',(0.398923182582,6.262507660758));
#8974 = CARTESIAN_POINT('',(0.39892565906,6.31044531304));
#8975 = CARTESIAN_POINT('',(0.39892809387,6.358382974912));
#8976 = CARTESIAN_POINT('',(0.39892801974,6.406318568754));
#8977 = ( GEOMETRIC_REPRESENTATION_CONTEXT(2) 
PARAMETRIC_REPRESENTATION_CONTEXT() REPRESENTATION_CONTEXT('2D SPACE',''
  ) );
#8978 = PCURVE('',#7520,#8979);
#8979 = DEFINITIONAL_REPRESENTATION('',(#8980),#8998);
#8980 = B_SPLINE_CURVE_WITH_KNOTS('',6,(#8981,#8982,#8983,#8984,#8985,
    #8986,#8987,#8988,#8989,#8990,#8991,#8992,#8993,#8994,#8995,#8996,
    #8997),.UNSPECIFIED.,.F.,.F.,(7,5,5,7),(0.,0.228520326732,
    0.737212102342,1.),.UNSPECIFIED.);
#8981 = CARTESIAN_POINT('',(-1.073499203,-3.404606093641E-05));
#8982 = CARTESIAN_POINT('',(-1.032614250547,8.099457464504E-03));
#8983 = CARTESIAN_POINT('',(-0.991729188044,1.623296761105E-02));
#8984 = CARTESIAN_POINT('',(-0.950844067616,2.436650663936E-02));
#8985 = CARTESIAN_POINT('',(-0.90995894181,3.250009846648E-02));
#8986 = CARTESIAN_POINT('',(-0.869073863597,4.063376866584E-02));
#8987 = CARTESIAN_POINT('',(-0.737177937988,6.687352617127E-02));
#8988 = CARTESIAN_POINT('',(-0.646150492939,8.498342235852E-02));
#8989 = CARTESIAN_POINT('',(-0.555142335244,0.103090315348));
#8990 = CARTESIAN_POINT('',(-0.4641342309,0.121198561436));
#8991 = CARTESIAN_POINT('',(-0.373106933616,0.139309789987));
#8992 = CARTESIAN_POINT('',(-0.235080336377,0.166769444408));
#8993 = CARTESIAN_POINT('',(-0.188063939119,0.176122616329));
#8994 = CARTESIAN_POINT('',(-0.141048232135,0.185475074739));
#8995 = CARTESIAN_POINT('',(-9.403248795066E-02,0.194826929388));
#8996 = CARTESIAN_POINT('',(-4.701597706375E-02,0.204178787526));
#8997 = CARTESIAN_POINT('',(0.,0.21353179475));
#8998 = ( GEOMETRIC_REPRESENTATION_CONTEXT(2) 
PARAMETRIC_REPRESENTATION_CONTEXT() REPRESENTATION_CONTEXT('2D SPACE',''
  ) );
#8999 = ORIENTED_EDGE('',*,*,#7532,.F.);
#9000 = ORIENTED_EDGE('',*,*,#8733,.T.);
#9001 = ADVANCED_FACE('',(#9002),#7520,.F.);
#9002 = FACE_BOUND('',#9003,.T.);
#9003 = EDGE_LOOP('',(#9004,#9005,#9006,#9134));
#9004 = ORIENTED_EDGE('',*,*,#8937,.F.);
#9005 = ORIENTED_EDGE('',*,*,#7503,.T.);
#9006 = ORIENTED_EDGE('',*,*,#9007,.T.);
#9007 = EDGE_CURVE('',#7301,#9008,#9010,.T.);
#9008 = VERTEX_POINT('',#9009);
#9009 = CARTESIAN_POINT('',(12.414,13.299547961994,9.000000156497));
#9010 = SURFACE_CURVE('',#9011,(#9050,#9092),.PCURVE_S1.);
#9011 = B_SPLINE_CURVE_WITH_KNOTS('',7,(#9012,#9013,#9014,#9015,#9016,
    #9017,#9018,#9019,#9020,#9021,#9022,#9023,#9024,#9025,#9026,#9027,
    #9028,#9029,#9030,#9031,#9032,#9033,#9034,#9035,#9036,#9037,#9038,
    #9039,#9040,#9041,#9042,#9043,#9044,#9045,#9046,#9047,#9048,#9049),
  .UNSPECIFIED.,.F.,.F.,(8,6,6,6,6,6,8),(0.,0.249671929256,
    0.485914016236,0.604684649661,0.732636983532,0.915652564378,1.),
  .UNSPECIFIED.);
#9012 = CARTESIAN_POINT('',(5.590762385323,13.914034046061,
    8.819736931608));
#9013 = CARTESIAN_POINT('',(5.610619748161,13.892119067258,
    8.444183852809));
#9014 = CARTESIAN_POINT('',(5.678754907546,13.870191484121,
    8.070958205287));
#9015 = CARTESIAN_POINT('',(5.794849477049,13.848275356237,7.70792080911
    ));
#9016 = CARTESIAN_POINT('',(5.956891792937,13.826362557117,
    7.362333807974));
#9017 = CARTESIAN_POINT('',(6.16173438468,13.80444633329,7.04090965587)
  );
#9018 = CARTESIAN_POINT('',(6.405080952213,13.782518565324,
    6.749839112267));
#9019 = CARTESIAN_POINT('',(6.942256659646,13.739867095486,
    6.252689560602));
#9020 = CARTESIAN_POINT('',(7.232939469815,13.719120354903,
    6.042627878129));
#9021 = CARTESIAN_POINT('',(7.548324696259,13.69838146784,5.868761908846
    ));
#9022 = CARTESIAN_POINT('',(7.882955083997,13.677645069495,
    5.734387673827));
#9023 = CARTESIAN_POINT('',(8.230997645153,13.65690630113,5.641847511997
    ));
#9024 = CARTESIAN_POINT('',(8.586231112052,13.636159664125,
    5.592535063717));
#9025 = CARTESIAN_POINT('',(9.120905151737,13.604998083366,
    5.583454671883));
#9026 = CARTESIAN_POINT('',(9.299973425231,13.594572617893,
    5.591352603394));
#9027 = CARTESIAN_POINT('',(9.478420815908,13.584147465976,
    5.610201346057));
#9028 = CARTESIAN_POINT('',(9.655445587219,13.573722498906,
    5.639938621307));
#9029 = CARTESIAN_POINT('',(9.83025704487,13.563297373268,5.680431598348
    ));
#9030 = CARTESIAN_POINT('',(10.002077132444,13.552871985475,
    5.731477166518));
#9031 = CARTESIAN_POINT('',(10.351201603809,13.531215878096,
    5.858854632933));
#9032 = CARTESIAN_POINT('',(10.527916982985,13.519984353438,
    5.93684132063));
#9033 = CARTESIAN_POINT('',(10.699332500969,13.508753131372,
    6.026408749098));
#9034 = CARTESIAN_POINT('',(10.864543484321,13.497522091097,
    6.127117551204));
#9035 = CARTESIAN_POINT('',(11.022694054075,13.486290815041,
    6.238446012195));
#9036 = CARTESIAN_POINT('',(11.172979167257,13.475059214208,
    6.359791312704));
#9037 = CARTESIAN_POINT('',(11.517292512302,13.447763871902,
    6.677365894649));
#9038 = CARTESIAN_POINT('',(11.7023612297,13.431696952687,6.883392815264
    ));
#9039 = CARTESIAN_POINT('',(11.867625077635,13.415632242263,
    7.106504221682));
#9040 = CARTESIAN_POINT('',(12.011241846133,13.399569219832,
    7.344396657687));
#9041 = CARTESIAN_POINT('',(12.13169602939,13.383505043703,
    7.594559724066));
#9042 = CARTESIAN_POINT('',(12.227807378418,13.367438381603,
    7.854290259492));
#9043 = CARTESIAN_POINT('',(12.331536505308,13.343970338098,
    8.243427413791));
#9044 = CARTESIAN_POINT('',(12.358930964438,13.336566500822,
    8.36761381628));
#9045 = CARTESIAN_POINT('',(12.380921128888,13.329162607983,
    8.492942614751));
#9046 = CARTESIAN_POINT('',(12.397451135049,13.321758677,8.61913156497)
  );
#9047 = CARTESIAN_POINT('',(12.408483669932,13.314354754152,
    8.745895862661));
#9048 = CARTESIAN_POINT('',(12.414,13.306951031195,8.87294844848));
#9049 = CARTESIAN_POINT('',(12.414,13.299547961994,9.000000312994));
#9050 = PCURVE('',#7520,#9051);
#9051 = DEFINITIONAL_REPRESENTATION('',(#9052),#9091);
#9052 = B_SPLINE_CURVE_WITH_KNOTS('',7,(#9053,#9054,#9055,#9056,#9057,
    #9058,#9059,#9060,#9061,#9062,#9063,#9064,#9065,#9066,#9067,#9068,
    #9069,#9070,#9071,#9072,#9073,#9074,#9075,#9076,#9077,#9078,#9079,
    #9080,#9081,#9082,#9083,#9084,#9085,#9086,#9087,#9088,#9089,#9090),
  .UNSPECIFIED.,.F.,.F.,(8,6,6,6,6,6,8),(0.,0.249671929256,
    0.485914016236,0.604684649661,0.732636983532,0.915652564378,1.),
  .UNSPECIFIED.);
#9053 = CARTESIAN_POINT('',(-3.088766863282,-3.404606093641E-05));
#9054 = CARTESIAN_POINT('',(-2.97860936731,2.188093274212E-02));
#9055 = CARTESIAN_POINT('',(-2.868385935627,4.380851587914E-02));
#9056 = CARTESIAN_POINT('',(-2.758217716469,6.572464376265E-02));
#9057 = CARTESIAN_POINT('',(-2.64806493199,8.763744288311E-02));
#9058 = CARTESIAN_POINT('',(-2.537896757472,0.10955366671));
#9059 = CARTESIAN_POINT('',(-2.427673390519,0.131481434676));
#9060 = CARTESIAN_POINT('',(-2.213283868614,0.174132904514));
#9061 = CARTESIAN_POINT('',(-2.109001639047,0.194879645097));
#9062 = CARTESIAN_POINT('',(-2.004760889506,0.21561853216));
#9063 = CARTESIAN_POINT('',(-1.900532917373,0.236354930505));
#9064 = CARTESIAN_POINT('',(-1.796292134349,0.25709369887));
#9065 = CARTESIAN_POINT('',(-1.692009853659,0.277840335875));
#9066 = CARTESIAN_POINT('',(-1.535375073206,0.309001916634));
#9067 = CARTESIAN_POINT('',(-1.482970767848,0.319427382107));
#9068 = CARTESIAN_POINT('',(-1.430567671066,0.329852534024));
#9069 = CARTESIAN_POINT('',(-1.378165348245,0.340277501094));
#9070 = CARTESIAN_POINT('',(-1.325762267037,0.350702626732));
#9071 = CARTESIAN_POINT('',(-1.273357987141,0.361128014525));
#9072 = CARTESIAN_POINT('',(-1.16450167184,0.382784121904));
#9073 = CARTESIAN_POINT('',(-1.108045615249,0.394015646562));
#9074 = CARTESIAN_POINT('',(-1.051591300342,0.405246868628));
#9075 = CARTESIAN_POINT('',(-0.995138088288,0.416477908903));
#9076 = CARTESIAN_POINT('',(-0.938683754872,0.427709184959));
#9077 = CARTESIAN_POINT('',(-0.88222766188,0.438940785792));
#9078 = CARTESIAN_POINT('',(-0.745025790478,0.466236128098));
#9079 = CARTESIAN_POINT('',(-0.664263664168,0.482303047313));
#9080 = CARTESIAN_POINT('',(-0.583511787059,0.498367757737));
#9081 = CARTESIAN_POINT('',(-0.502766437474,0.514430780168));
#9082 = CARTESIAN_POINT('',(-0.422014594888,0.530494956297));
#9083 = CARTESIAN_POINT('',(-0.341252561942,0.546561618397));
#9084 = CARTESIAN_POINT('',(-0.223289750435,0.570029661902));
#9085 = CARTESIAN_POINT('',(-0.18607466136,0.577433499178));
#9086 = CARTESIAN_POINT('',(-0.148859785205,0.584837392017));
#9087 = CARTESIAN_POINT('',(-0.111645036297,0.592241323));
#9088 = CARTESIAN_POINT('',(-7.443012732727E-02,0.599645245848));
#9089 = CARTESIAN_POINT('',(-3.721495738551E-02,0.607048968805));
#9090 = CARTESIAN_POINT('',(0.,0.614452038006));
#9091 = ( GEOMETRIC_REPRESENTATION_CONTEXT(2) 
PARAMETRIC_REPRESENTATION_CONTEXT() REPRESENTATION_CONTEXT('2D SPACE',''
  ) );
#9092 = PCURVE('',#7394,#9093);
#9093 = DEFINITIONAL_REPRESENTATION('',(#9094),#9133);
#9094 = B_SPLINE_CURVE_WITH_KNOTS('',7,(#9095,#9096,#9097,#9098,#9099,
    #9100,#9101,#9102,#9103,#9104,#9105,#9106,#9107,#9108,#9109,#9110,
    #9111,#9112,#9113,#9114,#9115,#9116,#9117,#9118,#9119,#9120,#9121,
    #9122,#9123,#9124,#9125,#9126,#9127,#9128,#9129,#9130,#9131,#9132),
  .UNSPECIFIED.,.F.,.F.,(8,6,6,6,6,6,8),(0.,0.249671929256,
    0.485914016236,0.604684649661,0.732636983532,0.915652564378,1.),
  .UNSPECIFIED.);
#9095 = CARTESIAN_POINT('',(0.692826247043,3.257019967014));
#9096 = CARTESIAN_POINT('',(0.692826561773,3.369335902722));
#9097 = CARTESIAN_POINT('',(0.692827897726,3.481719126443));
#9098 = CARTESIAN_POINT('',(0.692830156814,3.594046304453));
#9099 = CARTESIAN_POINT('',(0.692832856476,3.70635808907));
#9100 = CARTESIAN_POINT('',(0.692834842238,3.818685860662));
#9101 = CARTESIAN_POINT('',(0.692835721841,3.93106983198));
#9102 = CARTESIAN_POINT('',(0.692835638608,4.14966139568));
#9103 = CARTESIAN_POINT('',(0.692834775708,4.255987357732));
#9104 = CARTESIAN_POINT('',(0.692833189338,4.362270684647));
#9105 = CARTESIAN_POINT('',(0.692831576161,4.468540582281));
#9106 = CARTESIAN_POINT('',(0.692830419847,4.574823436158));
#9107 = CARTESIAN_POINT('',(0.69282999892,4.681148822543));
#9108 = CARTESIAN_POINT('',(0.692830050014,4.840852934597));
#9109 = CARTESIAN_POINT('',(0.692830174091,4.894284217105));
#9110 = CARTESIAN_POINT('',(0.692830403593,4.947714368313));
#9111 = CARTESIAN_POINT('',(0.692830649062,5.001143842066));
#9112 = CARTESIAN_POINT('',(0.69283083006,5.054574186044));
#9113 = CARTESIAN_POINT('',(0.692830913755,5.108005807731));
#9114 = CARTESIAN_POINT('',(0.692830875195,5.218996180619));
#9115 = CARTESIAN_POINT('',(0.692830736268,5.276559033072));
#9116 = CARTESIAN_POINT('',(0.692830475395,5.334120063899));
#9117 = CARTESIAN_POINT('',(0.692830128716,5.391679853995));
#9118 = CARTESIAN_POINT('',(0.692829783853,5.449240613464));
#9119 = CARTESIAN_POINT('',(0.692829560427,5.506802970797));
#9120 = CARTESIAN_POINT('',(0.692829556423,5.646692933011));
#9121 = CARTESIAN_POINT('',(0.692830036346,5.729037035066));
#9122 = CARTESIAN_POINT('',(0.692831129028,5.811370444011));
#9123 = CARTESIAN_POINT('',(0.69283337137,5.893697249783));
#9124 = CARTESIAN_POINT('',(0.692836079498,5.976031325429));
#9125 = CARTESIAN_POINT('',(0.692837604832,6.058376872678));
#9126 = CARTESIAN_POINT('',(0.692837412823,6.178653060308));
#9127 = CARTESIAN_POINT('',(0.692837004447,6.216598043506));
#9128 = CARTESIAN_POINT('',(0.692836228298,6.254542806422));
#9129 = CARTESIAN_POINT('',(0.692835119905,6.29248730953));
#9130 = CARTESIAN_POINT('',(0.692833882138,6.330431654697));
#9131 = CARTESIAN_POINT('',(0.692832997055,6.36837568237));
#9132 = CARTESIAN_POINT('',(0.692833337744,6.406318568754));
#9133 = ( GEOMETRIC_REPRESENTATION_CONTEXT(2) 
PARAMETRIC_REPRESENTATION_CONTEXT() REPRESENTATION_CONTEXT('2D SPACE',''
  ) );
#9134 = ORIENTED_EDGE('',*,*,#9135,.F.);
#9135 = EDGE_CURVE('',#8853,#9008,#9136,.T.);
#9136 = SURFACE_CURVE('',#9137,(#9141,#9148),.PCURVE_S1.);
#9137 = LINE('',#9138,#9139);
#9138 = CARTESIAN_POINT('',(12.414,13.914,9.));
#9139 = VECTOR('',#9140,1.);
#9140 = DIRECTION('',(0.,-1.,2.22044604925E-16));
#9141 = PCURVE('',#7520,#9142);
#9142 = DEFINITIONAL_REPRESENTATION('',(#9143),#9147);
#9143 = LINE('',#9144,#9145);
#9144 = CARTESIAN_POINT('',(-0.,0.));
#9145 = VECTOR('',#9146,1.);
#9146 = DIRECTION('',(-0.,1.));
#9147 = ( GEOMETRIC_REPRESENTATION_CONTEXT(2) 
PARAMETRIC_REPRESENTATION_CONTEXT() REPRESENTATION_CONTEXT('2D SPACE',''
  ) );
#9148 = PCURVE('',#8230,#9149);
#9149 = DEFINITIONAL_REPRESENTATION('',(#9150),#9154);
#9150 = LINE('',#9151,#9152);
#9151 = CARTESIAN_POINT('',(-6.28318530718,0.));
#9152 = VECTOR('',#9153,1.);
#9153 = DIRECTION('',(-0.,1.));
#9154 = ( GEOMETRIC_REPRESENTATION_CONTEXT(2) 
PARAMETRIC_REPRESENTATION_CONTEXT() REPRESENTATION_CONTEXT('2D SPACE',''
  ) );
#9155 = ADVANCED_FACE('',(#9156),#7394,.F.);
#9156 = FACE_BOUND('',#9157,.F.);
#9157 = EDGE_LOOP('',(#9158,#9199,#9200,#9201,#9202));
#9158 = ORIENTED_EDGE('',*,*,#9159,.F.);
#9159 = EDGE_CURVE('',#8669,#9160,#9162,.T.);
#9160 = VERTEX_POINT('',#9161);
#9161 = CARTESIAN_POINT('',(13.014007550868,12.953124849613,
    8.99999999252));
#9162 = SURFACE_CURVE('',#9163,(#9185,#9192),.PCURVE_S1.);
#9163 = B_SPLINE_CURVE_WITH_KNOTS('',11,(#9164,#9165,#9166,#9167,#9168,
    #9169,#9170,#9171,#9172,#9173,#9174,#9175,#9176,#9177,#9178,#9179,
    #9180,#9181,#9182,#9183,#9184),.UNSPECIFIED.,.F.,.F.,(12,9,12),(0.,
    3.203159284377,6.406318568754),.UNSPECIFIED.);
#9164 = CARTESIAN_POINT('',(13.014005033912,14.203124899751,
    8.999999995014));
#9165 = CARTESIAN_POINT('',(13.014006612162,14.146306686525,
    10.146396649401));
#9166 = CARTESIAN_POINT('',(12.653946568438,14.08948823113,
    11.292784667094));
#9167 = CARTESIAN_POINT('',(11.93337915333,14.032670843603,
    12.313519365999));
#9168 = CARTESIAN_POINT('',(10.902539563086,13.975852043604,
    13.082643785632));
#9169 = CARTESIAN_POINT('',(9.659377914173,13.919033582931,
    13.497060898841));
#9170 = CARTESIAN_POINT('',(8.340651884101,13.862216040796,
    13.496938859773));
#9171 = CARTESIAN_POINT('',(7.097526235123,13.805397576759,
    13.082740327863));
#9172 = CARTESIAN_POINT('',(6.066433668469,13.74857943611,
    12.313472796357));
#9173 = CARTESIAN_POINT('',(5.346143433908,13.691761229755,
    11.292793794392));
#9174 = CARTESIAN_POINT('',(4.625852157118,13.578124874683,
    8.999999919671));
#9175 = CARTESIAN_POINT('',(5.34614430727,13.464488519612,6.707206319321
    ));
#9176 = CARTESIAN_POINT('',(6.066437710682,13.407670313291,
    5.686523042907));
#9177 = CARTESIAN_POINT('',(7.097502032119,13.350852172445,
    4.917284587315));
#9178 = CARTESIAN_POINT('',(8.3406839892,13.294033708933,4.502979271086)
  );
#9179 = CARTESIAN_POINT('',(9.659373282138,13.237216165953,
    4.503065525044));
#9180 = CARTESIAN_POINT('',(10.902497388121,13.180397706165,
    4.917269972681));
#9181 = CARTESIAN_POINT('',(11.933438404241,13.123578905563,
    5.686500286171));
#9182 = CARTESIAN_POINT('',(12.653918680772,13.066761518281,
    6.707216312097));
#9183 = CARTESIAN_POINT('',(13.014005971906,13.009943062845,
    7.853603338134));
#9184 = CARTESIAN_POINT('',(13.014007550868,12.953124849613,
    8.99999999252));
#9185 = PCURVE('',#7394,#9186);
#9186 = DEFINITIONAL_REPRESENTATION('',(#9187),#9191);
#9187 = LINE('',#9188,#9189);
#9188 = CARTESIAN_POINT('',(0.,0.));
#9189 = VECTOR('',#9190,1.);
#9190 = DIRECTION('',(0.,1.));
#9191 = ( GEOMETRIC_REPRESENTATION_CONTEXT(2) 
PARAMETRIC_REPRESENTATION_CONTEXT() REPRESENTATION_CONTEXT('2D SPACE',''
  ) );
#9192 = PCURVE('',#8799,#9193);
#9193 = DEFINITIONAL_REPRESENTATION('',(#9194),#9198);
#9194 = LINE('',#9195,#9196);
#9195 = CARTESIAN_POINT('',(0.15625,0.));
#9196 = VECTOR('',#9197,1.);
#9197 = DIRECTION('',(0.,1.));
#9198 = ( GEOMETRIC_REPRESENTATION_CONTEXT(2) 
PARAMETRIC_REPRESENTATION_CONTEXT() REPRESENTATION_CONTEXT('2D SPACE',''
  ) );
#9199 = ORIENTED_EDGE('',*,*,#8710,.T.);
#9200 = ORIENTED_EDGE('',*,*,#7300,.T.);
#9201 = ORIENTED_EDGE('',*,*,#9007,.T.);
#9202 = ORIENTED_EDGE('',*,*,#9203,.F.);
#9203 = EDGE_CURVE('',#9160,#9008,#9204,.T.);
#9204 = SURFACE_CURVE('',#9205,(#9208,#9215),.PCURVE_S1.);
#9205 = B_SPLINE_CURVE_WITH_KNOTS('',1,(#9206,#9207),.UNSPECIFIED.,.F.,
  .F.,(2,2),(0.,1.09175),.PIECEWISE_BEZIER_KNOTS.);
#9206 = CARTESIAN_POINT('',(13.014007550868,12.953124849613,
    8.99999999252));
#9207 = CARTESIAN_POINT('',(12.068530178499,13.499010003139,
    9.000000497515));
#9208 = PCURVE('',#7394,#9209);
#9209 = DEFINITIONAL_REPRESENTATION('',(#9210),#9214);
#9210 = LINE('',#9211,#9212);
#9211 = CARTESIAN_POINT('',(0.,6.406318568754));
#9212 = VECTOR('',#9213,1.);
#9213 = DIRECTION('',(1.,0.));
#9214 = ( GEOMETRIC_REPRESENTATION_CONTEXT(2) 
PARAMETRIC_REPRESENTATION_CONTEXT() REPRESENTATION_CONTEXT('2D SPACE',''
  ) );
#9215 = PCURVE('',#9216,#9279);
#9216 = B_SPLINE_SURFACE_WITH_KNOTS('',1,9,(
    (#9217,#9218,#9219,#9220,#9221,#9222,#9223,#9224,#9225,#9226,#9227
      ,#9228,#9229,#9230,#9231,#9232,#9233,#9234,#9235,#9236,#9237,#9238
      ,#9239,#9240,#9241,#9242,#9243,#9244,#9245,#9246,#9247)
    ,(#9248,#9249,#9250,#9251,#9252,#9253,#9254,#9255,#9256,#9257,#9258
      ,#9259,#9260,#9261,#9262,#9263,#9264,#9265,#9266,#9267,#9268,#9269
      ,#9270,#9271,#9272,#9273,#9274,#9275,#9276,#9277,#9278
  )),.UNSPECIFIED.,.F.,.F.,.F.,(2,2),(10,7,7,7,10),(0.,1.09175),(0.,
    1.601579642188,3.203159284377,4.804738926565,6.406318568754),
  .UNSPECIFIED.);
#9217 = CARTESIAN_POINT('',(13.014007550868,12.953124849613,
    8.99999999252));
#9218 = CARTESIAN_POINT('',(13.014008515789,12.918402608194,
    9.700576164954));
#9219 = CARTESIAN_POINT('',(12.876485858322,12.883680274263,
    10.401149038997));
#9220 = CARTESIAN_POINT('',(12.601331076009,12.848958166443,
    11.070868366063));
#9221 = CARTESIAN_POINT('',(12.196725872863,12.8142360006,
    11.678833348488));
#9222 = CARTESIAN_POINT('',(11.678823561378,12.779513749388,
    12.196742113734));
#9223 = CARTESIAN_POINT('',(11.070858597471,12.744791498379,
    12.601334014389));
#9224 = CARTESIAN_POINT('',(10.401156114915,12.710069256186,
    12.876450658193));
#9225 = CARTESIAN_POINT('',(9.000007456108,12.640624802047,
    13.151567447582));
#9226 = CARTESIAN_POINT('',(7.598847590287,12.571180381697,
    12.876451563526));
#9227 = CARTESIAN_POINT('',(6.929134339404,12.536458174575,
    12.601335825359));
#9228 = CARTESIAN_POINT('',(6.321155940306,12.501735953351,
    12.196741266996));
#9229 = CARTESIAN_POINT('',(5.803252240748,12.467013719365,
    11.678836254619));
#9230 = CARTESIAN_POINT('',(5.398662170706,12.432291486659,
    11.070860780455));
#9231 = CARTESIAN_POINT('',(5.12355102633,12.39756926375,10.401152623935
    ));
#9232 = CARTESIAN_POINT('',(4.848439701476,12.328124824541,
    8.999999964644));
#9233 = CARTESIAN_POINT('',(5.12355155831,12.258680385332,7.598847409806
    ));
#9234 = CARTESIAN_POINT('',(5.398662696294,12.223958162422,6.92913941919
    ));
#9235 = CARTESIAN_POINT('',(5.803251478064,12.189235929718,
    6.321163668675));
#9236 = CARTESIAN_POINT('',(6.321154540633,12.154513695729,
    5.803257579099));
#9237 = CARTESIAN_POINT('',(6.929133660171,12.119791474507,
    5.398662606532));
#9238 = CARTESIAN_POINT('',(7.598847460419,12.085069267385,
    5.123548345403));
#9239 = CARTESIAN_POINT('',(9.000007463967,12.015624847033,
    4.848434762026));
#9240 = CARTESIAN_POINT('',(10.401155985046,11.946180392895,
    5.123550653625));
#9241 = CARTESIAN_POINT('',(11.070858998212,11.911458150729,
    5.398665331675));
#9242 = CARTESIAN_POINT('',(11.678823732254,11.876735899618,
    5.803254945098));
#9243 = CARTESIAN_POINT('',(12.196732544355,11.842013648576,
    6.321160042117));
#9244 = CARTESIAN_POINT('',(12.601332504333,11.807291482574,
    6.929136918276));
#9245 = CARTESIAN_POINT('',(12.876475313606,11.772569374837,
    7.598851322478));
#9246 = CARTESIAN_POINT('',(13.014009102467,11.737847040889,
    8.299423817593));
#9247 = CARTESIAN_POINT('',(13.014010067824,11.703124799466,
    8.999999990026));
#9248 = CARTESIAN_POINT('',(12.068530178499,13.499010003139,
    9.000000497515));
#9249 = CARTESIAN_POINT('',(12.068531803425,13.464289057474,
    9.535595466079));
#9250 = CARTESIAN_POINT('',(11.963400381157,13.429574263538,
    10.071088976731));
#9251 = CARTESIAN_POINT('',(11.753082520558,13.394844431694,
    10.583065237033));
#9252 = CARTESIAN_POINT('',(11.443750401126,13.360118466133,
    11.047865958412));
#9253 = CARTESIAN_POINT('',(11.047832001124,13.3253981657,
    11.443764100241));
#9254 = CARTESIAN_POINT('',(10.583075935975,13.290677861039,
    11.753062537906));
#9255 = CARTESIAN_POINT('',(10.071121150163,13.255956965776,
    11.963376047634));
#9256 = CARTESIAN_POINT('',(9.000007102676,13.186513165914,
    12.173691048125));
#9257 = CARTESIAN_POINT('',(7.928878616491,13.117067119437,
    11.963375581074));
#9258 = CARTESIAN_POINT('',(7.41690966017,13.082343893188,
    11.753059955983));
#9259 = CARTESIAN_POINT('',(6.952140013377,13.047621604519,
    11.443763890351));
#9260 = CARTESIAN_POINT('',(6.556229422635,13.012900164586,
    11.047852064438));
#9261 = CARTESIAN_POINT('',(6.246938440201,12.978178639405,
    10.583086687978));
#9262 = CARTESIAN_POINT('',(6.0366269995,12.943456462857,10.071123416737
    ));
#9263 = CARTESIAN_POINT('',(5.826316104424,12.874011670315,
    8.999999320838));
#9264 = CARTESIAN_POINT('',(6.036628360531,12.804566877773,
    7.928875492173));
#9265 = CARTESIAN_POINT('',(6.24693998873,12.769844701225,7.416912597325
    ));
#9266 = CARTESIAN_POINT('',(6.556228863244,12.735123176044,
    6.952146850095));
#9267 = CARTESIAN_POINT('',(6.952138476242,12.700401736108,
    6.556233264464));
#9268 = CARTESIAN_POINT('',(7.416909522937,12.665679447442,
    6.246936643579));
#9269 = CARTESIAN_POINT('',(7.928879536824,12.630956221194,6.03662384111
    ));
#9270 = CARTESIAN_POINT('',(9.000008349352,12.561510174714,
    5.826312876963));
#9271 = CARTESIAN_POINT('',(10.071122070495,12.492066374852,
    6.036626698687));
#9272 = CARTESIAN_POINT('',(10.583077717176,12.457345479637,
    6.246936915362));
#9273 = CARTESIAN_POINT('',(11.04783325387,12.422625174795,
    6.556231470579));
#9274 = CARTESIAN_POINT('',(11.443763047577,12.387904874665,
    6.95212325004));
#9275 = CARTESIAN_POINT('',(11.753085672724,12.353178908822,
    7.416945219226));
#9276 = CARTESIAN_POINT('',(11.963382065887,12.318449077123,
    7.928912816429));
#9277 = CARTESIAN_POINT('',(12.06853305356,12.283734283157,
    8.464405694788));
#9278 = CARTESIAN_POINT('',(12.068534649552,12.249013337487,
    9.000000663352));
#9279 = DEFINITIONAL_REPRESENTATION('',(#9280),#9284);
#9280 = LINE('',#9281,#9282);
#9281 = CARTESIAN_POINT('',(0.,0.));
#9282 = VECTOR('',#9283,1.);
#9283 = DIRECTION('',(1.,0.));
#9284 = ( GEOMETRIC_REPRESENTATION_CONTEXT(2) 
PARAMETRIC_REPRESENTATION_CONTEXT() REPRESENTATION_CONTEXT('2D SPACE',''
  ) );
#9285 = ADVANCED_FACE('',(#9286),#8067,.F.);
#9286 = FACE_BOUND('',#9287,.F.);
#9287 = EDGE_LOOP('',(#9288,#9289,#9311,#9405));
#9288 = ORIENTED_EDGE('',*,*,#7895,.F.);
#9289 = ORIENTED_EDGE('',*,*,#9290,.T.);
#9290 = EDGE_CURVE('',#7896,#9291,#9293,.T.);
#9291 = VERTEX_POINT('',#9292);
#9292 = CARTESIAN_POINT('',(13.014005872897,12.796874849622,
    8.999999992521));
#9293 = SURFACE_CURVE('',#9294,(#9297,#9304),.PCURVE_S1.);
#9294 = B_SPLINE_CURVE_WITH_KNOTS('',1,(#9295,#9296),.UNSPECIFIED.,.F.,
  .F.,(2,2),(0.,1.09175),.PIECEWISE_BEZIER_KNOTS.);
#9295 = CARTESIAN_POINT('',(12.068516776211,12.251010003211,
    9.000000497519));
#9296 = CARTESIAN_POINT('',(13.014005872897,12.796874849622,
    8.999999992521));
#9297 = PCURVE('',#8067,#9298);
#9298 = DEFINITIONAL_REPRESENTATION('',(#9299),#9303);
#9299 = LINE('',#9300,#9301);
#9300 = CARTESIAN_POINT('',(0.,0.));
#9301 = VECTOR('',#9302,1.);
#9302 = DIRECTION('',(1.,0.));
#9303 = ( GEOMETRIC_REPRESENTATION_CONTEXT(2) 
PARAMETRIC_REPRESENTATION_CONTEXT() REPRESENTATION_CONTEXT('2D SPACE',''
  ) );
#9304 = PCURVE('',#8867,#9305);
#9305 = DEFINITIONAL_REPRESENTATION('',(#9306),#9310);
#9306 = LINE('',#9307,#9308);
#9307 = CARTESIAN_POINT('',(0.,6.406318568754));
#9308 = VECTOR('',#9309,1.);
#9309 = DIRECTION('',(1.,0.));
#9310 = ( GEOMETRIC_REPRESENTATION_CONTEXT(2) 
PARAMETRIC_REPRESENTATION_CONTEXT() REPRESENTATION_CONTEXT('2D SPACE',''
  ) );
#9311 = ORIENTED_EDGE('',*,*,#9312,.T.);
#9312 = EDGE_CURVE('',#9291,#9313,#9315,.T.);
#9313 = VERTEX_POINT('',#9314);
#9314 = CARTESIAN_POINT('',(13.01400783053,11.546874799482,
    8.999999990027));
#9315 = SURFACE_CURVE('',#9316,(#9348,#9355),.PCURVE_S1.);
#9316 = B_SPLINE_CURVE_WITH_KNOTS('',9,(#9317,#9318,#9319,#9320,#9321,
    #9322,#9323,#9324,#9325,#9326,#9327,#9328,#9329,#9330,#9331,#9332,
    #9333,#9334,#9335,#9336,#9337,#9338,#9339,#9340,#9341,#9342,#9343,
    #9344,#9345,#9346,#9347),.UNSPECIFIED.,.F.,.F.,(10,7,7,7,10),(0.,
    1.601579642188,3.203159284377,4.804738926565,6.406318568754),
  .UNSPECIFIED.);
#9317 = CARTESIAN_POINT('',(13.014005872897,12.796874849622,
    8.999999992521));
#9318 = CARTESIAN_POINT('',(13.014006623682,12.762152608205,
    9.700575823357));
#9319 = CARTESIAN_POINT('',(12.876482796789,12.727430274288,
    10.401148313562));
#9320 = CARTESIAN_POINT('',(12.601329479394,12.692708166461,
    11.070866767161));
#9321 = CARTESIAN_POINT('',(12.196725056385,12.657986000593,
    11.678832774892));
#9322 = CARTESIAN_POINT('',(11.678822275425,12.623263749404,
    12.196740880179));
#9323 = CARTESIAN_POINT('',(11.070857633772,12.588541498387,
    12.601332329681));
#9324 = CARTESIAN_POINT('',(10.401155419013,12.5538192562,
    12.876448621213));
#9325 = CARTESIAN_POINT('',(9.000007458987,12.484374802063,
    13.151565177351));
#9326 = CARTESIAN_POINT('',(7.598848261068,12.414930381709,
    12.876449683775));
#9327 = CARTESIAN_POINT('',(6.929135275625,12.380208174585,
    12.601334244219));
#9328 = CARTESIAN_POINT('',(6.321157092799,12.345485953361,
    12.196739837445));
#9329 = CARTESIAN_POINT('',(5.803253716357,12.310763719376,
    11.678834958218));
#9330 = CARTESIAN_POINT('',(5.398663986484,12.276041486672,
    11.070859750064));
#9331 = CARTESIAN_POINT('',(5.123552976663,12.241319263763,
    10.401151938726));
#9332 = CARTESIAN_POINT('',(4.848441726194,12.171874824553,
    8.999999974506));
#9333 = CARTESIAN_POINT('',(5.123553389072,12.102430385343,
    7.598848091262));
#9334 = CARTESIAN_POINT('',(5.398664393274,12.067708162434,
    6.929140408694));
#9335 = CARTESIAN_POINT('',(5.803253120571,12.032985929731,
    6.321164985209));
#9336 = CARTESIAN_POINT('',(6.321156001077,11.998263695744,
    5.803259267662));
#9337 = CARTESIAN_POINT('',(6.929134743854,11.963541474522,
    5.398664538142));
#9338 = CARTESIAN_POINT('',(7.598848156315,11.928819267397,
    5.123550246745));
#9339 = CARTESIAN_POINT('',(9.000007461089,11.859374847043,
    4.848436541234));
#9340 = CARTESIAN_POINT('',(10.401155314259,11.789930392906,
    5.123552397736));
#9341 = CARTESIAN_POINT('',(11.070857941981,11.755208150739,
    5.398667159702));
#9342 = CARTESIAN_POINT('',(11.678822405241,11.720485899644,
    5.803256829659));
#9343 = CARTESIAN_POINT('',(12.196730242736,11.685763648586,
    6.32116208138));
#9344 = CARTESIAN_POINT('',(12.601330588312,11.651041482595,
    6.929137339402));
#9345 = CARTESIAN_POINT('',(12.87647459399,11.616319374832,
    7.598851963841));
#9346 = CARTESIAN_POINT('',(13.01400707931,11.581597040902,
    8.299424159191));
#9347 = CARTESIAN_POINT('',(13.01400783053,11.546874799482,
    8.999999990027));
#9348 = PCURVE('',#8067,#9349);
#9349 = DEFINITIONAL_REPRESENTATION('',(#9350),#9354);
#9350 = LINE('',#9351,#9352);
#9351 = CARTESIAN_POINT('',(1.09175,0.));
#9352 = VECTOR('',#9353,1.);
#9353 = DIRECTION('',(0.,1.));
#9354 = ( GEOMETRIC_REPRESENTATION_CONTEXT(2) 
PARAMETRIC_REPRESENTATION_CONTEXT() REPRESENTATION_CONTEXT('2D SPACE',''
  ) );
#9355 = PCURVE('',#9356,#9399);
#9356 = B_SPLINE_SURFACE_WITH_KNOTS('',1,11,(
    (#9357,#9358,#9359,#9360,#9361,#9362,#9363,#9364,#9365,#9366,#9367
      ,#9368,#9369,#9370,#9371,#9372,#9373,#9374,#9375,#9376,#9377)
    ,(#9378,#9379,#9380,#9381,#9382,#9383,#9384,#9385,#9386,#9387,#9388
      ,#9389,#9390,#9391,#9392,#9393,#9394,#9395,#9396,#9397,#9398
  )),.UNSPECIFIED.,.F.,.F.,.F.,(2,2),(12,9,12),(0.,0.15625),(0.,
    3.203159284377,6.406318568754),.UNSPECIFIED.);
#9357 = CARTESIAN_POINT('',(13.014005872897,12.796874849622,
    8.999999992521));
#9358 = CARTESIAN_POINT('',(13.014007101453,12.740056636395,
    10.146396806616));
#9359 = CARTESIAN_POINT('',(12.653943981183,12.683238180984,
    11.292784874332));
#9360 = CARTESIAN_POINT('',(11.93338614863,12.626420793514,
    12.313517641248));
#9361 = CARTESIAN_POINT('',(10.90253514622,12.569601993426,
    13.082653935044));
#9362 = CARTESIAN_POINT('',(9.65937749551,12.512783532837,
    13.497047477875));
#9363 = CARTESIAN_POINT('',(8.340655363933,12.455965990638,
    13.496948583455));
#9364 = CARTESIAN_POINT('',(7.097523284717,12.399147526645,
    13.082738130331));
#9365 = CARTESIAN_POINT('',(6.066433712035,12.342329385977,
    12.313473723187));
#9366 = CARTESIAN_POINT('',(5.346143024024,12.285511179624,
    11.292794104768));
#9367 = CARTESIAN_POINT('',(4.625851547612,12.171874824553,
    8.999999941748));
#9368 = CARTESIAN_POINT('',(5.346143698874,12.058238469482,
    6.707205990737));
#9369 = CARTESIAN_POINT('',(6.066436849577,12.001420263156,
    5.686523046352));
#9370 = CARTESIAN_POINT('',(7.097504452266,11.944602122334,4.91728125182
    ));
#9371 = CARTESIAN_POINT('',(8.340680325882,11.887783658752,4.50298774182
    ));
#9372 = CARTESIAN_POINT('',(9.659373884115,11.830966115892,
    4.503050850536));
#9373 = CARTESIAN_POINT('',(10.902502335593,11.774147655994,
    4.917278984412));
#9374 = CARTESIAN_POINT('',(11.933432226261,11.717328855435,
    5.686497638107));
#9375 = CARTESIAN_POINT('',(12.653922286347,11.660511468157,
    6.707215880199));
#9376 = CARTESIAN_POINT('',(13.014006601261,11.603693012714,
    7.853603175932));
#9377 = CARTESIAN_POINT('',(13.01400783053,11.546874799482,
    8.999999990027));
#9378 = CARTESIAN_POINT('',(13.014007550868,12.953124849613,
    8.99999999252));
#9379 = CARTESIAN_POINT('',(13.014009129831,12.896306636382,
    10.146397365594));
#9380 = CARTESIAN_POINT('',(12.653948861085,12.839488180937,
    11.292786102881));
#9381 = CARTESIAN_POINT('',(11.933380994371,12.782670793552,
    12.313521441634));
#9382 = CARTESIAN_POINT('',(10.902540759467,12.725851993444,
    13.082646344228));
#9383 = CARTESIAN_POINT('',(9.659378329451,12.669033532718,
    13.497063718908));
#9384 = CARTESIAN_POINT('',(8.340651474031,12.612215990701,
    13.496941679313));
#9385 = CARTESIAN_POINT('',(7.097525044585,12.555397526611,
    13.082742889463));
#9386 = CARTESIAN_POINT('',(6.066431831062,12.498579385971,
    12.313474875795));
#9387 = CARTESIAN_POINT('',(5.346141144201,12.441761179611,
    11.292795234323));
#9388 = CARTESIAN_POINT('',(4.625849414339,12.328124824541,
    8.999999922389));
#9389 = CARTESIAN_POINT('',(5.346142014714,12.214488469472,6.70720488393
    ));
#9390 = CARTESIAN_POINT('',(6.066435869159,12.157670263144,
    5.686520967113));
#9391 = CARTESIAN_POINT('',(7.097500836504,12.100852122309,
    4.917282028081));
#9392 = CARTESIAN_POINT('',(8.34068357355,12.044033658741,4.502976452364
    ));
#9393 = CARTESIAN_POINT('',(9.659373691815,11.987216115882,
    4.503062704158));
#9394 = CARTESIAN_POINT('',(10.902498579441,11.930397656039,
    4.917267411719));
#9395 = CARTESIAN_POINT('',(11.933440241158,11.873578855329,
    5.686498206893));
#9396 = CARTESIAN_POINT('',(12.653920970571,11.816761468189,
    6.70721487177));
#9397 = CARTESIAN_POINT('',(13.01400848815,11.759943012704,
    7.853602616953));
#9398 = CARTESIAN_POINT('',(13.014010067824,11.703124799466,
    8.999999990026));
#9399 = DEFINITIONAL_REPRESENTATION('',(#9400),#9404);
#9400 = LINE('',#9401,#9402);
#9401 = CARTESIAN_POINT('',(0.,0.));
#9402 = VECTOR('',#9403,1.);
#9403 = DIRECTION('',(0.,1.));
#9404 = ( GEOMETRIC_REPRESENTATION_CONTEXT(2) 
PARAMETRIC_REPRESENTATION_CONTEXT() REPRESENTATION_CONTEXT('2D SPACE',''
  ) );
#9405 = ORIENTED_EDGE('',*,*,#9406,.F.);
#9406 = EDGE_CURVE('',#7898,#9313,#9407,.T.);
#9407 = SURFACE_CURVE('',#9408,(#9411,#9418),.PCURVE_S1.);
#9408 = B_SPLINE_CURVE_WITH_KNOTS('',1,(#9409,#9410),.UNSPECIFIED.,.F.,
  .F.,(2,2),(0.,1.09175),.PIECEWISE_BEZIER_KNOTS.);
#9409 = CARTESIAN_POINT('',(12.068516779833,11.001013337615,
    9.000000663359));
#9410 = CARTESIAN_POINT('',(13.01400783053,11.546874799482,
    8.999999990027));
#9411 = PCURVE('',#8067,#9412);
#9412 = DEFINITIONAL_REPRESENTATION('',(#9413),#9417);
#9413 = LINE('',#9414,#9415);
#9414 = CARTESIAN_POINT('',(0.,6.406318568754));
#9415 = VECTOR('',#9416,1.);
#9416 = DIRECTION('',(1.,0.));
#9417 = ( GEOMETRIC_REPRESENTATION_CONTEXT(2) 
PARAMETRIC_REPRESENTATION_CONTEXT() REPRESENTATION_CONTEXT('2D SPACE',''
  ) );
#9418 = PCURVE('',#8398,#9419);
#9419 = DEFINITIONAL_REPRESENTATION('',(#9420),#9424);
#9420 = LINE('',#9421,#9422);
#9421 = CARTESIAN_POINT('',(0.,0.));
#9422 = VECTOR('',#9423,1.);
#9423 = DIRECTION('',(1.,0.));
#9424 = ( GEOMETRIC_REPRESENTATION_CONTEXT(2) 
PARAMETRIC_REPRESENTATION_CONTEXT() REPRESENTATION_CONTEXT('2D SPACE',''
  ) );
#9425 = ADVANCED_FACE('',(#9426),#8398,.F.);
#9426 = FACE_BOUND('',#9427,.F.);
#9427 = EDGE_LOOP('',(#9428,#9429,#9430,#9476));
#9428 = ORIENTED_EDGE('',*,*,#8354,.F.);
#9429 = ORIENTED_EDGE('',*,*,#9406,.T.);
#9430 = ORIENTED_EDGE('',*,*,#9431,.T.);
#9431 = EDGE_CURVE('',#9313,#9432,#9434,.T.);
#9432 = VERTEX_POINT('',#9433);
#9433 = CARTESIAN_POINT('',(11.838329063056,11.390624911642,
    11.838329056841));
#9434 = SURFACE_CURVE('',#9435,(#9445,#9452),.PCURVE_S1.);
#9435 = B_SPLINE_CURVE_WITH_KNOTS('',8,(#9436,#9437,#9438,#9439,#9440,
    #9441,#9442,#9443,#9444),.UNSPECIFIED.,.F.,.F.,(9,9),(0.,
    0.800789821094),.PIECEWISE_BEZIER_KNOTS.);
#9436 = CARTESIAN_POINT('',(13.01400783053,11.546874799482,
    8.999999990027));
#9437 = CARTESIAN_POINT('',(13.01400168698,11.52734370687,9.394073771584
    ));
#9438 = CARTESIAN_POINT('',(12.969801004083,11.507812345463,
    9.788151232861));
#9439 = CARTESIAN_POINT('',(12.881360929827,11.488281040877,
    10.176435577733));
#9440 = CARTESIAN_POINT('',(12.749613252031,11.468749855366,
    10.553141645434));
#9441 = CARTESIAN_POINT('',(12.576397533776,11.449218670574,
    10.912668316839));
#9442 = CARTESIAN_POINT('',(12.364380686334,11.429687365517,
    11.249764553994));
#9443 = CARTESIAN_POINT('',(12.116985650815,11.410156004303,
    11.559681158149));
#9444 = CARTESIAN_POINT('',(11.838329063056,11.390624911642,
    11.838329056841));
#9445 = PCURVE('',#8398,#9446);
#9446 = DEFINITIONAL_REPRESENTATION('',(#9447),#9451);
#9447 = LINE('',#9448,#9449);
#9448 = CARTESIAN_POINT('',(1.09175,0.));
#9449 = VECTOR('',#9450,1.);
#9450 = DIRECTION('',(0.,1.));
#9451 = ( GEOMETRIC_REPRESENTATION_CONTEXT(2) 
PARAMETRIC_REPRESENTATION_CONTEXT() REPRESENTATION_CONTEXT('2D SPACE',''
  ) );
#9452 = PCURVE('',#9453,#9470);
#9453 = B_SPLINE_SURFACE_WITH_KNOTS('',1,7,(
    (#9454,#9455,#9456,#9457,#9458,#9459,#9460,#9461)
    ,(#9462,#9463,#9464,#9465,#9466,#9467,#9468,#9469
  )),.UNSPECIFIED.,.F.,.F.,.F.,(2,2),(8,8),(0.,0.15625),(0.,
    0.800789821094),.PIECEWISE_BEZIER_KNOTS.);
#9454 = CARTESIAN_POINT('',(13.01400783053,11.546874799482,
    8.999999990027));
#9455 = CARTESIAN_POINT('',(13.01400080933,11.524553550783,
    9.450370026092));
#9456 = CARTESIAN_POINT('',(12.955067735668,11.50223194369,9.90074496845
    ));
#9457 = CARTESIAN_POINT('',(12.837136707677,11.479910498945,
    10.341850134805));
#9458 = CARTESIAN_POINT('',(12.662090113287,11.457589212342,
    10.764432718345));
#9459 = CARTESIAN_POINT('',(12.433576336851,11.435267767224,
    11.159727966833));
#9460 = CARTESIAN_POINT('',(12.15679373478,11.412946160398,
    11.519874315479));
#9461 = CARTESIAN_POINT('',(11.838329063056,11.390624911642,
    11.838329056841));
#9462 = CARTESIAN_POINT('',(13.014010067824,11.703124799466,
    8.999999990026));
#9463 = CARTESIAN_POINT('',(13.014001040247,11.680803550796,
    9.45037020688));
#9464 = CARTESIAN_POINT('',(12.955069942245,11.658481943644,
    9.900745067573));
#9465 = CARTESIAN_POINT('',(12.837139049769,11.636160498951,
    10.341851207361));
#9466 = CARTESIAN_POINT('',(12.662090639515,11.613839212363,
    10.764433237405));
#9467 = CARTESIAN_POINT('',(12.433577463761,11.591517767191,
    11.159728210881));
#9468 = CARTESIAN_POINT('',(12.156795978558,11.569196160382,
    11.519876303585));
#9469 = CARTESIAN_POINT('',(11.838329760274,11.546874911639,
    11.838329754059));
#9470 = DEFINITIONAL_REPRESENTATION('',(#9471),#9475);
#9471 = LINE('',#9472,#9473);
#9472 = CARTESIAN_POINT('',(0.,0.));
#9473 = VECTOR('',#9474,1.);
#9474 = DIRECTION('',(0.,1.));
#9475 = ( GEOMETRIC_REPRESENTATION_CONTEXT(2) 
PARAMETRIC_REPRESENTATION_CONTEXT() REPRESENTATION_CONTEXT('2D SPACE',''
  ) );
#9476 = ORIENTED_EDGE('',*,*,#9477,.F.);
#9477 = EDGE_CURVE('',#8327,#9432,#9478,.T.);
#9478 = SURFACE_CURVE('',#9479,(#9482,#9489),.PCURVE_S1.);
#9479 = B_SPLINE_CURVE_WITH_KNOTS('',1,(#9480,#9481),.UNSPECIFIED.,.F.,
  .F.,(2,2),(0.,1.09175),.PIECEWISE_BEZIER_KNOTS.);
#9480 = CARTESIAN_POINT('',(11.169768810762,10.844755878128,
    11.169769224213));
#9481 = CARTESIAN_POINT('',(11.838329063056,11.390624911642,
    11.838329056841));
#9482 = PCURVE('',#8398,#9483);
#9483 = DEFINITIONAL_REPRESENTATION('',(#9484),#9488);
#9484 = LINE('',#9485,#9486);
#9485 = CARTESIAN_POINT('',(0.,0.800789821094));
#9486 = VECTOR('',#9487,1.);
#9487 = DIRECTION('',(1.,0.));
#9488 = ( GEOMETRIC_REPRESENTATION_CONTEXT(2) 
PARAMETRIC_REPRESENTATION_CONTEXT() REPRESENTATION_CONTEXT('2D SPACE',''
  ) );
#9489 = PCURVE('',#8342,#9490);
#9490 = DEFINITIONAL_REPRESENTATION('',(#9491),#9494);
#9491 = B_SPLINE_CURVE_WITH_KNOTS('',1,(#9492,#9493),.UNSPECIFIED.,.F.,
  .F.,(2,2),(0.,1.09175),.PIECEWISE_BEZIER_KNOTS.);
#9492 = CARTESIAN_POINT('',(-0.328890587252,-0.623997924547));
#9493 = CARTESIAN_POINT('',(0.616596092057,-7.812889103351E-02));
#9494 = ( GEOMETRIC_REPRESENTATION_CONTEXT(2) 
PARAMETRIC_REPRESENTATION_CONTEXT() REPRESENTATION_CONTEXT('2D SPACE',''
  ) );
#9495 = ADVANCED_FACE('',(#9496),#8342,.F.);
#9496 = FACE_BOUND('',#9497,.F.);
#9497 = EDGE_LOOP('',(#9498,#9499,#9500,#9521));
#9498 = ORIENTED_EDGE('',*,*,#8326,.T.);
#9499 = ORIENTED_EDGE('',*,*,#9477,.T.);
#9500 = ORIENTED_EDGE('',*,*,#9501,.T.);
#9501 = EDGE_CURVE('',#9432,#9502,#9504,.T.);
#9502 = VERTEX_POINT('',#9503);
#9503 = CARTESIAN_POINT('',(11.838329760274,11.546874911639,
    11.838329754059));
#9504 = SURFACE_CURVE('',#9505,(#9508,#9514),.PCURVE_S1.);
#9505 = B_SPLINE_CURVE_WITH_KNOTS('',1,(#9506,#9507),.UNSPECIFIED.,.F.,
  .F.,(2,2),(0.,0.15625),.PIECEWISE_BEZIER_KNOTS.);
#9506 = CARTESIAN_POINT('',(11.838329063056,11.390624911642,
    11.838329056841));
#9507 = CARTESIAN_POINT('',(11.838329760274,11.546874911639,
    11.838329754059));
#9508 = PCURVE('',#8342,#9509);
#9509 = DEFINITIONAL_REPRESENTATION('',(#9510),#9513);
#9510 = B_SPLINE_CURVE_WITH_KNOTS('',1,(#9511,#9512),.UNSPECIFIED.,.F.,
  .F.,(2,2),(0.,0.15625),.PIECEWISE_BEZIER_KNOTS.);
#9511 = CARTESIAN_POINT('',(0.616596092057,-7.812889103351E-02));
#9512 = CARTESIAN_POINT('',(0.616597078074,7.812110896338E-02));
#9513 = ( GEOMETRIC_REPRESENTATION_CONTEXT(2) 
PARAMETRIC_REPRESENTATION_CONTEXT() REPRESENTATION_CONTEXT('2D SPACE',''
  ) );
#9514 = PCURVE('',#9453,#9515);
#9515 = DEFINITIONAL_REPRESENTATION('',(#9516),#9520);
#9516 = LINE('',#9517,#9518);
#9517 = CARTESIAN_POINT('',(0.,0.800789821094));
#9518 = VECTOR('',#9519,1.);
#9519 = DIRECTION('',(1.,0.));
#9520 = ( GEOMETRIC_REPRESENTATION_CONTEXT(2) 
PARAMETRIC_REPRESENTATION_CONTEXT() REPRESENTATION_CONTEXT('2D SPACE',''
  ) );
#9521 = ORIENTED_EDGE('',*,*,#9522,.T.);
#9522 = EDGE_CURVE('',#9502,#8243,#9523,.T.);
#9523 = SURFACE_CURVE('',#9524,(#9527,#9533),.PCURVE_S1.);
#9524 = B_SPLINE_CURVE_WITH_KNOTS('',1,(#9525,#9526),.UNSPECIFIED.,.F.,
  .F.,(2,2),(0.,1.09175),.PIECEWISE_BEZIER_KNOTS.);
#9525 = CARTESIAN_POINT('',(11.838329760274,11.546874911639,
    11.838329754059));
#9526 = CARTESIAN_POINT('',(11.169774379588,12.092755878104,
    11.169774793038));
#9527 = PCURVE('',#8342,#9528);
#9528 = DEFINITIONAL_REPRESENTATION('',(#9529),#9532);
#9529 = B_SPLINE_CURVE_WITH_KNOTS('',1,(#9530,#9531),.UNSPECIFIED.,.F.,
  .F.,(2,2),(0.,1.09175),.PIECEWISE_BEZIER_KNOTS.);
#9530 = CARTESIAN_POINT('',(0.616597078074,7.812110896338E-02));
#9531 = CARTESIAN_POINT('',(-0.328882711743,0.624002075428));
#9532 = ( GEOMETRIC_REPRESENTATION_CONTEXT(2) 
PARAMETRIC_REPRESENTATION_CONTEXT() REPRESENTATION_CONTEXT('2D SPACE',''
  ) );
#9533 = PCURVE('',#8286,#9534);
#9534 = DEFINITIONAL_REPRESENTATION('',(#9535),#9539);
#9535 = LINE('',#9536,#9537);
#9536 = CARTESIAN_POINT('',(0.,0.800789821094));
#9537 = VECTOR('',#9538,1.);
#9538 = DIRECTION('',(1.,0.));
#9539 = ( GEOMETRIC_REPRESENTATION_CONTEXT(2) 
PARAMETRIC_REPRESENTATION_CONTEXT() REPRESENTATION_CONTEXT('2D SPACE',''
  ) );
#9540 = ADVANCED_FACE('',(#9541),#8286,.F.);
#9541 = FACE_BOUND('',#9542,.F.);
#9542 = EDGE_LOOP('',(#9543,#9571,#9591,#9592));
#9543 = ORIENTED_EDGE('',*,*,#9544,.F.);
#9544 = EDGE_CURVE('',#9545,#9502,#9547,.T.);
#9545 = VERTEX_POINT('',#9546);
#9546 = CARTESIAN_POINT('',(13.014010067824,11.703124799466,
    8.999999990026));
#9547 = SURFACE_CURVE('',#9548,(#9557,#9564),.PCURVE_S1.);
#9548 = B_SPLINE_CURVE_WITH_KNOTS('',7,(#9549,#9550,#9551,#9552,#9553,
    #9554,#9555,#9556),.UNSPECIFIED.,.F.,.F.,(8,8),(0.,0.800789821094),
  .PIECEWISE_BEZIER_KNOTS.);
#9549 = CARTESIAN_POINT('',(13.014010067824,11.703124799466,
    8.999999990026));
#9550 = CARTESIAN_POINT('',(13.014001040247,11.680803550796,
    9.45037020688));
#9551 = CARTESIAN_POINT('',(12.955069942245,11.658481943644,
    9.900745067573));
#9552 = CARTESIAN_POINT('',(12.837139049769,11.636160498951,
    10.341851207361));
#9553 = CARTESIAN_POINT('',(12.662090639515,11.613839212363,
    10.764433237405));
#9554 = CARTESIAN_POINT('',(12.433577463761,11.591517767191,
    11.159728210881));
#9555 = CARTESIAN_POINT('',(12.156795978558,11.569196160382,
    11.519876303585));
#9556 = CARTESIAN_POINT('',(11.838329760274,11.546874911639,
    11.838329754059));
#9557 = PCURVE('',#8286,#9558);
#9558 = DEFINITIONAL_REPRESENTATION('',(#9559),#9563);
#9559 = LINE('',#9560,#9561);
#9560 = CARTESIAN_POINT('',(0.,0.));
#9561 = VECTOR('',#9562,1.);
#9562 = DIRECTION('',(0.,1.));
#9563 = ( GEOMETRIC_REPRESENTATION_CONTEXT(2) 
PARAMETRIC_REPRESENTATION_CONTEXT() REPRESENTATION_CONTEXT('2D SPACE',''
  ) );
#9564 = PCURVE('',#9453,#9565);
#9565 = DEFINITIONAL_REPRESENTATION('',(#9566),#9570);
#9566 = LINE('',#9567,#9568);
#9567 = CARTESIAN_POINT('',(0.15625,0.));
#9568 = VECTOR('',#9569,1.);
#9569 = DIRECTION('',(0.,1.));
#9570 = ( GEOMETRIC_REPRESENTATION_CONTEXT(2) 
PARAMETRIC_REPRESENTATION_CONTEXT() REPRESENTATION_CONTEXT('2D SPACE',''
  ) );
#9571 = ORIENTED_EDGE('',*,*,#9572,.T.);
#9572 = EDGE_CURVE('',#9545,#8215,#9573,.T.);
#9573 = SURFACE_CURVE('',#9574,(#9577,#9584),.PCURVE_S1.);
#9574 = B_SPLINE_CURVE_WITH_KNOTS('',1,(#9575,#9576),.UNSPECIFIED.,.F.,
  .F.,(2,2),(0.,1.09175),.PIECEWISE_BEZIER_KNOTS.);
#9575 = CARTESIAN_POINT('',(13.014010067824,11.703124799466,
    8.999999990026));
#9576 = CARTESIAN_POINT('',(12.068534649552,12.249013337487,
    9.000000663352));
#9577 = PCURVE('',#8286,#9578);
#9578 = DEFINITIONAL_REPRESENTATION('',(#9579),#9583);
#9579 = LINE('',#9580,#9581);
#9580 = CARTESIAN_POINT('',(0.,0.));
#9581 = VECTOR('',#9582,1.);
#9582 = DIRECTION('',(1.,0.));
#9583 = ( GEOMETRIC_REPRESENTATION_CONTEXT(2) 
PARAMETRIC_REPRESENTATION_CONTEXT() REPRESENTATION_CONTEXT('2D SPACE',''
  ) );
#9584 = PCURVE('',#9216,#9585);
#9585 = DEFINITIONAL_REPRESENTATION('',(#9586),#9590);
#9586 = LINE('',#9587,#9588);
#9587 = CARTESIAN_POINT('',(0.,6.406318568754));
#9588 = VECTOR('',#9589,1.);
#9589 = DIRECTION('',(1.,0.));
#9590 = ( GEOMETRIC_REPRESENTATION_CONTEXT(2) 
PARAMETRIC_REPRESENTATION_CONTEXT() REPRESENTATION_CONTEXT('2D SPACE',''
  ) );
#9591 = ORIENTED_EDGE('',*,*,#8242,.T.);
#9592 = ORIENTED_EDGE('',*,*,#9522,.F.);
#9593 = ADVANCED_FACE('',(#9594),#8230,.F.);
#9594 = FACE_BOUND('',#9595,.T.);
#9595 = EDGE_LOOP('',(#9596,#9848,#9849,#10140));
#9596 = ORIENTED_EDGE('',*,*,#9597,.F.);
#9597 = EDGE_CURVE('',#8853,#7896,#9598,.T.);
#9598 = SURFACE_CURVE('',#9599,(#9680,#9764),.PCURVE_S1.);
#9599 = B_SPLINE_CURVE_WITH_KNOTS('',7,(#9600,#9601,#9602,#9603,#9604,
    #9605,#9606,#9607,#9608,#9609,#9610,#9611,#9612,#9613,#9614,#9615,
    #9616,#9617,#9618,#9619,#9620,#9621,#9622,#9623,#9624,#9625,#9626,
    #9627,#9628,#9629,#9630,#9631,#9632,#9633,#9634,#9635,#9636,#9637,
    #9638,#9639,#9640,#9641,#9642,#9643,#9644,#9645,#9646,#9647,#9648,
    #9649,#9650,#9651,#9652,#9653,#9654,#9655,#9656,#9657,#9658,#9659,
    #9660,#9661,#9662,#9663,#9664,#9665,#9666,#9667,#9668,#9669,#9670,
    #9671,#9672,#9673,#9674,#9675,#9676,#9677,#9678,#9679),
  .UNSPECIFIED.,.F.,.F.,(8,6,6,6,6,6,6,6,6,6,6,6,6,8),(0.,
    4.491356398234E-02,0.133297156785,0.219442178693,0.271989742272,
    0.385466271764,0.50045742763,0.527561531423,0.626560244469,
    0.736968526581,0.786460343571,0.867721472567,0.954878580195,1.),
  .UNSPECIFIED.);
#9600 = CARTESIAN_POINT('',(12.414,13.70046820525,9.000000208661));
#9601 = CARTESIAN_POINT('',(12.414,13.692448944142,9.137623569217));
#9602 = CARTESIAN_POINT('',(12.407527467391,13.684428637737,
    9.275248036781));
#9603 = CARTESIAN_POINT('',(12.394582595177,13.676408105069,
    9.412505954103));
#9604 = CARTESIAN_POINT('',(12.37519117271,13.668387687622,
    9.549032549375));
#9605 = CARTESIAN_POINT('',(12.349404535737,13.660367453897,
    9.684466406359));
#9606 = CARTESIAN_POINT('',(12.317299516457,13.652347403984,
    9.818449934533));
#9607 = CARTESIAN_POINT('',(12.203567799966,13.628545970916,
    10.21074134756));
#9608 = CARTESIAN_POINT('',(12.104071828186,13.612762637495,
    10.463916563924));
#9609 = CARTESIAN_POINT('',(11.981274389977,13.596981849121,
    10.707401250114));
#9610 = CARTESIAN_POINT('',(11.836342106709,13.581202079804,
    10.938654109279));
#9611 = CARTESIAN_POINT('',(11.67075141049,13.565420541753,
    11.155319260151));
#9612 = CARTESIAN_POINT('',(11.486280611198,13.549636746731,
    11.355238976188));
#9613 = CARTESIAN_POINT('',(11.088949567847,13.518473345635,
    11.713183272406));
#9614 = CARTESIAN_POINT('',(10.87686616806,13.503088972536,
    11.872195291877));
#9615 = CARTESIAN_POINT('',(10.650775985527,13.487706085886,
    12.011761618239));
#9616 = CARTESIAN_POINT('',(10.412830946069,13.472324282055,
    12.130443762883));
#9617 = CARTESIAN_POINT('',(10.165334570103,13.456941585791,
    12.227092780916));
#9618 = CARTESIAN_POINT('',(9.91073040855,13.441557397706,
    12.300855046921));
#9619 = CARTESIAN_POINT('',(9.493565341726,13.416792769695,
    12.381969310564));
#9620 = CARTESIAN_POINT('',(9.333816458553,13.407409843257,
    12.404005352516));
#9621 = CARTESIAN_POINT('',(9.172953071027,13.398027064841,
    12.417232638455));
#9622 = CARTESIAN_POINT('',(9.011557822773,13.388644363523,
    12.421587073381));
#9623 = CARTESIAN_POINT('',(8.850215195635,13.379261546498,
    12.417052885315));
#9624 = CARTESIAN_POINT('',(8.689510434434,13.369878550909,
    12.403662651931));
#9625 = CARTESIAN_POINT('',(8.185626973101,13.340233407984,
    12.33363128059));
#9626 = CARTESIAN_POINT('',(7.846761928844,13.319962004152,
    12.244820663402));
#9627 = CARTESIAN_POINT('',(7.51955248954,13.299697692186,
    12.115853903572));
#9628 = CARTESIAN_POINT('',(7.209611422474,13.279435563843,
    11.948691025958));
#9629 = CARTESIAN_POINT('',(6.922101583809,13.259171283639,
    11.746116678189));
#9630 = CARTESIAN_POINT('',(6.661743819616,13.238900062671,
    11.511744126851));
#9631 = CARTESIAN_POINT('',(6.200313658836,13.198105705342,
    10.985272210488));
#9632 = CARTESIAN_POINT('',(5.999868345563,13.177564183927,
    10.692203732241));
#9633 = CARTESIAN_POINT('',(5.835508730586,13.157030888521,
    10.375837784008));
#9634 = CARTESIAN_POINT('',(5.710302273916,13.136500172899,10.0415485875
    ));
#9635 = CARTESIAN_POINT('',(5.626389665053,13.115966768612,
    9.695051457717));
#9636 = CARTESIAN_POINT('',(5.584988753879,13.095425069612,
    9.342413465497));
#9637 = CARTESIAN_POINT('',(5.586256231681,13.070052761574,
    8.907010576232));
#9638 = CARTESIAN_POINT('',(5.588855112508,13.065213062824,
    8.823965848112));
#9639 = CARTESIAN_POINT('',(5.5938108626,13.060373336736,8.741008349322)
  );
#9640 = CARTESIAN_POINT('',(5.601119831507,13.055533587222,
    8.658218344851));
#9641 = CARTESIAN_POINT('',(5.610774963551,13.050693817209,
    8.575675771012));
#9642 = CARTESIAN_POINT('',(5.622765797835,13.045854028637,
    8.493460235443));
#9643 = CARTESIAN_POINT('',(5.689356011181,13.023336656505,
    8.112839907448));
#9644 = CARTESIAN_POINT('',(5.772623180012,13.005654401196,
    7.819371231548));
#9645 = CARTESIAN_POINT('',(5.886207850969,12.987975294105,
    7.535243096033));
#9646 = CARTESIAN_POINT('',(6.028791991223,12.97029833671,7.264160964476
    ));
#9647 = CARTESIAN_POINT('',(6.198556861293,12.952619535008,
    7.009582617307));
#9648 = CARTESIAN_POINT('',(6.393195955729,12.934937772211,
    6.774693565745));
#9649 = CARTESIAN_POINT('',(6.851358455485,12.897546379656,
    6.325455474288));
#9650 = CARTESIAN_POINT('',(7.120399915841,12.877824602071,
    6.116432390273));
#9651 = CARTESIAN_POINT('',(7.412909442302,12.858109437985,5.93924936606
    ));
#9652 = CARTESIAN_POINT('',(7.724321389566,12.838396387244,
    5.796924168592));
#9653 = CARTESIAN_POINT('',(8.049720048788,12.818680935089,
    5.691703306524));
#9654 = CARTESIAN_POINT('',(8.383836018825,12.798958840368,5.62506436144
    ));
#9655 = CARTESIAN_POINT('',(8.872159583287,12.770407153117,
    5.585025674987));
#9656 = CARTESIAN_POINT('',(9.023948673092,12.761569752078,
    5.580465906974));
#9657 = CARTESIAN_POINT('',(9.175891126301,12.752732437394,
    5.583779063803));
#9658 = CARTESIAN_POINT('',(9.327497342824,12.743895191444,5.59496715729
    ));
#9659 = CARTESIAN_POINT('',(9.478280128795,12.735057907666,
    5.613994232228));
#9660 = CARTESIAN_POINT('',(9.62775547621,12.726220570824,5.640786421774
    ));
#9661 = CARTESIAN_POINT('',(10.01793358618,12.702873655803,
    5.731788560588));
#9662 = CARTESIAN_POINT('',(10.255639934049,12.688362359666,
    5.808985384338));
#9663 = CARTESIAN_POINT('',(10.486402464582,12.673852510924,
    5.906327453256));
#9664 = CARTESIAN_POINT('',(10.708191773808,12.659343630295,
    6.023041302719));
#9665 = CARTESIAN_POINT('',(10.919095630742,12.644833986176,
    6.158120663311));
#9666 = CARTESIAN_POINT('',(11.117327330474,12.63032288904,
    6.310330850414));
#9667 = CARTESIAN_POINT('',(11.49852926083,12.600250521206,
    6.658190825951));
#9668 = CARTESIAN_POINT('',(11.679404083808,12.584685126372,
    6.85624179031));
#9669 = CARTESIAN_POINT('',(11.841844603477,12.5691209108,7.070484613291
    ));
#9670 = CARTESIAN_POINT('',(11.984154180459,12.553556979131,
    7.298843292423));
#9671 = CARTESIAN_POINT('',(12.104922782135,12.537991584416,
    7.539055113671));
#9672 = CARTESIAN_POINT('',(12.203034303823,12.52242517773,
    7.788682460975));
#9673 = CARTESIAN_POINT('',(12.316405547063,12.498805607258,
    8.177828673388));
#9674 = CARTESIAN_POINT('',(12.34880614882,12.490749015501,
    8.312398692505));
#9675 = CARTESIAN_POINT('',(12.374831184146,12.482692888731,
    8.448439253287));
#9676 = CARTESIAN_POINT('',(12.394402370147,12.474637231871,
    8.585587833752));
#9677 = CARTESIAN_POINT('',(12.407467399108,12.466581838776,
    8.723477978558));
#9678 = CARTESIAN_POINT('',(12.414,12.458526280689,8.861739754943));
#9679 = CARTESIAN_POINT('',(12.414,12.45046989471,9.000000208661));
#9680 = PCURVE('',#8230,#9681);
#9681 = DEFINITIONAL_REPRESENTATION('',(#9682),#9763);
#9682 = B_SPLINE_CURVE_WITH_KNOTS('',7,(#9683,#9684,#9685,#9686,#9687,
    #9688,#9689,#9690,#9691,#9692,#9693,#9694,#9695,#9696,#9697,#9698,
    #9699,#9700,#9701,#9702,#9703,#9704,#9705,#9706,#9707,#9708,#9709,
    #9710,#9711,#9712,#9713,#9714,#9715,#9716,#9717,#9718,#9719,#9720,
    #9721,#9722,#9723,#9724,#9725,#9726,#9727,#9728,#9729,#9730,#9731,
    #9732,#9733,#9734,#9735,#9736,#9737,#9738,#9739,#9740,#9741,#9742,
    #9743,#9744,#9745,#9746,#9747,#9748,#9749,#9750,#9751,#9752,#9753,
    #9754,#9755,#9756,#9757,#9758,#9759,#9760,#9761,#9762),
  .UNSPECIFIED.,.F.,.F.,(8,6,6,6,6,6,6,6,6,6,6,6,6,8),(0.,
    4.491356398234E-02,0.133297156785,0.219442178693,0.271989742272,
    0.385466271764,0.50045742763,0.527561531423,0.626560244469,
    0.736968526581,0.786460343571,0.867721472567,0.954878580195,1.),
  .UNSPECIFIED.);
#9683 = CARTESIAN_POINT('',(-6.28318530718,0.21353179475));
#9684 = CARTESIAN_POINT('',(-6.242873836601,0.221551055858));
#9685 = CARTESIAN_POINT('',(-6.202562039567,0.229571362263));
#9686 = CARTESIAN_POINT('',(-6.16225061779,0.237591894931));
#9687 = CARTESIAN_POINT('',(-6.121939422049,0.245612312378));
#9688 = CARTESIAN_POINT('',(-6.081628026541,0.253632546103));
#9689 = CARTESIAN_POINT('',(-6.041316303235,0.261652596016));
#9690 = CARTESIAN_POINT('',(-5.921677999489,0.285454029084));
#9691 = CARTESIAN_POINT('',(-5.842338168218,0.301237362505));
#9692 = CARTESIAN_POINT('',(-5.763007648335,0.317018150879));
#9693 = CARTESIAN_POINT('',(-5.683683076966,0.332797920196));
#9694 = CARTESIAN_POINT('',(-5.604352526688,0.348579458247));
#9695 = CARTESIAN_POINT('',(-5.525012572403,0.364363253269));
#9696 = CARTESIAN_POINT('',(-5.368367578065,0.395526654365));
#9697 = CARTESIAN_POINT('',(-5.291038439322,0.410911027464));
#9698 = CARTESIAN_POINT('',(-5.213717612002,0.426293914114));
#9699 = CARTESIAN_POINT('',(-5.136402077216,0.441675717945));
#9700 = CARTESIAN_POINT('',(-5.059081272527,0.457058414209));
#9701 = CARTESIAN_POINT('',(-4.981752154962,0.472442602294));
#9702 = CARTESIAN_POINT('',(-4.857271223071,0.497207230305));
#9703 = CARTESIAN_POINT('',(-4.81010718719,0.506590156743));
#9704 = CARTESIAN_POINT('',(-4.762943832016,0.515972935159));
#9705 = CARTESIAN_POINT('',(-4.71578090979,0.525355636477));
#9706 = CARTESIAN_POINT('',(-4.668617544232,0.534738453502));
#9707 = CARTESIAN_POINT('',(-4.621453485076,0.544121449091));
#9708 = CARTESIAN_POINT('',(-4.472441540464,0.573766592016));
#9709 = CARTESIAN_POINT('',(-4.370547969259,0.594037995848));
#9710 = CARTESIAN_POINT('',(-4.268691256381,0.614302307814));
#9711 = CARTESIAN_POINT('',(-4.166846370404,0.634564436157));
#9712 = CARTESIAN_POINT('',(-4.064989721976,0.654828716361));
#9713 = CARTESIAN_POINT('',(-3.963096228293,0.675099937329));
#9714 = CARTESIAN_POINT('',(-3.758039221887,0.715894294658));
#9715 = CARTESIAN_POINT('',(-3.654783249426,0.736435816073));
#9716 = CARTESIAN_POINT('',(-3.551566699286,0.756969111479));
#9717 = CARTESIAN_POINT('',(-3.448362492073,0.777499827101));
#9718 = CARTESIAN_POINT('',(-3.345145907482,0.798033231388));
#9719 = CARTESIAN_POINT('',(-3.2418898814,0.818574930388));
#9720 = CARTESIAN_POINT('',(-3.114354809899,0.843947238426));
#9721 = CARTESIAN_POINT('',(-3.090027966076,0.848786937176));
#9722 = CARTESIAN_POINT('',(-3.065701108969,0.853626663264));
#9723 = CARTESIAN_POINT('',(-3.041374254891,0.858466412778));
#9724 = CARTESIAN_POINT('',(-3.017047411926,0.863306182792));
#9725 = CARTESIAN_POINT('',(-2.992720579936,0.868145971363));
#9726 = CARTESIAN_POINT('',(-2.879539132078,0.890663343495));
#9727 = CARTESIAN_POINT('',(-2.790662157623,0.908345598804));
#9728 = CARTESIAN_POINT('',(-2.701801679456,0.926024705895));
#9729 = CARTESIAN_POINT('',(-2.612951689991,0.94370166329));
#9730 = CARTESIAN_POINT('',(-2.524091224972,0.961380464992));
#9731 = CARTESIAN_POINT('',(-2.435214270117,0.979062227789));
#9732 = CARTESIAN_POINT('',(-2.247264609042,1.016453620344));
#9733 = CARTESIAN_POINT('',(-2.148130520232,1.036175397929));
#9734 = CARTESIAN_POINT('',(-2.049028381345,1.055890562015));
#9735 = CARTESIAN_POINT('',(-1.949936885278,1.075603612756));
#9736 = CARTESIAN_POINT('',(-1.850834721352,1.095319064911));
#9737 = CARTESIAN_POINT('',(-1.751700515256,1.115041159632));
#9738 = CARTESIAN_POINT('',(-1.60818491963,1.143592846883));
#9739 = CARTESIAN_POINT('',(-1.563763695387,1.152430247922));
#9740 = CARTESIAN_POINT('',(-1.519342989913,1.161267562606));
#9741 = CARTESIAN_POINT('',(-1.474922614979,1.170104808556));
#9742 = CARTESIAN_POINT('',(-1.430501917046,1.178942092334));
#9743 = CARTESIAN_POINT('',(-1.386080710406,1.187779429176));
#9744 = CARTESIAN_POINT('',(-1.268725729302,1.211126344197));
#9745 = CARTESIAN_POINT('',(-1.195782798694,1.225637640334));
#9746 = CARTESIAN_POINT('',(-1.122846072679,1.240147489076));
#9747 = CARTESIAN_POINT('',(-1.049913286301,1.254656369705));
#9748 = CARTESIAN_POINT('',(-0.976976533908,1.269166013824));
#9749 = CARTESIAN_POINT('',(-0.904033551127,1.28367711096));
#9750 = CARTESIAN_POINT('',(-0.752872613758,1.313749478794));
#9751 = CARTESIAN_POINT('',(-0.674634286178,1.329314873628));
#9752 = CARTESIAN_POINT('',(-0.596404737667,1.3448790892));
#9753 = CARTESIAN_POINT('',(-0.518180799091,1.36044302087));
#9754 = CARTESIAN_POINT('',(-0.439951321488,1.376008415584));
#9755 = CARTESIAN_POINT('',(-0.361713103145,1.39157482227));
#9756 = CARTESIAN_POINT('',(-0.242988928816,1.415194392742));
#9757 = CARTESIAN_POINT('',(-0.202490566814,1.423250984499));
#9758 = CARTESIAN_POINT('',(-0.161992518025,1.431307111269));
#9759 = CARTESIAN_POINT('',(-0.121494656145,1.439362768129));
#9760 = CARTESIAN_POINT('',(-8.099655464707E-02,1.447418161224));
#9761 = CARTESIAN_POINT('',(-4.049808251856E-02,1.455473719311));
#9762 = CARTESIAN_POINT('',(0.,1.46353010529));
#9763 = ( GEOMETRIC_REPRESENTATION_CONTEXT(2) 
PARAMETRIC_REPRESENTATION_CONTEXT() REPRESENTATION_CONTEXT('2D SPACE',''
  ) );
#9764 = PCURVE('',#8867,#9765);
#9765 = DEFINITIONAL_REPRESENTATION('',(#9766),#9847);
#9766 = B_SPLINE_CURVE_WITH_KNOTS('',7,(#9767,#9768,#9769,#9770,#9771,
    #9772,#9773,#9774,#9775,#9776,#9777,#9778,#9779,#9780,#9781,#9782,
    #9783,#9784,#9785,#9786,#9787,#9788,#9789,#9790,#9791,#9792,#9793,
    #9794,#9795,#9796,#9797,#9798,#9799,#9800,#9801,#9802,#9803,#9804,
    #9805,#9806,#9807,#9808,#9809,#9810,#9811,#9812,#9813,#9814,#9815,
    #9816,#9817,#9818,#9819,#9820,#9821,#9822,#9823,#9824,#9825,#9826,
    #9827,#9828,#9829,#9830,#9831,#9832,#9833,#9834,#9835,#9836,#9837,
    #9838,#9839,#9840,#9841,#9842,#9843,#9844,#9845,#9846),
  .UNSPECIFIED.,.F.,.F.,(8,6,6,6,6,6,6,6,6,6,6,6,6,8),(0.,
    4.491356398234E-02,0.133297156785,0.219442178693,0.271989742272,
    0.385466271764,0.50045742763,0.527561531423,0.626560244469,
    0.736968526581,0.786460343571,0.867721472567,0.954878580195,1.),
  .UNSPECIFIED.);
#9767 = CARTESIAN_POINT('',(0.39892801974,0.));
#9768 = CARTESIAN_POINT('',(0.398927956181,4.109994081627E-02));
#9769 = CARTESIAN_POINT('',(0.398925931335,8.220130513319E-02));
#9770 = CARTESIAN_POINT('',(0.398923500203,0.12330294979));
#9771 = CARTESIAN_POINT('',(0.398921470508,0.164404702706));
#9772 = CARTESIAN_POINT('',(0.39892013107,0.205506767822));
#9773 = CARTESIAN_POINT('',(0.398919480163,0.246609130032));
#9774 = CARTESIAN_POINT('',(0.398919402187,0.368593595402));
#9775 = CARTESIAN_POINT('',(0.398921774694,0.449488896704));
#9776 = CARTESIAN_POINT('',(0.398925699114,0.530373689856));
#9777 = CARTESIAN_POINT('',(0.398929065555,0.611251838846));
#9778 = CARTESIAN_POINT('',(0.39893090628,0.69213606175));
#9779 = CARTESIAN_POINT('',(0.398931710988,0.773030122809));
#9780 = CARTESIAN_POINT('',(0.39893164517,0.932744125488));
#9781 = CARTESIAN_POINT('',(0.398930843158,1.011588620092));
#9782 = CARTESIAN_POINT('',(0.398929612164,1.090425038587));
#9783 = CARTESIAN_POINT('',(0.398928469764,1.169256332005));
#9784 = CARTESIAN_POINT('',(0.398927742721,1.24809306469));
#9785 = CARTESIAN_POINT('',(0.398927451265,1.326938162602));
#9786 = CARTESIAN_POINT('',(0.398927442008,1.453859162981));
#9787 = CARTESIAN_POINT('',(0.398927547625,1.501947638595));
#9788 = CARTESIAN_POINT('',(0.398927716084,1.550035336121));
#9789 = CARTESIAN_POINT('',(0.398927898421,1.59812250441));
#9790 = CARTESIAN_POINT('',(0.398928049449,1.646210043931));
#9791 = CARTESIAN_POINT('',(0.398928134201,1.694298225282));
#9792 = CARTESIAN_POINT('',(0.398928134811,1.846229738489));
#9793 = CARTESIAN_POINT('',(0.39892774207,1.950119489417));
#9794 = CARTESIAN_POINT('',(0.398926817127,2.053971649987));
#9795 = CARTESIAN_POINT('',(0.3989254466,2.157812044343));
#9796 = CARTESIAN_POINT('',(0.398924384054,2.261664843356));
#9797 = CARTESIAN_POINT('',(0.398924045635,2.365555458417));
#9798 = CARTESIAN_POINT('',(0.398924808657,2.574631780571));
#9799 = CARTESIAN_POINT('',(0.398925927067,2.679911760412));
#9800 = CARTESIAN_POINT('',(0.398927812541,2.785151470048));
#9801 = CARTESIAN_POINT('',(0.398929965383,2.890378295747));
#9802 = CARTESIAN_POINT('',(0.398931730288,2.995617466968));
#9803 = CARTESIAN_POINT('',(0.398932598206,3.100896689872));
#9804 = CARTESIAN_POINT('',(0.398932572673,3.230930684925));
#9805 = CARTESIAN_POINT('',(0.398932518433,3.255734189364));
#9806 = CARTESIAN_POINT('',(0.398932414735,3.280537709741));
#9807 = CARTESIAN_POINT('',(0.39893226275,3.305341231404));
#9808 = CARTESIAN_POINT('',(0.3989320649,3.330144747864));
#9809 = CARTESIAN_POINT('',(0.398931824861,3.354948260785));
#9810 = CARTESIAN_POINT('',(0.398930534738,3.470347525174));
#9811 = CARTESIAN_POINT('',(0.39892902583,3.560966183765));
#9812 = CARTESIAN_POINT('',(0.39892722334,3.651568202144));
#9813 = CARTESIAN_POINT('',(0.398925526479,3.742159724838));
#9814 = CARTESIAN_POINT('',(0.398924305857,3.832762044565));
#9815 = CARTESIAN_POINT('',(0.39892374093,3.923381142429));
#9816 = CARTESIAN_POINT('',(0.3989236971,4.115014673594));
#9817 = CARTESIAN_POINT('',(0.398924353506,4.216091660304));
#9818 = CARTESIAN_POINT('',(0.398925586768,4.317135782019));
#9819 = CARTESIAN_POINT('',(0.398926883918,4.418168682775));
#9820 = CARTESIAN_POINT('',(0.398927719183,4.519212288086));
#9821 = CARTESIAN_POINT('',(0.398928030642,4.620288669395));
#9822 = CARTESIAN_POINT('',(0.398927971092,4.766616311127));
#9823 = CARTESIAN_POINT('',(0.39892788454,4.811907978102));
#9824 = CARTESIAN_POINT('',(0.398927744727,4.857199183254));
#9825 = CARTESIAN_POINT('',(0.398927584528,4.902490127166));
#9826 = CARTESIAN_POINT('',(0.398927445297,4.947781477495));
#9827 = CARTESIAN_POINT('',(0.398927367321,4.993073415824));
#9828 = CARTESIAN_POINT('',(0.398927401544,5.112728889604));
#9829 = CARTESIAN_POINT('',(0.398927661553,5.187101845924));
#9830 = CARTESIAN_POINT('',(0.398928253868,5.261468535592));
#9831 = CARTESIAN_POINT('',(0.398929139067,5.335831112581));
#9832 = CARTESIAN_POINT('',(0.398930068473,5.410197474039));
#9833 = CARTESIAN_POINT('',(0.39893066692,5.484569838321));
#9834 = CARTESIAN_POINT('',(0.398930682767,5.638692335142));
#9835 = CARTESIAN_POINT('',(0.398929987086,5.718463197331));
#9836 = CARTESIAN_POINT('',(0.398928415071,5.798224874227));
#9837 = CARTESIAN_POINT('',(0.39892552705,5.87798086052));
#9838 = CARTESIAN_POINT('',(0.398922128014,5.957743051619));
#9839 = CARTESIAN_POINT('',(0.398920016559,6.037515123503));
#9840 = CARTESIAN_POINT('',(0.398919947303,6.158567507837));
#9841 = CARTESIAN_POINT('',(0.39892047612,6.199860163462));
#9842 = CARTESIAN_POINT('',(0.398921619516,6.241152541284));
#9843 = CARTESIAN_POINT('',(0.398923384085,6.282444625044));
#9844 = CARTESIAN_POINT('',(0.398925509138,6.323736618252));
#9845 = CARTESIAN_POINT('',(0.398927254969,6.365028326135));
#9846 = CARTESIAN_POINT('',(0.398927191116,6.406318537596));
#9847 = ( GEOMETRIC_REPRESENTATION_CONTEXT(2) 
PARAMETRIC_REPRESENTATION_CONTEXT() REPRESENTATION_CONTEXT('2D SPACE',''
  ) );
#9848 = ORIENTED_EDGE('',*,*,#9135,.T.);
#9849 = ORIENTED_EDGE('',*,*,#9850,.T.);
#9850 = EDGE_CURVE('',#9008,#8215,#9851,.T.);
#9851 = SURFACE_CURVE('',#9852,(#9946,#10043),.PCURVE_S1.);
#9852 = B_SPLINE_CURVE_WITH_KNOTS('',8,(#9853,#9854,#9855,#9856,#9857,
    #9858,#9859,#9860,#9861,#9862,#9863,#9864,#9865,#9866,#9867,#9868,
    #9869,#9870,#9871,#9872,#9873,#9874,#9875,#9876,#9877,#9878,#9879,
    #9880,#9881,#9882,#9883,#9884,#9885,#9886,#9887,#9888,#9889,#9890,
    #9891,#9892,#9893,#9894,#9895,#9896,#9897,#9898,#9899,#9900,#9901,
    #9902,#9903,#9904,#9905,#9906,#9907,#9908,#9909,#9910,#9911,#9912,
    #9913,#9914,#9915,#9916,#9917,#9918,#9919,#9920,#9921,#9922,#9923,
    #9924,#9925,#9926,#9927,#9928,#9929,#9930,#9931,#9932,#9933,#9934,
    #9935,#9936,#9937,#9938,#9939,#9940,#9941,#9942,#9943,#9944,#9945),
  .UNSPECIFIED.,.F.,.F.,(9,7,7,7,7,7,7,7,7,7,7,7,7,9),(0.,
    4.753846981765E-02,0.13483410904,0.226835243158,0.287766436362,
    0.381794034652,0.472795641355,0.5017979976,0.63193632818,
    0.747521801112,0.804508618554,0.868689520372,0.959170178973,1.),
  .UNSPECIFIED.);
#9853 = CARTESIAN_POINT('',(12.414,13.299547961994,9.000000312994));
#9854 = CARTESIAN_POINT('',(12.414,13.292121256319,9.127457968156));
#9855 = CARTESIAN_POINT('',(12.408561630441,13.284695445533,
    9.254916937922));
#9856 = CARTESIAN_POINT('',(12.397685032612,13.277269893002,
    9.382104419756));
#9857 = CARTESIAN_POINT('',(12.381386419745,13.269844165308,
    9.508749565619));
#9858 = CARTESIAN_POINT('',(12.359698043102,13.262418011791,
    9.634583708837));
#9859 = CARTESIAN_POINT('',(12.332668158064,13.254991344086,
    9.759340590976));
#9860 = CARTESIAN_POINT('',(12.300360990212,13.24756421566,
    9.882756588711));
#9861 = CARTESIAN_POINT('',(12.193986986489,13.226497723731,
    10.228260549638));
#9862 = CARTESIAN_POINT('',(12.107581854722,13.21285559997,
    10.446584146447));
#9863 = CARTESIAN_POINT('',(12.004140631401,13.199213522979,
    10.657892412973));
#9864 = CARTESIAN_POINT('',(11.884342740519,13.185572464342,
    10.860639660293));
#9865 = CARTESIAN_POINT('',(11.749022485489,13.171931984931,
    11.053373820176));
#9866 = CARTESIAN_POINT('',(11.599158751774,13.158291235691,
    11.234736061043));
#9867 = CARTESIAN_POINT('',(11.435879631439,13.14465024859,
    11.403470028438));
#9868 = CARTESIAN_POINT('',(11.075629851544,13.116637618687,
    11.721764772754));
#9869 = CARTESIAN_POINT('',(10.877260914713,13.10226189368,
    11.869851772517));
#9870 = CARTESIAN_POINT('',(10.666884368393,13.087887518186,
    12.001353602361));
#9871 = CARTESIAN_POINT('',(10.446131176451,13.073514468862,
    12.115151385801));
#9872 = CARTESIAN_POINT('',(10.216732416737,13.059141221306,
    12.21032540254));
#9873 = CARTESIAN_POINT('',(9.980507856711,13.044766376348,
    12.286147013178));
#9874 = CARTESIAN_POINT('',(9.73936474531,13.030390214873,
    12.342092582868));
#9875 = CARTESIAN_POINT('',(9.333670329516,13.006496439568,
    12.401580565118));
#9876 = CARTESIAN_POINT('',(9.170732483071,12.99697630794,
    12.416443004723));
#9877 = CARTESIAN_POINT('',(9.007064749571,12.987456250411,
    12.422381939939));
#9878 = CARTESIAN_POINT('',(8.843237989383,12.977936329057,
    12.419359063672));
#9879 = CARTESIAN_POINT('',(8.679821841068,12.96841640454,
    12.407379347912));
#9880 = CARTESIAN_POINT('',(8.517384010571,12.958896335038,
    12.386489955452));
#9881 = CARTESIAN_POINT('',(8.356489463919,12.949376173473,
    12.356781259967));
#9882 = CARTESIAN_POINT('',(7.952658585403,12.92516561329,
    12.259145436769));
#9883 = CARTESIAN_POINT('',(7.712573491851,12.910472397487,
    12.179210538779));
#9884 = CARTESIAN_POINT('',(7.479549729752,12.895780490824,
    12.07908149016));
#9885 = CARTESIAN_POINT('',(7.255562103832,12.881090149675,
    11.95950740955));
#9886 = CARTESIAN_POINT('',(7.042468852888,12.866399851633,
    11.821450621822));
#9887 = CARTESIAN_POINT('',(6.842011848119,12.851708051706,11.6660707916
    ));
#9888 = CARTESIAN_POINT('',(6.655802873448,12.837014954674,
    11.494732893037));
#9889 = CARTESIAN_POINT('',(6.320276346547,12.80810642637,
    11.129321129979));
#9890 = CARTESIAN_POINT('',(6.169909441312,12.793886198313,
    10.936096587402));
#9891 = CARTESIAN_POINT('',(6.035526468149,12.779666779471,
    10.730799914708));
#9892 = CARTESIAN_POINT('',(5.91824235333,12.765448431748,
    10.514986579386));
#9893 = CARTESIAN_POINT('',(5.818983462873,12.751229982856,
    10.290312060761));
#9894 = CARTESIAN_POINT('',(5.738494907929,12.737010284775,
    10.058520948445));
#9895 = CARTESIAN_POINT('',(5.677327446085,12.722789666741,9.8214460683)
  );
#9896 = CARTESIAN_POINT('',(5.622570383709,12.70403999312,9.504392713567
    ));
#9897 = CARTESIAN_POINT('',(5.61133134735,12.699508614096,9.427423168049
    ));
#9898 = CARTESIAN_POINT('',(5.60209735903,12.69497724899,9.350169789065)
  );
#9899 = CARTESIAN_POINT('',(5.594876674191,12.690445900658,
    9.272693545328));
#9900 = CARTESIAN_POINT('',(5.589675314201,12.685914571508,9.19505558456
    ));
#9901 = CARTESIAN_POINT('',(5.586497066353,12.681383263498,
    9.117317233492));
#9902 = CARTESIAN_POINT('',(5.58534348387,12.67685197814,9.039539997864)
  );
#9903 = CARTESIAN_POINT('',(5.590119522593,12.651988202091,
    8.612888654282));
#9904 = CARTESIAN_POINT('',(5.634779842943,12.631642911322,
    8.264221056921));
#9905 = CARTESIAN_POINT('',(5.720220955374,12.611305308516,
    7.921690034923));
#9906 = CARTESIAN_POINT('',(5.845337372409,12.590973455989,
    7.590827946621));
#9907 = CARTESIAN_POINT('',(6.008265181646,12.570641641607,
    7.276856076319));
#9908 = CARTESIAN_POINT('',(6.206359341283,12.550304016456,6.98464677764
    ));
#9909 = CARTESIAN_POINT('',(6.436237607878,12.529958677502,
    6.718715054172));
#9910 = CARTESIAN_POINT('',(6.921960294291,12.491567348549,
    6.273613487688));
#9911 = CARTESIAN_POINT('',(7.172251318388,12.473500904919,
    6.087861317401));
#9912 = CARTESIAN_POINT('',(7.44137495164,12.45543798104,5.928516434644)
  );
#9913 = CARTESIAN_POINT('',(7.726039017025,12.43737820179,5.79775111217)
  );
#9914 = CARTESIAN_POINT('',(8.022735967443,12.419318470425,
    5.697231715183));
#9915 = CARTESIAN_POINT('',(8.327772121275,12.401255657222,
    5.628156810507));
#9916 = CARTESIAN_POINT('',(8.637262729352,12.383189303026,
    5.591209343026));
#9917 = CARTESIAN_POINT('',(9.099896927958,12.356226967172,
    5.584043463435));
#9918 = CARTESIAN_POINT('',(9.252792554212,12.347323307029,
    5.589491202332));
#9919 = CARTESIAN_POINT('',(9.405341362912,12.338419787923,
    5.602759962352));
#9920 = CARTESIAN_POINT('',(9.557076161234,12.32951641865,5.62382350091)
  );
#9921 = CARTESIAN_POINT('',(9.707534579085,12.320613062913,
    5.652622471637));
#9922 = CARTESIAN_POINT('',(9.856259694412,12.311709584731,
    5.689064528841));
#9923 = CARTESIAN_POINT('',(10.002800658524,12.302805993849,
    5.73302443196));
#9924 = CARTESIAN_POINT('',(10.308793691947,12.283875212184,
    5.842142531003));
#9925 = CARTESIAN_POINT('',(10.467551068096,12.273847411628,
    5.909279690655));
#9926 = CARTESIAN_POINT('',(10.622348101008,12.263819750524,
    5.985529763647));
#9927 = CARTESIAN_POINT('',(10.77257553111,12.253792274545,
    6.070616599214));
#9928 = CARTESIAN_POINT('',(10.917650816359,12.243764776854,
    6.164217979872));
#9929 = CARTESIAN_POINT('',(11.057018242007,12.23373705867,
    6.265967371971));
#9930 = CARTESIAN_POINT('',(11.190150511865,12.22370918754,
    6.375453208044));
#9931 = CARTESIAN_POINT('',(11.494749281391,12.199545322878,
    6.656824594909));
#9932 = CARTESIAN_POINT('',(11.659606547268,12.185406848758,
    6.835930253757));
#9933 = CARTESIAN_POINT('',(11.809704329348,12.171269452032,
    7.028235215259));
#9934 = CARTESIAN_POINT('',(11.943823794488,12.157133489143,
    7.232306767359));
#9935 = CARTESIAN_POINT('',(12.060921631185,12.142997728174,
    7.446599328121));
#9936 = CARTESIAN_POINT('',(12.160123934293,12.128860727631,
    7.669465570059));
#9937 = CARTESIAN_POINT('',(12.240738909013,12.114722417723,
    7.89915628889));
#9938 = CARTESIAN_POINT('',(12.330062887655,12.094206707158,
    8.239697159317));
#9939 = CARTESIAN_POINT('',(12.35395715383,12.087827416406,
    8.346603780006));
#9940 = CARTESIAN_POINT('',(12.373927476291,12.081448073548,
    8.454362016896));
#9941 = CARTESIAN_POINT('',(12.389938846764,12.075068700666,
    8.562803681322));
#9942 = CARTESIAN_POINT('',(12.401964975317,12.068689320793,
    8.671759363362));
#9943 = CARTESIAN_POINT('',(12.409988300586,12.062309998444,
    8.781058537356));
#9944 = CARTESIAN_POINT('',(12.414,12.055930880145,8.890529667426));
#9945 = CARTESIAN_POINT('',(12.414,12.049552234956,9.000000312994));
#9946 = PCURVE('',#8230,#9947);
#9947 = DEFINITIONAL_REPRESENTATION('',(#9948),#10042);
#9948 = B_SPLINE_CURVE_WITH_KNOTS('',8,(#9949,#9950,#9951,#9952,#9953,
    #9954,#9955,#9956,#9957,#9958,#9959,#9960,#9961,#9962,#9963,#9964,
    #9965,#9966,#9967,#9968,#9969,#9970,#9971,#9972,#9973,#9974,#9975,
    #9976,#9977,#9978,#9979,#9980,#9981,#9982,#9983,#9984,#9985,#9986,
    #9987,#9988,#9989,#9990,#9991,#9992,#9993,#9994,#9995,#9996,#9997,
    #9998,#9999,#10000,#10001,#10002,#10003,#10004,#10005,#10006,#10007,
    #10008,#10009,#10010,#10011,#10012,#10013,#10014,#10015,#10016,
    #10017,#10018,#10019,#10020,#10021,#10022,#10023,#10024,#10025,
    #10026,#10027,#10028,#10029,#10030,#10031,#10032,#10033,#10034,
    #10035,#10036,#10037,#10038,#10039,#10040,#10041),.UNSPECIFIED.,.F.,
  .F.,(9,7,7,7,7,7,7,7,7,7,7,7,7,9),(0.,4.753846981765E-02,0.13483410904
    ,0.226835243158,0.287766436362,0.381794034652,0.472795641355,
    0.5017979976,0.63193632818,0.747521801112,0.804508618554,
    0.868689520372,0.959170178973,1.),.UNSPECIFIED.);
#9949 = CARTESIAN_POINT('',(-6.28318530718,0.614452038006));
#9950 = CARTESIAN_POINT('',(-6.24585148903,0.621878743681));
#9951 = CARTESIAN_POINT('',(-6.208517283508,0.629304554467));
#9952 = CARTESIAN_POINT('',(-6.171183308214,0.636730106998));
#9953 = CARTESIAN_POINT('',(-6.13384960382,0.644155834692));
#9954 = CARTESIAN_POINT('',(-6.096515922701,0.651581988209));
#9955 = CARTESIAN_POINT('',(-6.059182017565,0.659008655914));
#9956 = CARTESIAN_POINT('',(-6.021847930079,0.66643578434));
#9957 = CARTESIAN_POINT('',(-5.915957910215,0.687502276269));
#9958 = CARTESIAN_POINT('',(-5.847392518652,0.70114440003));
#9959 = CARTESIAN_POINT('',(-5.778831124353,0.714786477021));
#9960 = CARTESIAN_POINT('',(-5.710274720758,0.728427535658));
#9961 = CARTESIAN_POINT('',(-5.641718289137,0.742068015069));
#9962 = CARTESIAN_POINT('',(-5.573156815522,0.755708764309));
#9963 = CARTESIAN_POINT('',(-5.504591310675,0.76934975141));
#9964 = CARTESIAN_POINT('',(-5.36378295715,0.797362381313));
#9965 = CARTESIAN_POINT('',(-5.291519398468,0.81173810632));
#9966 = CARTESIAN_POINT('',(-5.219261078572,0.826112481814));
#9967 = CARTESIAN_POINT('',(-5.147009291928,0.840485531138));
#9968 = CARTESIAN_POINT('',(-5.074757518226,0.854858778694));
#9969 = CARTESIAN_POINT('',(-5.002499234516,0.869233623652));
#9970 = CARTESIAN_POINT('',(-4.930235727151,0.883609785127));
#9971 = CARTESIAN_POINT('',(-4.81013243012,0.907503560432));
#9972 = CARTESIAN_POINT('',(-4.762279430831,0.91702369206));
#9973 = CARTESIAN_POINT('',(-4.71442710396,0.926543749589));
#9974 = CARTESIAN_POINT('',(-4.666575618058,0.936063670943));
#9975 = CARTESIAN_POINT('',(-4.618724126886,0.94558359546));
#9976 = CARTESIAN_POINT('',(-4.570871784505,0.955103664962));
#9977 = CARTESIAN_POINT('',(-4.523018760472,0.964623826527));
#9978 = CARTESIAN_POINT('',(-4.401323926617,0.98883438671));
#9979 = CARTESIAN_POINT('',(-4.327467615406,1.003527602513));
#9980 = CARTESIAN_POINT('',(-4.2536171153,1.018219509176));
#9981 = CARTESIAN_POINT('',(-4.179773873451,1.032909850325));
#9982 = CARTESIAN_POINT('',(-4.105930636677,1.047600148367));
#9983 = CARTESIAN_POINT('',(-4.032080136579,1.062291948294));
#9984 = CARTESIAN_POINT('',(-3.958223813505,1.076985045326));
#9985 = CARTESIAN_POINT('',(-3.812913764572,1.10589357363));
#9986 = CARTESIAN_POINT('',(-3.741435881588,1.120113801687));
#9987 = CARTESIAN_POINT('',(-3.669962951566,1.134333220529));
#9988 = CARTESIAN_POINT('',(-3.598496195536,1.148551568252));
#9989 = CARTESIAN_POINT('',(-3.527029435271,1.162770017144));
#9990 = CARTESIAN_POINT('',(-3.455556493668,1.176989715225));
#9991 = CARTESIAN_POINT('',(-3.384078594634,1.191210333259));
#9992 = CARTESIAN_POINT('',(-3.28983516984,1.20996000688));
#9993 = CARTESIAN_POINT('',(-3.267058563588,1.214491385904));
#9994 = CARTESIAN_POINT('',(-3.24428194795,1.21902275101));
#9995 = CARTESIAN_POINT('',(-3.221505327171,1.223554099342));
#9996 = CARTESIAN_POINT('',(-3.198728705519,1.228085428492));
#9997 = CARTESIAN_POINT('',(-3.175952087286,1.232616736502));
#9998 = CARTESIAN_POINT('',(-3.153175476787,1.23714802186));
#9999 = CARTESIAN_POINT('',(-3.028196544504,1.262011797909));
#10000 = CARTESIAN_POINT('',(-2.925927831817,1.282357088678));
#10001 = CARTESIAN_POINT('',(-2.823695485486,1.302694691483));
#10002 = CARTESIAN_POINT('',(-2.721490478015,1.323026544011));
#10003 = CARTESIAN_POINT('',(-2.61928546913,1.343358358392));
#10004 = CARTESIAN_POINT('',(-2.517053177741,1.363695983544));
#10005 = CARTESIAN_POINT('',(-2.414784436138,1.384041322498));
#10006 = CARTESIAN_POINT('',(-2.221808868322,1.422432651451));
#10007 = CARTESIAN_POINT('',(-2.130998778377,1.440499095081));
#10008 = CARTESIAN_POINT('',(-2.040207867231,1.45856201896));
#10009 = CARTESIAN_POINT('',(-1.94943336074,1.47662179821));
#10010 = CARTESIAN_POINT('',(-1.858658841094,1.494681529575));
#10011 = CARTESIAN_POINT('',(-1.767867896087,1.512744342778));
#10012 = CARTESIAN_POINT('',(-1.677057765963,1.530810696974));
#10013 = CARTESIAN_POINT('',(-1.541530615259,1.557773032828));
#10014 = CARTESIAN_POINT('',(-1.496775798737,1.566676692971));
#10015 = CARTESIAN_POINT('',(-1.452021452391,1.575580212077));
#10016 = CARTESIAN_POINT('',(-1.407267693261,1.58448358135));
#10017 = CARTESIAN_POINT('',(-1.362513939332,1.593386937087));
#10018 = CARTESIAN_POINT('',(-1.317759607784,1.602290415269));
#10019 = CARTESIAN_POINT('',(-1.273004813254,1.611194006151));
#10020 = CARTESIAN_POINT('',(-1.177847552056,1.630124787816));
#10021 = CARTESIAN_POINT('',(-1.12744205863,1.640152588372));
#10022 = CARTESIAN_POINT('',(-1.07703743486,1.650180249476));
#10023 = CARTESIAN_POINT('',(-1.026633901679,1.660207725455));
#10024 = CARTESIAN_POINT('',(-0.976230363055,1.670235223146));
#10025 = CARTESIAN_POINT('',(-0.925825719934,1.68026294133));
#10026 = CARTESIAN_POINT('',(-0.875420187,1.69029081246));
#10027 = CARTESIAN_POINT('',(-0.753958890816,1.714454677122));
#10028 = CARTESIAN_POINT('',(-0.682890378627,1.728593151242));
#10029 = CARTESIAN_POINT('',(-0.611826657839,1.742730547968));
#10030 = CARTESIAN_POINT('',(-0.540768930054,1.756866510857));
#10031 = CARTESIAN_POINT('',(-0.469711216159,1.771002271826));
#10032 = CARTESIAN_POINT('',(-0.398647543997,1.785139272369));
#10033 = CARTESIAN_POINT('',(-0.32757912385,1.799277582277));
#10034 = CARTESIAN_POINT('',(-0.224456431408,1.819793292842));
#10035 = CARTESIAN_POINT('',(-0.192391153939,1.826172583594));
#10036 = CARTESIAN_POINT('',(-0.160325968441,1.832551926452));
#10037 = CARTESIAN_POINT('',(-0.128260891383,1.838931299334));
#10038 = CARTESIAN_POINT('',(-9.619580132707E-02,1.845310679207));
#10039 = CARTESIAN_POINT('',(-6.41305736829E-02,1.851690001556));
#10040 = CARTESIAN_POINT('',(-3.206521545638E-02,1.858069119855));
#10041 = CARTESIAN_POINT('',(0.,1.864447765044));
#10042 = ( GEOMETRIC_REPRESENTATION_CONTEXT(2) 
PARAMETRIC_REPRESENTATION_CONTEXT() REPRESENTATION_CONTEXT('2D SPACE',''
  ) );
#10043 = PCURVE('',#9216,#10044);
#10044 = DEFINITIONAL_REPRESENTATION('',(#10045),#10139);
#10045 = B_SPLINE_CURVE_WITH_KNOTS('',8,(#10046,#10047,#10048,#10049,
    #10050,#10051,#10052,#10053,#10054,#10055,#10056,#10057,#10058,
    #10059,#10060,#10061,#10062,#10063,#10064,#10065,#10066,#10067,
    #10068,#10069,#10070,#10071,#10072,#10073,#10074,#10075,#10076,
    #10077,#10078,#10079,#10080,#10081,#10082,#10083,#10084,#10085,
    #10086,#10087,#10088,#10089,#10090,#10091,#10092,#10093,#10094,
    #10095,#10096,#10097,#10098,#10099,#10100,#10101,#10102,#10103,
    #10104,#10105,#10106,#10107,#10108,#10109,#10110,#10111,#10112,
    #10113,#10114,#10115,#10116,#10117,#10118,#10119,#10120,#10121,
    #10122,#10123,#10124,#10125,#10126,#10127,#10128,#10129,#10130,
    #10131,#10132,#10133,#10134,#10135,#10136,#10137,#10138),
  .UNSPECIFIED.,.F.,.F.,(9,7,7,7,7,7,7,7,7,7,7,7,7,9),(0.,
    4.753846981765E-02,0.13483410904,0.226835243158,0.287766436362,
    0.381794034652,0.472795641355,0.5017979976,0.63193632818,
    0.747521801112,0.804508618554,0.868689520372,0.959170178973,1.),
  .UNSPECIFIED.);
#10046 = CARTESIAN_POINT('',(0.692833337744,0.));
#10047 = CARTESIAN_POINT('',(0.692833679522,3.806403020011E-02));
#10048 = CARTESIAN_POINT('',(0.692835966487,7.612937530235E-02));
#10049 = CARTESIAN_POINT('',(0.692838825035,0.114195091256));
#10050 = CARTESIAN_POINT('',(0.69284143602,0.152260885432));
#10051 = CARTESIAN_POINT('',(0.692843402179,0.190326817937));
#10052 = CARTESIAN_POINT('',(0.692844615562,0.228393002922));
#10053 = CARTESIAN_POINT('',(0.692845124952,0.266459309897));
#10054 = CARTESIAN_POINT('',(0.692844779893,0.374425809432));
#10055 = CARTESIAN_POINT('',(0.692842435734,0.44433539058));
#10056 = CARTESIAN_POINT('',(0.692838720469,0.514240233507));
#10057 = CARTESIAN_POINT('',(0.692834954049,0.584139484684));
#10058 = CARTESIAN_POINT('',(0.692832126167,0.654038569442));
#10059 = CARTESIAN_POINT('',(0.692830519953,0.723942861868));
#10060 = CARTESIAN_POINT('',(0.692829859951,0.793851467195));
#10061 = CARTESIAN_POINT('',(0.692830115431,0.937418565408));
#10062 = CARTESIAN_POINT('',(0.692831094707,1.01109819993));
#10063 = CARTESIAN_POINT('',(0.692832610858,1.084772828472));
#10064 = CARTESIAN_POINT('',(0.692834191175,1.158441050921));
#10065 = CARTESIAN_POINT('',(0.692835447739,1.23210937114));
#10066 = CARTESIAN_POINT('',(0.692836204304,1.305784293202));
#10067 = CARTESIAN_POINT('',(0.69283650387,1.379464401541));
#10068 = CARTESIAN_POINT('',(0.69283649237,1.501921829759));
#10069 = CARTESIAN_POINT('',(0.69283635278,1.550712714392));
#10070 = CARTESIAN_POINT('',(0.692836127714,1.599502826282));
#10071 = CARTESIAN_POINT('',(0.69283586717,1.648291993903));
#10072 = CARTESIAN_POINT('',(0.69283562069,1.697081090729));
#10073 = CARTESIAN_POINT('',(0.692835432592,1.745870997674));
#10074 = CARTESIAN_POINT('',(0.692835333337,1.794661564054));
#10075 = CARTESIAN_POINT('',(0.692835317344,1.918740620294));
#10076 = CARTESIAN_POINT('',(0.692835530053,1.99404387579));
#10077 = CARTESIAN_POINT('',(0.692836013645,2.06934124976));
#10078 = CARTESIAN_POINT('',(0.69283669678,2.144631348992));
#10079 = CARTESIAN_POINT('',(0.69283742274,2.219921614673));
#10080 = CARTESIAN_POINT('',(0.692838001474,2.295219451677));
#10081 = CARTESIAN_POINT('',(0.692838279258,2.370523343347));
#10082 = CARTESIAN_POINT('',(0.692838174403,2.518681561497));
#10083 = CARTESIAN_POINT('',(0.69283781126,2.591560514438));
#10084 = CARTESIAN_POINT('',(0.692837089743,2.664434424891));
#10085 = CARTESIAN_POINT('',(0.692836057133,2.737301985792));
#10086 = CARTESIAN_POINT('',(0.692834834974,2.810169450308));
#10087 = CARTESIAN_POINT('',(0.692833589258,2.883043100125));
#10088 = CARTESIAN_POINT('',(0.692832490595,2.955921700421));
#10089 = CARTESIAN_POINT('',(0.692831401047,3.05201184672));
#10090 = CARTESIAN_POINT('',(0.69283116521,3.075234758123));
#10091 = CARTESIAN_POINT('',(0.692830961532,3.09845767242));
#10092 = CARTESIAN_POINT('',(0.692830793819,3.121680586421));
#10093 = CARTESIAN_POINT('',(0.692830665012,3.144903497061));
#10094 = CARTESIAN_POINT('',(0.692830577183,3.168126401398));
#10095 = CARTESIAN_POINT('',(0.692830531539,3.191349296615));
#10096 = CARTESIAN_POINT('',(0.692830514418,3.318777067783));
#10097 = CARTESIAN_POINT('',(0.692831357774,3.42304964451));
#10098 = CARTESIAN_POINT('',(0.692833105056,3.527285304467));
#10099 = CARTESIAN_POINT('',(0.692835414425,3.631493331236));
#10100 = CARTESIAN_POINT('',(0.692837780951,3.735701682118));
#10101 = CARTESIAN_POINT('',(0.692839382419,3.839937988016));
#10102 = CARTESIAN_POINT('',(0.692840087183,3.944211387079));
#10103 = CARTESIAN_POINT('',(0.692839950242,4.140969267111));
#10104 = CARTESIAN_POINT('',(0.692839278424,4.23355907648));
#10105 = CARTESIAN_POINT('',(0.69283806723,4.326129092708));
#10106 = CARTESIAN_POINT('',(0.692836676075,4.4186821015));
#10107 = CARTESIAN_POINT('',(0.692835452026,4.511234939753));
#10108 = CARTESIAN_POINT('',(0.69283463827,4.603804531878));
#10109 = CARTESIAN_POINT('',(0.692834337343,4.696393868448));
#10110 = CARTESIAN_POINT('',(0.692834388667,4.83457674257));
#10111 = CARTESIAN_POINT('',(0.692834484646,4.880208616008));
#10112 = CARTESIAN_POINT('',(0.692834649039,4.925840083546));
#10113 = CARTESIAN_POINT('',(0.692834847933,4.971471028968));
#10114 = CARTESIAN_POINT('',(0.69283503734,5.017102041405));
#10115 = CARTESIAN_POINT('',(0.692835176414,5.06273370283));
#10116 = CARTESIAN_POINT('',(0.69283524067,5.108365875552));
#10117 = CARTESIAN_POINT('',(0.692835229054,5.205388630587));
#10118 = CARTESIAN_POINT('',(0.69283513048,5.256782302737));
#10119 = CARTESIAN_POINT('',(0.692834935345,5.30817506383));
#10120 = CARTESIAN_POINT('',(0.692834660659,5.359566643371));
#10121 = CARTESIAN_POINT('',(0.692834349874,5.410958116526));
#10122 = CARTESIAN_POINT('',(0.69283406939,5.462350574263));
#10123 = CARTESIAN_POINT('',(0.692833896251,5.513743789807));
#10124 = CARTESIAN_POINT('',(0.692833898195,5.637584779765));
#10125 = CARTESIAN_POINT('',(0.692834267351,5.710045427115));
#10126 = CARTESIAN_POINT('',(0.692835084475,5.78250099449));
#10127 = CARTESIAN_POINT('',(0.692836642127,5.854950420378));
#10128 = CARTESIAN_POINT('',(0.692838809561,5.927400106273));
#10129 = CARTESIAN_POINT('',(0.692840891252,5.99985647892));
#10130 = CARTESIAN_POINT('',(0.692841979837,6.072318419251));
#10131 = CARTESIAN_POINT('',(0.692841723929,6.177463473759));
#10132 = CARTESIAN_POINT('',(0.692841390025,6.210157634883));
#10133 = CARTESIAN_POINT('',(0.692840792473,6.242851702996));
#10134 = CARTESIAN_POINT('',(0.692839950069,6.275545590607));
#10135 = CARTESIAN_POINT('',(0.692838948727,6.308239321296));
#10136 = CARTESIAN_POINT('',(0.692837980481,6.340932889904));
#10137 = CARTESIAN_POINT('',(0.69283738249,6.373626122706));
#10138 = CARTESIAN_POINT('',(0.692837676038,6.406318537596));
#10139 = ( GEOMETRIC_REPRESENTATION_CONTEXT(2) 
PARAMETRIC_REPRESENTATION_CONTEXT() REPRESENTATION_CONTEXT('2D SPACE',''
  ) );
#10140 = ORIENTED_EDGE('',*,*,#8214,.F.);
#10141 = ADVANCED_FACE('',(#10142),#8799,.F.);
#10142 = FACE_BOUND('',#10143,.F.);
#10143 = EDGE_LOOP('',(#10144,#10193,#10194,#10195));
#10144 = ORIENTED_EDGE('',*,*,#10145,.F.);
#10145 = EDGE_CURVE('',#8734,#9291,#10146,.T.);
#10146 = SURFACE_CURVE('',#10147,(#10179,#10186),.PCURVE_S1.);
#10147 = B_SPLINE_CURVE_WITH_KNOTS('',9,(#10148,#10149,#10150,#10151,
    #10152,#10153,#10154,#10155,#10156,#10157,#10158,#10159,#10160,
    #10161,#10162,#10163,#10164,#10165,#10166,#10167,#10168,#10169,
    #10170,#10171,#10172,#10173,#10174,#10175,#10176,#10177,#10178),
  .UNSPECIFIED.,.F.,.F.,(10,7,7,7,10),(0.,1.601579642188,3.203159284377,
    4.804738926565,6.406318568754),.UNSPECIFIED.);
#10148 = CARTESIAN_POINT('',(13.014003915265,14.046874899755,
    8.999999995014));
#10149 = CARTESIAN_POINT('',(13.014004665614,14.012152658341,
    9.700575484252));
#10150 = CARTESIAN_POINT('',(12.876480905345,13.977430324439,
    10.401147632571));
#10151 = CARTESIAN_POINT('',(12.60132772179,13.942708216596,
    11.070865759384));
#10152 = CARTESIAN_POINT('',(12.196723495673,13.907986050721,
    11.678831470448));
#10153 = CARTESIAN_POINT('',(11.678820966957,13.873263799535,
    12.196739322785));
#10154 = CARTESIAN_POINT('',(11.07085662157,13.838541548523,
    12.6013305746));
#10155 = CARTESIAN_POINT('',(10.40115473326,13.803819306338,
    12.876446731539));
#10156 = CARTESIAN_POINT('',(9.000007456408,13.734374852202,
    13.151563152632));
#10157 = CARTESIAN_POINT('',(7.598848941999,13.664930431846,
    12.876447792359));
#10158 = CARTESIAN_POINT('',(6.929136283339,13.630208224719,
    12.601332486558));
#10159 = CARTESIAN_POINT('',(6.321158397281,13.595486003495,
    12.196738276724));
#10160 = CARTESIAN_POINT('',(5.803255273751,13.560763769512,
    11.678833649765));
#10161 = CARTESIAN_POINT('',(5.398665741575,13.526041536809,
    11.07085873788));
#10162 = CARTESIAN_POINT('',(5.12355486634,13.4913193139,10.401151252985
    ));
#10163 = CARTESIAN_POINT('',(4.848443750911,13.42187487469,
    8.999999971927));
#10164 = CARTESIAN_POINT('',(5.12355528049,13.352430435479,
    7.598848772187));
#10165 = CARTESIAN_POINT('',(5.398666150938,13.31770821257,
    6.929141416404));
#10166 = CARTESIAN_POINT('',(5.803254681293,13.282985979868,
    6.321166289691));
#10167 = CARTESIAN_POINT('',(6.32115730953,13.248263745883,
    5.803260825054));
#10168 = CARTESIAN_POINT('',(6.929135756043,13.21354152466,
    5.398666293229));
#10169 = CARTESIAN_POINT('',(7.598848842062,13.178819317534,
    5.123552136421));
#10170 = CARTESIAN_POINT('',(9.000007463668,13.109374897176,
    4.848438565953));
#10171 = CARTESIAN_POINT('',(10.401154633323,13.03993044304,
    5.123554289152));
#10172 = CARTESIAN_POINT('',(11.070856934254,13.005208200877,
    5.398668917356));
#10173 = CARTESIAN_POINT('',(11.678821100746,12.970485949785,
    5.80325839038));
#10174 = CARTESIAN_POINT('',(12.19672868535,12.935763698732,
    6.321163389797));
#10175 = CARTESIAN_POINT('',(12.601328833282,12.901041532732,
    6.929138351652));
#10176 = CARTESIAN_POINT('',(12.876472704286,12.866319424954,
    7.598852649648));
#10177 = CARTESIAN_POINT('',(13.014005122113,12.831597091039,
    8.299424503283));
#10178 = CARTESIAN_POINT('',(13.014005872897,12.796874849622,
    8.999999992521));
#10179 = PCURVE('',#8799,#10180);
#10180 = DEFINITIONAL_REPRESENTATION('',(#10181),#10185);
#10181 = LINE('',#10182,#10183);
#10182 = CARTESIAN_POINT('',(0.,0.));
#10183 = VECTOR('',#10184,1.);
#10184 = DIRECTION('',(0.,1.));
#10185 = ( GEOMETRIC_REPRESENTATION_CONTEXT(2) 
PARAMETRIC_REPRESENTATION_CONTEXT() REPRESENTATION_CONTEXT('2D SPACE',''
  ) );
#10186 = PCURVE('',#8867,#10187);
#10187 = DEFINITIONAL_REPRESENTATION('',(#10188),#10192);
#10188 = LINE('',#10189,#10190);
#10189 = CARTESIAN_POINT('',(1.09175,0.));
#10190 = VECTOR('',#10191,1.);
#10191 = DIRECTION('',(0.,1.));
#10192 = ( GEOMETRIC_REPRESENTATION_CONTEXT(2) 
PARAMETRIC_REPRESENTATION_CONTEXT() REPRESENTATION_CONTEXT('2D SPACE',''
  ) );
#10193 = ORIENTED_EDGE('',*,*,#8786,.T.);
#10194 = ORIENTED_EDGE('',*,*,#9159,.T.);
#10195 = ORIENTED_EDGE('',*,*,#10196,.F.);
#10196 = EDGE_CURVE('',#9291,#9160,#10197,.T.);
#10197 = SURFACE_CURVE('',#10198,(#10201,#10208),.PCURVE_S1.);
#10198 = B_SPLINE_CURVE_WITH_KNOTS('',1,(#10199,#10200),.UNSPECIFIED.,
  .F.,.F.,(2,2),(0.,0.15625),.PIECEWISE_BEZIER_KNOTS.);
#10199 = CARTESIAN_POINT('',(13.014005872897,12.796874849622,
    8.999999992521));
#10200 = CARTESIAN_POINT('',(13.014007550868,12.953124849613,
    8.99999999252));
#10201 = PCURVE('',#8799,#10202);
#10202 = DEFINITIONAL_REPRESENTATION('',(#10203),#10207);
#10203 = LINE('',#10204,#10205);
#10204 = CARTESIAN_POINT('',(0.,6.406318568754));
#10205 = VECTOR('',#10206,1.);
#10206 = DIRECTION('',(1.,0.));
#10207 = ( GEOMETRIC_REPRESENTATION_CONTEXT(2) 
PARAMETRIC_REPRESENTATION_CONTEXT() REPRESENTATION_CONTEXT('2D SPACE',''
  ) );
#10208 = PCURVE('',#9356,#10209);
#10209 = DEFINITIONAL_REPRESENTATION('',(#10210),#10214);
#10210 = LINE('',#10211,#10212);
#10211 = CARTESIAN_POINT('',(0.,0.));
#10212 = VECTOR('',#10213,1.);
#10213 = DIRECTION('',(1.,0.));
#10214 = ( GEOMETRIC_REPRESENTATION_CONTEXT(2) 
PARAMETRIC_REPRESENTATION_CONTEXT() REPRESENTATION_CONTEXT('2D SPACE',''
  ) );
#10215 = ADVANCED_FACE('',(#10216),#8867,.F.);
#10216 = FACE_BOUND('',#10217,.F.);
#10217 = EDGE_LOOP('',(#10218,#10219,#10220,#10221));
#10218 = ORIENTED_EDGE('',*,*,#9597,.F.);
#10219 = ORIENTED_EDGE('',*,*,#8852,.T.);
#10220 = ORIENTED_EDGE('',*,*,#10145,.T.);
#10221 = ORIENTED_EDGE('',*,*,#9290,.F.);
#10222 = ADVANCED_FACE('',(#10223),#9216,.F.);
#10223 = FACE_BOUND('',#10224,.F.);
#10224 = EDGE_LOOP('',(#10225,#10264,#10265,#10266));
#10225 = ORIENTED_EDGE('',*,*,#10226,.F.);
#10226 = EDGE_CURVE('',#9160,#9545,#10227,.T.);
#10227 = SURFACE_CURVE('',#10228,(#10250,#10257),.PCURVE_S1.);
#10228 = B_SPLINE_CURVE_WITH_KNOTS('',11,(#10229,#10230,#10231,#10232,
    #10233,#10234,#10235,#10236,#10237,#10238,#10239,#10240,#10241,
    #10242,#10243,#10244,#10245,#10246,#10247,#10248,#10249),
  .UNSPECIFIED.,.F.,.F.,(12,9,12),(0.,3.203159284377,6.406318568754),
  .UNSPECIFIED.);
#10229 = CARTESIAN_POINT('',(13.014007550868,12.953124849613,
    8.99999999252));
#10230 = CARTESIAN_POINT('',(13.014009129831,12.896306636382,
    10.146397365594));
#10231 = CARTESIAN_POINT('',(12.653948861085,12.839488180937,
    11.292786102881));
#10232 = CARTESIAN_POINT('',(11.933380994371,12.782670793552,
    12.313521441634));
#10233 = CARTESIAN_POINT('',(10.902540759467,12.725851993444,
    13.082646344228));
#10234 = CARTESIAN_POINT('',(9.659378329451,12.669033532718,
    13.497063718908));
#10235 = CARTESIAN_POINT('',(8.340651474031,12.612215990701,
    13.496941679313));
#10236 = CARTESIAN_POINT('',(7.097525044585,12.555397526611,
    13.082742889463));
#10237 = CARTESIAN_POINT('',(6.066431831062,12.498579385971,
    12.313474875795));
#10238 = CARTESIAN_POINT('',(5.346141144201,12.441761179611,
    11.292795234323));
#10239 = CARTESIAN_POINT('',(4.625849414339,12.328124824541,
    8.999999922389));
#10240 = CARTESIAN_POINT('',(5.346142014714,12.214488469472,
    6.70720488393));
#10241 = CARTESIAN_POINT('',(6.066435869159,12.157670263144,
    5.686520967113));
#10242 = CARTESIAN_POINT('',(7.097500836504,12.100852122309,
    4.917282028081));
#10243 = CARTESIAN_POINT('',(8.34068357355,12.044033658741,
    4.502976452364));
#10244 = CARTESIAN_POINT('',(9.659373691815,11.987216115882,
    4.503062704158));
#10245 = CARTESIAN_POINT('',(10.902498579441,11.930397656039,
    4.917267411719));
#10246 = CARTESIAN_POINT('',(11.933440241158,11.873578855329,
    5.686498206893));
#10247 = CARTESIAN_POINT('',(12.653920970571,11.816761468189,
    6.70721487177));
#10248 = CARTESIAN_POINT('',(13.01400848815,11.759943012704,
    7.853602616953));
#10249 = CARTESIAN_POINT('',(13.014010067824,11.703124799466,
    8.999999990026));
#10250 = PCURVE('',#9216,#10251);
#10251 = DEFINITIONAL_REPRESENTATION('',(#10252),#10256);
#10252 = LINE('',#10253,#10254);
#10253 = CARTESIAN_POINT('',(0.,0.));
#10254 = VECTOR('',#10255,1.);
#10255 = DIRECTION('',(0.,1.));
#10256 = ( GEOMETRIC_REPRESENTATION_CONTEXT(2) 
PARAMETRIC_REPRESENTATION_CONTEXT() REPRESENTATION_CONTEXT('2D SPACE',''
  ) );
#10257 = PCURVE('',#9356,#10258);
#10258 = DEFINITIONAL_REPRESENTATION('',(#10259),#10263);
#10259 = LINE('',#10260,#10261);
#10260 = CARTESIAN_POINT('',(0.15625,0.));
#10261 = VECTOR('',#10262,1.);
#10262 = DIRECTION('',(0.,1.));
#10263 = ( GEOMETRIC_REPRESENTATION_CONTEXT(2) 
PARAMETRIC_REPRESENTATION_CONTEXT() REPRESENTATION_CONTEXT('2D SPACE',''
  ) );
#10264 = ORIENTED_EDGE('',*,*,#9203,.T.);
#10265 = ORIENTED_EDGE('',*,*,#9850,.T.);
#10266 = ORIENTED_EDGE('',*,*,#9572,.F.);
#10267 = ADVANCED_FACE('',(#10268),#9356,.F.);
#10268 = FACE_BOUND('',#10269,.F.);
#10269 = EDGE_LOOP('',(#10270,#10271,#10272,#10273));
#10270 = ORIENTED_EDGE('',*,*,#9312,.F.);
#10271 = ORIENTED_EDGE('',*,*,#10196,.T.);
#10272 = ORIENTED_EDGE('',*,*,#10226,.T.);
#10273 = ORIENTED_EDGE('',*,*,#10274,.F.);
#10274 = EDGE_CURVE('',#9313,#9545,#10275,.T.);
#10275 = SURFACE_CURVE('',#10276,(#10279,#10286),.PCURVE_S1.);
#10276 = B_SPLINE_CURVE_WITH_KNOTS('',1,(#10277,#10278),.UNSPECIFIED.,
  .F.,.F.,(2,2),(0.,0.15625),.PIECEWISE_BEZIER_KNOTS.);
#10277 = CARTESIAN_POINT('',(13.01400783053,11.546874799482,
    8.999999990027));
#10278 = CARTESIAN_POINT('',(13.014010067824,11.703124799466,
    8.999999990026));
#10279 = PCURVE('',#9356,#10280);
#10280 = DEFINITIONAL_REPRESENTATION('',(#10281),#10285);
#10281 = LINE('',#10282,#10283);
#10282 = CARTESIAN_POINT('',(0.,6.406318568754));
#10283 = VECTOR('',#10284,1.);
#10284 = DIRECTION('',(1.,0.));
#10285 = ( GEOMETRIC_REPRESENTATION_CONTEXT(2) 
PARAMETRIC_REPRESENTATION_CONTEXT() REPRESENTATION_CONTEXT('2D SPACE',''
  ) );
#10286 = PCURVE('',#9453,#10287);
#10287 = DEFINITIONAL_REPRESENTATION('',(#10288),#10292);
#10288 = LINE('',#10289,#10290);
#10289 = CARTESIAN_POINT('',(0.,0.));
#10290 = VECTOR('',#10291,1.);
#10291 = DIRECTION('',(1.,0.));
#10292 = ( GEOMETRIC_REPRESENTATION_CONTEXT(2) 
PARAMETRIC_REPRESENTATION_CONTEXT() REPRESENTATION_CONTEXT('2D SPACE',''
  ) );
#10293 = ADVANCED_FACE('',(#10294),#9453,.F.);
#10294 = FACE_BOUND('',#10295,.F.);
#10295 = EDGE_LOOP('',(#10296,#10297,#10298,#10299));
#10296 = ORIENTED_EDGE('',*,*,#9431,.F.);
#10297 = ORIENTED_EDGE('',*,*,#10274,.T.);
#10298 = ORIENTED_EDGE('',*,*,#9544,.T.);
#10299 = ORIENTED_EDGE('',*,*,#9501,.F.);
#10300 = ( GEOMETRIC_REPRESENTATION_CONTEXT(3) 
GLOBAL_UNCERTAINTY_ASSIGNED_CONTEXT((#10304)) 
GLOBAL_UNIT_ASSIGNED_CONTEXT((#10301,#10302,#10303)) 
REPRESENTATION_CONTEXT('Context #1',
  '3D Context with UNIT and UNCERTAINTY') );
#10301 = ( LENGTH_UNIT() NAMED_UNIT(*) SI_UNIT(.MILLI.,.METRE.) );
#10302 = ( NAMED_UNIT(*) PLANE_ANGLE_UNIT() SI_UNIT($,.RADIAN.) );
#10303 = ( NAMED_UNIT(*) SI_UNIT($,.STERADIAN.) SOLID_ANGLE_UNIT() );
#10304 = UNCERTAINTY_MEASURE_WITH_UNIT(LENGTH_MEASURE(2.E-06),#10301,
  'distance_accuracy_value','confusion accuracy');
#10305 = PRODUCT_RELATED_PRODUCT_CATEGORY('part',$,(#7));
#10306 = MECHANICAL_DESIGN_GEOMETRIC_PRESENTATION_REPRESENTATION('',(
    #10307),#10300);
#10307 = STYLED_ITEM('color',(#10308),#15);
#10308 = PRESENTATION_STYLE_ASSIGNMENT((#10309,#10315));
#10309 = SURFACE_STYLE_USAGE(.BOTH.,#10310);
#10310 = SURFACE_SIDE_STYLE('',(#10311));
#10311 = SURFACE_STYLE_FILL_AREA(#10312);
#10312 = FILL_AREA_STYLE('',(#10313));
#10313 = FILL_AREA_STYLE_COLOUR('',#10314);
#10314 = COLOUR_RGB('',0.447058818107,0.474509808674,0.501960817233);
#10315 = CURVE_STYLE('',#10316,POSITIVE_LENGTH_MEASURE(0.1),#10317);
#10316 = DRAUGHTING_PRE_DEFINED_CURVE_FONT('continuous');
#10317 = COLOUR_RGB('',9.803921802644E-02,9.803921802644E-02,
  9.803921802644E-02);
ENDSEC;
END-ISO-10303-21;
